lead_id,source,industry,company_size,job_title_seniority,email_opens_30d,site_visits_30d,avg_pages_per_visit,demo_requested,budget_confirmed,days_to_first_response,converted
LEAD-00001,Website form,Manufacturing,51-200,IC,0,3,8.3,0,0,0.8,0
LEAD-00002,Referral,SaaS,51-200,Director,2,3,6.5,0,0,3.0,0
LEAD-00003,Referral,Manufacturing,51-200,IC,4,2,2.7,0,0,0.7,0
LEAD-00004,Referral,Manufacturing,1-10,Manager,1,5,1.8,0,0,0.8,0
LEAD-00005,Webinar,Retail,51-200,Manager,2,5,4.1,0,0,0.1,0
LEAD-00006,Cold outbound,Manufacturing,1000+,VP/C-level,3,4,1.0,1,0,3.2,0
LEAD-00007,Content download,SaaS,11-50,IC,6,3,1.5,0,0,3.5,1
LEAD-00008,Webinar,Education,1-10,Director,6,5,8.5,1,1,1.6,1
LEAD-00009,Paid ad,Manufacturing,1000+,Director,0,3,1.7,1,0,3.9,0
LEAD-00010,Referral,Healthcare,51-200,Manager,2,4,0.9,0,0,2.8,1
LEAD-00011,Cold outbound,Manufacturing,1-10,IC,3,3,2.1,0,0,3.6,0
LEAD-00012,Website form,Finance,51-200,Director,3,2,3.0,0,0,0.3,1
LEAD-00013,Referral,Healthcare,1000+,IC,5,5,2.5,0,1,2.6,0
LEAD-00014,Website form,Healthcare,1-10,IC,2,4,0.6,0,0,0.1,0
LEAD-00015,Webinar,Manufacturing,201-1000,Director,3,1,6.3,0,0,0.7,0
LEAD-00016,Website form,Healthcare,51-200,VP/C-level,3,5,3.9,0,1,0.4,0
LEAD-00017,Website form,Healthcare,1-10,IC,6,4,1.8,0,0,6.4,0
LEAD-00018,Website form,Manufacturing,1-10,Director,0,6,1.9,0,0,1.8,0
LEAD-00019,Referral,Manufacturing,1000+,IC,2,4,3.0,0,0,9.2,0
LEAD-00020,Content download,Education,11-50,IC,5,8,0.7,0,0,1.3,0
LEAD-00021,Content download,Healthcare,11-50,Manager,2,5,0.6,1,0,2.9,0
LEAD-00022,Paid ad,Manufacturing,51-200,VP/C-level,3,8,0.9,0,0,3.2,0
LEAD-00023,Content download,SaaS,11-50,IC,3,5,1.8,1,0,0.3,0
LEAD-00024,Cold outbound,Manufacturing,1-10,Manager,4,4,0.1,0,0,5.0,0
LEAD-00025,Referral,Healthcare,1-10,VP/C-level,2,4,1.4,1,0,0.0,1
LEAD-00026,Website form,Education,11-50,IC,3,8,2.3,1,0,0.2,1
LEAD-00027,Website form,Finance,51-200,Director,3,2,4.1,0,1,4.1,0
LEAD-00028,Webinar,Healthcare,51-200,Manager,5,0,1.3,0,0,4.8,1
LEAD-00029,Content download,Education,11-50,IC,2,6,1.0,0,0,1.6,0
LEAD-00030,Cold outbound,Finance,1-10,Manager,5,2,0.2,0,0,1.5,0
LEAD-00031,Referral,Finance,51-200,IC,0,5,7.1,0,1,3.6,1
LEAD-00032,Cold outbound,Healthcare,1-10,IC,0,4,1.3,0,0,9.3,0
LEAD-00033,Website form,Finance,51-200,Manager,4,3,3.2,1,0,2.5,1
LEAD-00034,Webinar,Healthcare,11-50,VP/C-level,2,7,1.8,0,1,0.2,1
LEAD-00035,Content download,Education,11-50,Director,2,1,2.1,0,0,1.8,0
LEAD-00036,Cold outbound,Manufacturing,11-50,Manager,5,5,1.2,0,1,1.0,0
LEAD-00037,Webinar,Retail,1-10,IC,1,0,4.2,0,0,4.9,0
LEAD-00038,Paid ad,Education,1-10,IC,3,4,0.9,0,0,2.0,0
LEAD-00039,Website form,Manufacturing,51-200,VP/C-level,2,3,0.8,1,0,3.4,1
LEAD-00040,Paid ad,SaaS,1-10,VP/C-level,6,5,0.8,0,0,1.1,1
LEAD-00041,Cold outbound,Manufacturing,1-10,IC,3,8,1.1,1,0,0.3,0
LEAD-00042,Website form,Education,1-10,IC,2,8,8.8,0,1,0.2,0
LEAD-00043,Cold outbound,SaaS,201-1000,Director,3,5,1.9,1,0,8.2,0
LEAD-00044,Content download,Healthcare,51-200,IC,2,5,3.0,0,0,2.5,0
LEAD-00045,Cold outbound,Finance,11-50,Manager,1,0,3.3,1,0,3.7,0
LEAD-00046,Webinar,Healthcare,11-50,Manager,5,1,1.7,0,0,1.7,0
LEAD-00047,Website form,SaaS,51-200,Director,1,3,2.0,1,0,3.4,1
LEAD-00048,Content download,SaaS,1-10,IC,2,6,0.8,0,0,3.4,0
LEAD-00049,Cold outbound,Education,51-200,VP/C-level,3,8,4.1,0,0,0.7,0
LEAD-00050,Cold outbound,Retail,1-10,IC,0,2,9.2,0,0,3.2,0
LEAD-00051,Referral,Healthcare,51-200,IC,2,3,2.5,1,0,1.7,1
LEAD-00052,Referral,Education,1000+,Manager,1,8,2.5,0,0,0.4,0
LEAD-00053,Referral,Education,51-200,Manager,2,1,3.7,0,0,1.5,0
LEAD-00054,Content download,SaaS,1-10,Manager,1,3,1.3,1,0,4.7,0
LEAD-00055,Content download,SaaS,11-50,IC,4,6,1.1,1,0,4.2,0
LEAD-00056,Webinar,Healthcare,11-50,Manager,2,5,5.2,0,1,2.0,1
LEAD-00057,Paid ad,SaaS,201-1000,Manager,5,4,2.1,0,0,0.4,0
LEAD-00058,Content download,Manufacturing,1-10,IC,2,4,0.2,0,0,0.3,0
LEAD-00059,Content download,Finance,1-10,IC,3,1,6.6,1,0,0.7,0
LEAD-00060,Website form,SaaS,1-10,IC,4,3,8.7,0,1,1.7,0
LEAD-00061,Content download,Healthcare,11-50,IC,6,7,0.5,0,0,15.3,0
LEAD-00062,Website form,Education,201-1000,Manager,1,5,2.6,1,0,1.6,1
LEAD-00063,Referral,Healthcare,11-50,IC,5,6,1.9,0,0,0.5,0
LEAD-00064,Content download,Retail,51-200,Director,1,1,1.3,0,0,3.3,0
LEAD-00065,Website form,Manufacturing,1-10,Manager,2,2,4.9,0,1,0.2,0
LEAD-00066,Cold outbound,SaaS,1-10,Manager,2,3,2.4,0,0,9.1,0
LEAD-00067,Cold outbound,Finance,11-50,Manager,4,4,4.0,0,0,4.2,1
LEAD-00068,Content download,Finance,51-200,Director,4,8,2.4,0,1,0.3,0
LEAD-00069,Website form,Manufacturing,51-200,VP/C-level,3,6,0.8,1,1,1.4,1
LEAD-00070,Webinar,Education,11-50,IC,4,3,1.1,0,0,2.6,0
LEAD-00071,Website form,Finance,1-10,Director,6,5,4.2,0,1,2.6,0
LEAD-00072,Cold outbound,Manufacturing,1-10,Manager,5,5,2.9,0,0,0.9,0
LEAD-00073,Website form,Finance,11-50,Manager,3,5,2.8,0,0,1.9,0
LEAD-00074,Webinar,Education,1-10,VP/C-level,6,9,6.1,0,0,2.1,0
LEAD-00075,Website form,Healthcare,51-200,Director,2,8,5.6,0,0,1.2,0
LEAD-00076,Cold outbound,Healthcare,201-1000,IC,1,6,0.6,0,0,1.7,0
LEAD-00077,Referral,Healthcare,51-200,Manager,5,1,4.2,1,0,0.7,0
LEAD-00078,Website form,Manufacturing,1-10,Manager,2,4,3.4,0,0,2.4,0
LEAD-00079,Website form,Retail,51-200,IC,3,3,6.3,0,1,4.5,1
LEAD-00080,Webinar,SaaS,1-10,IC,2,4,3.3,0,0,5.1,0
LEAD-00081,Content download,Retail,1-10,IC,2,2,0.8,0,0,2.6,0
LEAD-00082,Website form,Manufacturing,51-200,Manager,2,3,0.8,0,0,4.3,0
LEAD-00083,Webinar,Education,11-50,Manager,2,7,2.2,0,0,1.3,0
LEAD-00084,Content download,Healthcare,201-1000,IC,3,7,7.2,0,0,1.3,0
LEAD-00085,Website form,SaaS,51-200,VP/C-level,5,1,2.5,0,0,4.6,1
LEAD-00086,Referral,Retail,51-200,IC,7,6,2.9,0,0,3.4,0
LEAD-00087,Cold outbound,Education,51-200,Manager,10,2,0.5,0,0,5.1,0
LEAD-00088,Website form,Retail,201-1000,Manager,4,5,4.0,0,0,1.9,1
LEAD-00089,Paid ad,Healthcare,201-1000,Manager,3,4,5.7,0,0,2.6,0
LEAD-00090,Cold outbound,Healthcare,1-10,Director,4,4,3.3,1,0,0.2,0
LEAD-00091,Website form,SaaS,1000+,VP/C-level,2,5,0.3,0,0,1.3,0
LEAD-00092,Website form,Retail,11-50,Director,5,5,1.1,0,0,5.6,0
LEAD-00093,Webinar,Retail,1-10,Manager,1,5,1.1,0,0,0.5,0
LEAD-00094,Referral,Healthcare,201-1000,Director,5,3,0.6,0,0,6.7,0
LEAD-00095,Website form,Manufacturing,201-1000,Manager,2,4,1.3,1,0,0.3,0
LEAD-00096,Referral,Manufacturing,51-200,IC,1,8,0.8,1,1,2.1,1
LEAD-00097,Website form,Retail,51-200,IC,4,4,2.0,1,0,0.1,0
LEAD-00098,Website form,Healthcare,1-10,Manager,3,6,2.3,0,0,0.3,0
LEAD-00099,Content download,Manufacturing,1-10,IC,1,7,8.6,0,0,3.3,0
LEAD-00100,Content download,SaaS,51-200,Manager,1,5,7.5,0,0,5.4,0
LEAD-00101,Paid ad,SaaS,1000+,Manager,4,2,2.2,0,0,7.7,0
LEAD-00102,Website form,Education,1-10,VP/C-level,4,3,2.6,0,0,2.3,0
LEAD-00103,Webinar,Healthcare,51-200,IC,2,1,4.4,0,0,0.0,1
LEAD-00104,Cold outbound,SaaS,1-10,IC,1,11,1.4,0,1,2.4,0
LEAD-00105,Webinar,Healthcare,51-200,Manager,6,3,2.1,1,0,0.4,0
LEAD-00106,Content download,Education,11-50,Director,1,4,5.4,0,0,1.5,0
LEAD-00107,Cold outbound,Retail,1-10,IC,4,3,3.7,0,0,0.0,0
LEAD-00108,Cold outbound,Retail,1-10,Manager,3,2,1.3,0,0,2.3,0
LEAD-00109,Paid ad,Healthcare,11-50,Manager,1,5,2.7,1,0,0.9,0
LEAD-00110,Website form,SaaS,11-50,Manager,3,2,1.6,0,0,6.5,0
LEAD-00111,Webinar,Retail,51-200,Manager,5,6,3.7,1,0,3.6,1
LEAD-00112,Website form,Retail,11-50,Director,2,3,2.7,0,0,5.0,0
LEAD-00113,Cold outbound,Education,11-50,Manager,5,2,3.7,0,0,2.6,1
LEAD-00114,Webinar,Healthcare,11-50,Manager,5,5,1.8,0,0,1.3,0
LEAD-00115,Cold outbound,Healthcare,51-200,Director,2,5,2.3,0,1,1.0,0
LEAD-00116,Referral,Manufacturing,1-10,Director,3,1,2.4,0,0,3.1,1
LEAD-00117,Cold outbound,Finance,11-50,Manager,3,5,2.0,0,0,3.1,0
LEAD-00118,Website form,Retail,11-50,Manager,1,2,2.6,0,0,1.5,0
LEAD-00119,Cold outbound,SaaS,1-10,IC,4,6,6.0,0,0,2.0,0
LEAD-00120,Cold outbound,Retail,51-200,IC,0,4,5.4,1,0,3.1,0
LEAD-00121,Cold outbound,Education,51-200,Director,3,9,1.4,1,0,5.7,0
LEAD-00122,Content download,Manufacturing,1000+,IC,4,3,2.4,0,0,1.1,1
LEAD-00123,Webinar,Education,1-10,VP/C-level,2,2,5.1,0,1,1.0,0
LEAD-00124,Website form,Manufacturing,11-50,Director,1,7,4.5,1,0,7.0,1
LEAD-00125,Website form,Healthcare,201-1000,IC,3,7,3.2,0,0,3.6,0
LEAD-00126,Paid ad,Finance,201-1000,VP/C-level,0,5,1.9,0,0,4.2,0
LEAD-00127,Content download,Education,51-200,Director,4,8,3.7,0,0,0.4,1
LEAD-00128,Cold outbound,Education,11-50,Manager,2,4,3.3,0,0,5.3,0
LEAD-00129,Content download,Retail,51-200,Manager,2,5,0.9,1,1,2.2,0
LEAD-00130,Cold outbound,SaaS,11-50,Manager,4,4,1.1,0,1,1.8,0
LEAD-00131,Content download,Education,11-50,Director,2,3,1.8,0,1,6.9,0
LEAD-00132,Cold outbound,Education,51-200,IC,2,4,0.3,0,0,6.0,0
LEAD-00133,Referral,Finance,201-1000,IC,7,3,3.3,0,0,1.5,1
LEAD-00134,Website form,Retail,1-10,IC,3,9,1.8,0,0,7.1,0
LEAD-00135,Content download,Education,51-200,IC,4,1,0.8,0,0,0.3,0
LEAD-00136,Webinar,SaaS,201-1000,Manager,7,4,3.5,1,0,0.2,1
LEAD-00137,Cold outbound,Finance,11-50,VP/C-level,2,4,3.5,0,0,0.2,0
LEAD-00138,Referral,SaaS,1-10,IC,3,6,0.2,1,0,1.7,1
LEAD-00139,Paid ad,Finance,11-50,IC,3,6,1.6,0,0,5.7,0
LEAD-00140,Referral,Manufacturing,1-10,VP/C-level,1,4,2.4,1,0,2.9,0
LEAD-00141,Website form,SaaS,51-200,Manager,0,2,3.0,0,0,3.2,0
LEAD-00142,Content download,Healthcare,11-50,IC,1,8,3.3,0,0,1.7,0
LEAD-00143,Content download,Retail,51-200,IC,0,1,1.4,1,0,4.3,0
LEAD-00144,Website form,Healthcare,51-200,IC,0,4,0.6,0,0,1.5,0
LEAD-00145,Referral,Education,1-10,IC,4,4,3.2,0,0,0.6,0
LEAD-00146,Paid ad,Retail,1-10,IC,6,4,5.5,0,0,1.3,0
LEAD-00147,Cold outbound,Healthcare,11-50,Director,2,5,2.6,0,0,0.1,0
LEAD-00148,Webinar,Finance,51-200,IC,4,5,0.6,1,0,0.3,0
LEAD-00149,Content download,Retail,11-50,Manager,3,2,2.7,1,0,0.2,0
LEAD-00150,Webinar,SaaS,1-10,IC,2,4,1.0,0,0,0.3,0
LEAD-00151,Cold outbound,Retail,1-10,Director,3,3,2.2,0,0,7.8,0
LEAD-00152,Website form,Education,11-50,Director,3,8,3.0,1,0,1.7,1
LEAD-00153,Paid ad,SaaS,201-1000,IC,3,2,0.6,0,0,3.8,0
LEAD-00154,Website form,Manufacturing,1-10,Manager,5,2,1.0,0,0,1.4,0
LEAD-00155,Cold outbound,Healthcare,51-200,Manager,4,4,0.9,0,0,0.2,0
LEAD-00156,Cold outbound,Manufacturing,1-10,IC,5,6,1.1,1,1,0.3,1
LEAD-00157,Webinar,SaaS,1000+,IC,4,7,1.0,0,0,1.1,0
LEAD-00158,Content download,Education,51-200,Manager,3,1,2.6,0,0,1.1,1
LEAD-00159,Content download,SaaS,1-10,IC,1,4,2.5,0,1,3.3,1
LEAD-00160,Webinar,Education,1000+,Manager,3,1,3.0,0,1,5.5,0
LEAD-00161,Cold outbound,Retail,11-50,VP/C-level,2,3,0.3,0,0,0.1,0
LEAD-00162,Cold outbound,Education,51-200,VP/C-level,3,3,5.3,0,0,0.2,1
LEAD-00163,Referral,Retail,1-10,Director,3,0,3.3,1,0,0.6,0
LEAD-00164,Cold outbound,Education,1-10,IC,8,5,0.7,0,0,2.5,0
LEAD-00165,Cold outbound,Education,1-10,Manager,3,3,1.7,1,0,2.5,0
LEAD-00166,Website form,Manufacturing,1-10,Manager,0,6,1.4,0,0,7.1,0
LEAD-00167,Website form,Education,11-50,IC,6,7,4.6,0,0,0.6,0
LEAD-00168,Referral,Healthcare,1-10,IC,6,2,0.2,0,0,5.7,0
LEAD-00169,Content download,Healthcare,1-10,IC,3,6,6.2,0,0,0.5,0
LEAD-00170,Cold outbound,SaaS,1-10,Director,2,4,3.0,0,0,1.6,0
LEAD-00171,Cold outbound,SaaS,201-1000,IC,6,3,3.0,1,1,0.2,0
LEAD-00172,Referral,SaaS,11-50,IC,1,1,1.7,0,0,2.0,0
LEAD-00173,Website form,Retail,201-1000,Manager,1,10,4.3,0,1,4.6,0
LEAD-00174,Website form,Finance,11-50,IC,2,1,2.1,0,1,2.5,0
LEAD-00175,Content download,Manufacturing,11-50,IC,1,5,4.6,0,0,1.1,1
LEAD-00176,Paid ad,Education,11-50,Director,3,5,2.0,0,1,0.3,1
LEAD-00177,Content download,Education,51-200,IC,5,4,3.8,1,0,3.1,1
LEAD-00178,Paid ad,Manufacturing,11-50,Manager,4,4,0.7,0,0,4.2,0
LEAD-00179,Website form,Education,51-200,IC,2,3,1.1,0,0,2.3,0
LEAD-00180,Webinar,Finance,11-50,Manager,6,1,1.5,0,0,1.8,1
LEAD-00181,Webinar,Manufacturing,1-10,Manager,5,3,2.9,0,0,0.5,0
LEAD-00182,Cold outbound,Manufacturing,11-50,Manager,6,3,3.2,0,0,0.3,0
LEAD-00183,Website form,Retail,1-10,Director,3,0,1.3,0,0,1.2,0
LEAD-00184,Referral,SaaS,11-50,Manager,2,5,2.0,0,0,4.2,0
LEAD-00185,Cold outbound,Healthcare,11-50,Manager,2,8,1.3,0,0,3.9,0
LEAD-00186,Content download,SaaS,51-200,VP/C-level,7,1,0.7,0,0,8.4,0
LEAD-00187,Referral,Healthcare,1000+,VP/C-level,3,5,1.4,0,1,0.2,0
LEAD-00188,Content download,SaaS,1-10,IC,4,4,1.5,1,0,2.9,0
LEAD-00189,Content download,SaaS,51-200,Manager,3,2,0.8,0,0,0.4,0
LEAD-00190,Content download,Healthcare,201-1000,Director,3,7,4.1,0,0,1.1,0
LEAD-00191,Cold outbound,Education,51-200,Manager,0,4,0.4,0,0,1.0,0
LEAD-00192,Website form,Manufacturing,1-10,IC,4,3,2.6,0,0,2.5,0
LEAD-00193,Paid ad,Manufacturing,11-50,IC,3,13,7.4,1,0,0.6,0
LEAD-00194,Content download,Education,201-1000,IC,3,4,0.5,0,0,3.6,0
LEAD-00195,Website form,Healthcare,11-50,IC,2,6,1.7,0,0,7.3,0
LEAD-00196,Website form,Manufacturing,51-200,IC,2,1,2.3,0,0,3.9,0
LEAD-00197,Content download,SaaS,11-50,IC,4,2,3.0,0,0,0.1,0
LEAD-00198,Website form,Education,51-200,VP/C-level,2,3,2.3,0,0,1.1,1
LEAD-00199,Cold outbound,SaaS,11-50,IC,1,4,1.3,1,0,0.2,0
LEAD-00200,Website form,Education,51-200,IC,3,4,1.5,0,0,0.0,0
LEAD-00201,Cold outbound,Healthcare,1-10,IC,3,2,2.2,1,0,0.7,0
LEAD-00202,Referral,Finance,1-10,Manager,4,4,2.0,0,1,0.4,0
LEAD-00203,Content download,Healthcare,1-10,Director,3,7,5.2,0,0,1.4,0
LEAD-00204,Referral,Education,11-50,Director,6,2,1.7,0,0,3.7,0
LEAD-00205,Cold outbound,SaaS,1-10,IC,4,2,3.2,0,0,0.9,0
LEAD-00206,Content download,SaaS,11-50,Director,4,3,3.7,1,0,4.6,0
LEAD-00207,Website form,Manufacturing,51-200,VP/C-level,3,6,1.1,0,0,5.3,0
LEAD-00208,Cold outbound,Education,1-10,VP/C-level,7,4,3.5,0,0,2.6,0
LEAD-00209,Content download,Finance,1-10,Manager,2,6,2.0,0,0,0.5,0
LEAD-00210,Referral,Retail,1-10,Manager,2,2,3.9,0,0,1.0,0
LEAD-00211,Content download,Retail,11-50,Manager,3,2,7.1,1,0,3.2,1
LEAD-00212,Cold outbound,Education,51-200,Manager,4,3,2.1,0,0,3.3,0
LEAD-00213,Cold outbound,Manufacturing,1-10,Manager,3,6,2.7,0,0,0.6,0
LEAD-00214,Paid ad,Education,11-50,Manager,5,4,1.3,0,1,0.6,0
LEAD-00215,Referral,Education,1000+,IC,0,7,2.8,1,0,0.5,0
LEAD-00216,Website form,Finance,11-50,Manager,5,3,1.2,0,0,7.5,0
LEAD-00217,Referral,Finance,1-10,Manager,4,6,1.0,0,0,1.5,0
LEAD-00218,Webinar,Manufacturing,201-1000,Manager,6,5,0.7,0,0,10.6,0
LEAD-00219,Content download,Retail,201-1000,IC,4,4,0.5,0,0,1.8,1
LEAD-00220,Website form,Manufacturing,51-200,VP/C-level,3,6,3.1,0,0,10.8,0
LEAD-00221,Content download,SaaS,11-50,Director,4,2,7.7,1,0,1.4,0
LEAD-00222,Content download,Manufacturing,11-50,Director,5,5,3.8,0,0,2.3,0
LEAD-00223,Referral,Finance,11-50,Director,5,2,2.8,0,0,1.6,0
LEAD-00224,Webinar,Healthcare,201-1000,IC,4,2,0.6,0,0,1.8,1
LEAD-00225,Cold outbound,Healthcare,1-10,IC,1,3,2.6,0,0,3.7,0
LEAD-00226,Website form,Education,201-1000,Director,3,4,6.9,0,0,1.4,0
LEAD-00227,Paid ad,Healthcare,1-10,Manager,3,1,2.8,0,0,0.7,0
LEAD-00228,Paid ad,Retail,1-10,Manager,1,3,3.2,0,0,1.2,0
LEAD-00229,Website form,SaaS,201-1000,VP/C-level,0,6,3.6,0,0,5.9,1
LEAD-00230,Content download,Manufacturing,51-200,IC,3,6,1.3,0,0,6.4,0
LEAD-00231,Cold outbound,SaaS,1-10,VP/C-level,5,4,1.1,0,0,3.9,0
LEAD-00232,Content download,Finance,1-10,Director,1,5,2.3,1,0,1.8,1
LEAD-00233,Webinar,Finance,1-10,Manager,5,4,0.5,1,0,1.3,0
LEAD-00234,Content download,Manufacturing,51-200,IC,4,5,2.6,1,0,1.9,0
LEAD-00235,Cold outbound,Manufacturing,201-1000,IC,3,4,2.2,0,1,1.1,0
LEAD-00236,Referral,Finance,1-10,Manager,3,3,4.5,0,0,0.7,0
LEAD-00237,Cold outbound,Education,11-50,IC,6,3,0.7,0,0,4.0,0
LEAD-00238,Webinar,Retail,1-10,IC,3,5,2.5,0,0,8.5,0
LEAD-00239,Webinar,Education,1-10,Manager,3,4,1.3,0,0,4.9,0
LEAD-00240,Webinar,Retail,1-10,Manager,1,3,0.1,1,0,2.9,0
LEAD-00241,Website form,Healthcare,51-200,Manager,3,5,1.4,0,0,8.7,1
LEAD-00242,Webinar,Education,1-10,IC,1,5,3.5,0,0,4.6,0
LEAD-00243,Referral,SaaS,11-50,Director,1,5,1.0,0,0,4.6,1
LEAD-00244,Cold outbound,Healthcare,1-10,IC,0,4,1.3,0,0,3.4,0
LEAD-00245,Cold outbound,Manufacturing,11-50,Manager,3,4,3.7,1,0,1.3,0
LEAD-00246,Cold outbound,SaaS,11-50,Director,1,6,2.4,0,1,3.2,1
LEAD-00247,Webinar,Finance,11-50,IC,4,6,2.3,0,0,4.4,0
LEAD-00248,Referral,Education,1-10,IC,3,3,1.1,0,1,5.0,0
LEAD-00249,Webinar,Manufacturing,201-1000,Manager,5,4,0.1,0,0,3.5,0
LEAD-00250,Paid ad,SaaS,201-1000,IC,2,3,0.7,0,0,5.2,0
LEAD-00251,Cold outbound,Education,11-50,Director,5,2,2.2,0,1,2.4,0
LEAD-00252,Content download,Finance,11-50,Director,1,4,3.3,1,0,3.1,1
LEAD-00253,Content download,Healthcare,11-50,IC,4,2,8.2,0,0,1.2,0
LEAD-00254,Website form,Finance,11-50,IC,2,4,1.6,1,1,3.8,1
LEAD-00255,Website form,Finance,1000+,IC,3,3,3.0,0,0,5.9,0
LEAD-00256,Paid ad,Finance,11-50,IC,2,4,3.1,0,0,1.5,0
LEAD-00257,Cold outbound,Retail,11-50,VP/C-level,6,0,1.0,0,0,0.1,1
LEAD-00258,Cold outbound,SaaS,201-1000,Manager,1,5,1.7,1,0,2.2,0
LEAD-00259,Website form,Finance,51-200,Director,7,2,0.7,0,0,7.9,0
LEAD-00260,Website form,SaaS,1-10,Director,2,3,2.3,0,0,13.2,0
LEAD-00261,Paid ad,Healthcare,11-50,IC,2,5,1.5,0,0,4.1,0
LEAD-00262,Content download,Retail,51-200,Manager,5,2,1.7,0,0,2.6,0
LEAD-00263,Webinar,Manufacturing,11-50,Manager,6,2,11.2,0,0,1.0,0
LEAD-00264,Website form,Education,1-10,IC,1,4,5.9,0,0,0.6,0
LEAD-00265,Cold outbound,Healthcare,11-50,Manager,4,2,3.5,0,0,4.3,0
LEAD-00266,Webinar,Retail,51-200,Director,7,3,0.5,0,0,19.2,0
LEAD-00267,Website form,Healthcare,11-50,Manager,2,4,0.7,0,0,0.5,0
LEAD-00268,Paid ad,Manufacturing,1-10,VP/C-level,5,2,2.4,0,1,1.0,0
LEAD-00269,Website form,Retail,11-50,Manager,3,1,2.1,0,0,2.0,0
LEAD-00270,Cold outbound,Finance,51-200,Manager,9,3,1.9,0,0,2.1,0
LEAD-00271,Website form,SaaS,1-10,Manager,2,2,5.0,1,0,8.3,1
LEAD-00272,Content download,Education,11-50,Director,11,3,1.3,0,0,12.0,1
LEAD-00273,Cold outbound,Education,11-50,IC,4,3,4.9,0,0,5.2,0
LEAD-00274,Website form,SaaS,11-50,Director,5,3,2.1,0,0,2.2,0
LEAD-00275,Website form,Healthcare,51-200,IC,8,6,1.5,0,0,0.2,1
LEAD-00276,Content download,Retail,1-10,Manager,0,7,2.0,0,1,0.6,0
LEAD-00277,Webinar,SaaS,201-1000,Manager,1,6,8.3,0,0,0.9,0
LEAD-00278,Content download,SaaS,51-200,IC,0,3,4.4,0,0,5.5,0
LEAD-00279,Cold outbound,SaaS,201-1000,Manager,4,2,2.2,0,0,6.2,0
LEAD-00280,Paid ad,Manufacturing,11-50,Manager,3,4,3.4,0,0,0.1,0
LEAD-00281,Referral,Manufacturing,11-50,IC,3,7,0.1,0,0,9.3,0
LEAD-00282,Website form,SaaS,11-50,IC,3,3,3.2,0,0,1.1,0
LEAD-00283,Content download,Manufacturing,1-10,VP/C-level,1,5,1.0,0,0,0.3,1
LEAD-00284,Paid ad,Finance,11-50,IC,2,5,1.3,1,0,9.8,1
LEAD-00285,Website form,Education,11-50,Manager,1,3,2.4,1,1,4.5,1
LEAD-00286,Content download,SaaS,201-1000,IC,3,3,2.3,0,0,5.7,0
LEAD-00287,Content download,Manufacturing,1-10,VP/C-level,7,3,5.4,0,0,1.0,0
LEAD-00288,Referral,Finance,1-10,IC,2,8,3.6,0,0,0.7,0
LEAD-00289,Referral,Healthcare,51-200,Manager,4,5,3.5,0,0,0.6,1
LEAD-00290,Paid ad,Education,1000+,VP/C-level,2,4,2.7,0,1,0.3,1
LEAD-00291,Content download,Retail,11-50,Director,2,1,1.6,0,0,13.5,0
LEAD-00292,Cold outbound,Retail,201-1000,Manager,2,3,4.9,0,0,7.2,0
LEAD-00293,Paid ad,Finance,51-200,Director,4,1,2.8,1,0,3.9,1
LEAD-00294,Cold outbound,SaaS,51-200,IC,3,3,3.2,0,0,0.1,0
LEAD-00295,Website form,Manufacturing,11-50,Manager,1,5,0.4,0,0,0.6,0
LEAD-00296,Content download,Healthcare,11-50,Manager,2,1,3.6,0,1,0.4,0
LEAD-00297,Referral,Finance,51-200,IC,2,2,4.8,0,0,3.9,0
LEAD-00298,Referral,Finance,51-200,Manager,6,2,2.8,1,0,3.5,1
LEAD-00299,Referral,Healthcare,1000+,VP/C-level,2,4,1.1,1,0,0.4,1
LEAD-00300,Content download,Retail,201-1000,Manager,2,4,1.9,0,0,5.2,0
LEAD-00301,Paid ad,Retail,51-200,IC,1,7,1.6,0,0,1.0,0
LEAD-00302,Website form,Education,201-1000,Manager,2,2,2.9,0,0,0.4,0
LEAD-00303,Content download,Healthcare,1-10,IC,3,2,0.6,0,0,0.3,0
LEAD-00304,Website form,Finance,1-10,Director,3,3,2.1,0,0,1.0,0
LEAD-00305,Website form,SaaS,1-10,Director,5,6,1.2,1,0,3.9,0
LEAD-00306,Cold outbound,Healthcare,1-10,Director,4,4,1.0,0,1,3.9,0
LEAD-00307,Website form,Retail,11-50,Manager,2,2,0.8,0,0,5.4,0
LEAD-00308,Cold outbound,Manufacturing,1-10,IC,1,2,2.8,0,0,7.7,0
LEAD-00309,Webinar,SaaS,201-1000,IC,3,5,4.8,0,0,3.6,0
LEAD-00310,Webinar,Finance,1-10,IC,1,5,0.9,0,1,4.8,0
LEAD-00311,Website form,Manufacturing,51-200,Manager,2,7,1.1,0,0,3.2,0
LEAD-00312,Paid ad,Manufacturing,1-10,IC,4,1,0.3,0,0,1.9,0
LEAD-00313,Paid ad,Manufacturing,201-1000,IC,3,3,5.1,0,0,0.6,0
LEAD-00314,Website form,Education,11-50,IC,5,4,0.8,0,0,3.7,0
LEAD-00315,Webinar,Healthcare,1-10,Director,3,1,4.5,1,0,0.6,1
LEAD-00316,Referral,Healthcare,11-50,Director,3,3,2.0,0,0,0.5,0
LEAD-00317,Cold outbound,SaaS,51-200,Manager,5,6,1.4,0,0,5.9,0
LEAD-00318,Cold outbound,Education,201-1000,Manager,5,1,2.3,1,0,3.8,0
LEAD-00319,Webinar,Education,51-200,IC,5,0,0.6,0,0,0.9,0
LEAD-00320,Website form,Retail,1-10,IC,3,4,0.3,1,1,0.8,0
LEAD-00321,Cold outbound,Retail,11-50,Director,2,4,4.5,1,0,0.1,1
LEAD-00322,Website form,Manufacturing,11-50,Manager,2,3,1.4,0,0,18.0,0
LEAD-00323,Website form,Retail,1-10,Manager,4,4,5.7,0,0,1.4,1
LEAD-00324,Paid ad,Healthcare,201-1000,Director,4,5,1.1,0,0,9.2,0
LEAD-00325,Content download,Healthcare,51-200,Manager,3,6,1.4,0,0,0.6,0
LEAD-00326,Paid ad,Education,51-200,IC,2,1,4.4,0,0,0.1,0
LEAD-00327,Website form,Education,1-10,Manager,1,4,5.4,0,0,0.6,0
LEAD-00328,Cold outbound,Healthcare,11-50,Manager,6,3,1.4,0,0,2.8,0
LEAD-00329,Website form,Manufacturing,1-10,IC,2,6,0.8,0,1,2.1,0
LEAD-00330,Website form,Retail,11-50,IC,3,4,2.2,0,0,1.2,0
LEAD-00331,Cold outbound,Education,51-200,Director,6,5,0.6,0,1,1.0,0
LEAD-00332,Content download,Healthcare,1-10,Director,4,7,3.6,0,0,5.2,0
LEAD-00333,Referral,Education,51-200,Manager,4,4,1.6,0,0,0.5,0
LEAD-00334,Content download,Manufacturing,1-10,VP/C-level,4,1,0.8,0,0,11.3,0
LEAD-00335,Content download,Healthcare,51-200,VP/C-level,5,11,2.0,1,0,0.5,1
LEAD-00336,Referral,Finance,1-10,Director,2,3,0.9,1,1,2.8,0
LEAD-00337,Webinar,Manufacturing,201-1000,Director,2,6,3.7,0,0,0.1,0
LEAD-00338,Webinar,Retail,1-10,Manager,6,4,0.1,0,0,3.1,0
LEAD-00339,Webinar,SaaS,1-10,IC,5,1,0.5,0,0,0.8,0
LEAD-00340,Cold outbound,Retail,51-200,Manager,0,3,2.6,0,1,5.3,0
LEAD-00341,Content download,Education,11-50,IC,4,3,1.5,0,0,0.2,0
LEAD-00342,Cold outbound,Finance,1-10,Manager,3,4,0.3,0,1,5.5,0
LEAD-00343,Referral,SaaS,1-10,Director,2,5,1.4,0,0,5.9,1
LEAD-00344,Referral,Manufacturing,11-50,Director,1,7,2.3,0,0,1.5,1
LEAD-00345,Cold outbound,Healthcare,11-50,Manager,2,7,2.1,0,1,0.1,0
LEAD-00346,Paid ad,SaaS,201-1000,Director,1,2,1.9,0,1,5.0,0
LEAD-00347,Website form,Education,51-200,IC,3,2,1.2,0,1,10.1,0
LEAD-00348,Cold outbound,Finance,11-50,IC,3,8,1.0,0,0,6.5,0
LEAD-00349,Cold outbound,Education,51-200,Director,6,5,0.6,0,1,9.5,0
LEAD-00350,Website form,Education,1-10,Manager,2,4,2.4,0,0,7.0,0
LEAD-00351,Content download,Healthcare,11-50,Manager,5,3,6.6,0,0,0.1,0
LEAD-00352,Website form,Finance,51-200,Manager,2,4,4.1,1,0,2.3,0
LEAD-00353,Cold outbound,Manufacturing,201-1000,IC,4,4,2.1,0,0,0.5,0
LEAD-00354,Content download,Manufacturing,1-10,Director,4,5,1.9,0,0,5.0,0
LEAD-00355,Referral,Retail,11-50,IC,1,5,1.4,0,0,0.1,0
LEAD-00356,Webinar,Finance,51-200,VP/C-level,1,3,1.9,0,0,3.7,0
LEAD-00357,Webinar,Healthcare,1-10,IC,2,6,2.9,0,0,6.7,0
LEAD-00358,Cold outbound,Education,11-50,IC,2,3,1.5,0,1,2.8,0
LEAD-00359,Website form,Retail,1-10,IC,3,4,4.7,0,0,3.6,0
LEAD-00360,Paid ad,Education,201-1000,IC,4,4,1.5,0,0,8.8,0
LEAD-00361,Content download,Education,1-10,Director,1,7,2.9,0,0,2.5,0
LEAD-00362,Paid ad,Manufacturing,51-200,Manager,6,2,4.4,1,0,0.9,1
LEAD-00363,Content download,Manufacturing,1-10,Director,10,3,1.3,0,0,0.6,0
LEAD-00364,Referral,Education,1-10,Director,2,4,7.0,0,0,2.4,0
LEAD-00365,Content download,Retail,201-1000,IC,2,8,1.3,0,0,0.5,0
LEAD-00366,Website form,Healthcare,1-10,Manager,3,2,9.2,0,0,0.9,0
LEAD-00367,Website form,Education,51-200,IC,0,3,1.3,0,1,0.6,0
LEAD-00368,Paid ad,Healthcare,1-10,Director,2,2,1.9,0,0,6.1,0
LEAD-00369,Website form,Healthcare,201-1000,IC,2,2,4.6,0,0,0.8,0
LEAD-00370,Paid ad,Manufacturing,11-50,Manager,6,4,3.6,0,0,0.4,1
LEAD-00371,Referral,Education,11-50,Manager,9,5,4.6,0,0,0.6,1
LEAD-00372,Cold outbound,Retail,51-200,IC,0,2,1.7,0,0,4.9,0
LEAD-00373,Website form,Retail,1-10,IC,4,2,4.2,0,0,1.5,0
LEAD-00374,Webinar,Retail,11-50,IC,3,3,1.5,1,0,15.9,0
LEAD-00375,Website form,Education,201-1000,Manager,2,5,2.0,1,1,1.8,1
LEAD-00376,Website form,SaaS,1-10,Manager,4,4,1.4,1,0,0.5,0
LEAD-00377,Website form,Retail,11-50,IC,4,0,1.9,1,0,0.9,1
LEAD-00378,Cold outbound,Finance,201-1000,Manager,1,4,2.0,0,0,0.5,0
LEAD-00379,Website form,Education,51-200,IC,3,3,3.1,0,0,7.9,0
LEAD-00380,Cold outbound,Finance,201-1000,Director,2,5,1.1,0,0,0.1,0
LEAD-00381,Website form,Healthcare,11-50,IC,2,1,1.2,0,0,1.1,0
LEAD-00382,Content download,Finance,51-200,Manager,4,3,3.4,0,0,1.3,0
LEAD-00383,Webinar,SaaS,1-10,IC,1,5,3.9,0,0,12.1,0
LEAD-00384,Cold outbound,Retail,201-1000,Manager,2,5,1.5,0,0,0.8,0
LEAD-00385,Webinar,Healthcare,11-50,Director,4,4,2.3,0,0,3.2,0
LEAD-00386,Referral,Manufacturing,11-50,IC,2,5,5.3,0,0,2.4,0
LEAD-00387,Webinar,SaaS,11-50,Manager,2,4,4.1,0,0,1.2,0
LEAD-00388,Website form,Healthcare,11-50,Director,2,7,1.6,0,1,1.5,1
LEAD-00389,Content download,Education,1000+,Manager,0,7,4.4,0,0,0.0,0
LEAD-00390,Content download,Education,51-200,Manager,6,5,1.6,1,0,5.1,0
LEAD-00391,Paid ad,Education,11-50,Manager,2,5,1.1,0,0,11.2,0
LEAD-00392,Website form,Manufacturing,1-10,IC,2,2,0.2,1,0,1.5,1
LEAD-00393,Content download,Education,51-200,VP/C-level,2,3,1.2,0,0,2.4,1
LEAD-00394,Content download,SaaS,51-200,Manager,4,2,0.8,1,0,5.3,0
LEAD-00395,Referral,Manufacturing,201-1000,Manager,7,2,1.9,0,0,6.9,0
LEAD-00396,Referral,SaaS,11-50,Manager,1,4,10.5,0,0,0.8,0
LEAD-00397,Website form,Healthcare,11-50,IC,4,3,5.4,0,0,1.0,0
LEAD-00398,Cold outbound,Healthcare,51-200,IC,5,6,2.3,0,0,16.8,1
LEAD-00399,Content download,SaaS,1-10,Director,5,2,2.3,0,0,0.9,0
LEAD-00400,Content download,Manufacturing,1-10,Manager,3,5,4.5,1,0,2.0,0
LEAD-00401,Webinar,Manufacturing,11-50,IC,3,6,1.2,0,0,2.4,0
LEAD-00402,Cold outbound,Finance,51-200,Manager,3,6,2.3,0,0,0.3,0
LEAD-00403,Content download,Healthcare,1000+,IC,5,4,3.7,0,1,0.2,0
LEAD-00404,Website form,Manufacturing,1-10,Manager,1,3,3.7,1,0,1.5,0
LEAD-00405,Content download,Retail,201-1000,IC,2,2,4.9,0,1,5.6,0
LEAD-00406,Website form,Healthcare,11-50,IC,2,3,2.1,1,0,2.7,1
LEAD-00407,Webinar,Healthcare,1-10,Manager,4,3,1.5,1,0,1.2,0
LEAD-00408,Referral,SaaS,11-50,IC,1,4,1.0,1,0,1.7,0
LEAD-00409,Content download,Finance,11-50,IC,2,4,7.1,0,0,1.2,0
LEAD-00410,Website form,Healthcare,11-50,IC,6,3,1.5,0,0,3.2,0
LEAD-00411,Paid ad,Manufacturing,11-50,IC,2,2,1.4,1,0,4.1,0
LEAD-00412,Website form,Healthcare,51-200,IC,3,5,0.1,0,0,0.8,0
LEAD-00413,Cold outbound,Finance,11-50,VP/C-level,2,5,1.5,0,0,1.3,0
LEAD-00414,Website form,Education,1000+,VP/C-level,5,3,2.1,0,0,1.3,0
LEAD-00415,Webinar,Education,1-10,Manager,1,1,4.4,0,0,2.4,0
LEAD-00416,Content download,Healthcare,1-10,IC,3,2,2.6,0,0,1.1,0
LEAD-00417,Cold outbound,Finance,11-50,Manager,4,6,0.9,0,1,8.6,0
LEAD-00418,Cold outbound,Education,51-200,Manager,2,2,1.5,0,0,2.0,0
LEAD-00419,Paid ad,Healthcare,11-50,IC,0,5,2.6,1,0,1.5,0
LEAD-00420,Referral,Finance,1-10,Director,6,9,3.1,0,0,5.0,0
LEAD-00421,Website form,Manufacturing,11-50,IC,2,3,6.3,0,0,6.4,0
LEAD-00422,Referral,Retail,201-1000,IC,6,2,3.8,0,0,5.4,0
LEAD-00423,Website form,Healthcare,11-50,Director,2,8,4.1,1,0,12.7,0
LEAD-00424,Content download,Finance,51-200,IC,4,3,1.0,0,0,2.5,0
LEAD-00425,Cold outbound,Manufacturing,11-50,VP/C-level,5,8,2.9,1,1,12.7,1
LEAD-00426,Paid ad,Education,51-200,Manager,2,3,2.4,1,0,0.4,0
LEAD-00427,Referral,Healthcare,51-200,Director,2,4,3.5,0,0,0.7,0
LEAD-00428,Website form,Manufacturing,1-10,IC,3,3,4.3,0,0,1.0,0
LEAD-00429,Content download,Education,1000+,Director,3,3,3.5,0,1,0.9,0
LEAD-00430,Cold outbound,Healthcare,11-50,Director,3,4,3.7,0,0,0.1,0
LEAD-00431,Website form,Healthcare,11-50,Director,4,7,0.9,0,0,3.1,0
LEAD-00432,Website form,SaaS,11-50,Manager,2,4,1.0,1,0,4.5,0
LEAD-00433,Paid ad,Manufacturing,51-200,Director,2,3,1.5,1,0,4.7,1
LEAD-00434,Webinar,Healthcare,11-50,IC,2,5,0.9,0,0,5.3,0
LEAD-00435,Cold outbound,SaaS,51-200,Manager,3,6,1.2,1,0,2.7,0
LEAD-00436,Website form,Retail,1-10,IC,3,3,0.6,0,1,0.7,0
LEAD-00437,Referral,Manufacturing,1-10,Manager,3,3,1.6,0,1,7.9,0
LEAD-00438,Website form,SaaS,11-50,IC,3,5,1.0,0,0,3.3,0
LEAD-00439,Paid ad,SaaS,1-10,IC,4,0,0.4,0,0,3.3,1
LEAD-00440,Cold outbound,Manufacturing,1-10,IC,3,2,1.2,1,0,1.2,0
LEAD-00441,Content download,SaaS,51-200,Manager,2,9,2.1,0,0,2.9,0
LEAD-00442,Webinar,Education,1-10,IC,4,6,5.1,0,0,2.5,0
LEAD-00443,Cold outbound,SaaS,51-200,Manager,6,4,4.2,0,0,1.0,0
LEAD-00444,Paid ad,Finance,201-1000,VP/C-level,7,5,1.4,0,0,1.9,0
LEAD-00445,Cold outbound,Manufacturing,201-1000,Manager,1,5,6.0,1,0,3.2,0
LEAD-00446,Cold outbound,Education,1-10,VP/C-level,7,6,0.4,1,1,1.1,1
LEAD-00447,Webinar,Education,11-50,IC,4,4,4.6,1,0,2.8,0
LEAD-00448,Referral,Education,11-50,Director,1,3,1.5,0,0,0.3,0
LEAD-00449,Referral,Retail,11-50,Director,3,5,1.2,0,0,1.8,0
LEAD-00450,Cold outbound,Retail,11-50,Director,2,3,1.7,0,1,2.7,1
LEAD-00451,Website form,Manufacturing,1000+,IC,5,2,2.5,0,0,6.5,0
LEAD-00452,Cold outbound,Retail,1-10,Manager,0,4,1.3,0,0,3.6,0
LEAD-00453,Webinar,Manufacturing,201-1000,Manager,4,6,0.7,1,0,1.3,0
LEAD-00454,Paid ad,Retail,51-200,Manager,5,1,1.5,0,0,3.8,0
LEAD-00455,Website form,SaaS,1-10,Director,7,2,5.8,0,1,6.8,1
LEAD-00456,Website form,Manufacturing,11-50,Manager,4,1,1.6,1,0,3.0,0
LEAD-00457,Cold outbound,Healthcare,11-50,Manager,1,4,3.2,0,0,0.3,0
LEAD-00458,Paid ad,Manufacturing,201-1000,IC,3,1,1.2,1,0,0.6,0
LEAD-00459,Content download,SaaS,1-10,Manager,1,1,1.2,0,0,1.2,0
LEAD-00460,Website form,SaaS,201-1000,Manager,4,3,2.8,0,0,3.3,0
LEAD-00461,Cold outbound,SaaS,1-10,Director,2,6,2.6,0,0,0.5,0
LEAD-00462,Content download,Retail,1-10,Manager,3,7,3.4,1,1,7.0,1
LEAD-00463,Website form,Finance,1-10,IC,1,5,9.1,1,0,1.2,0
LEAD-00464,Cold outbound,Retail,1000+,IC,2,3,2.0,0,0,5.0,0
LEAD-00465,Content download,Education,1000+,Manager,4,4,1.3,1,0,1.8,1
LEAD-00466,Website form,Education,11-50,Director,2,5,2.3,0,1,0.7,0
LEAD-00467,Cold outbound,SaaS,51-200,IC,4,2,1.0,1,0,0.5,0
LEAD-00468,Website form,Retail,1-10,Director,1,7,7.3,0,0,0.7,0
LEAD-00469,Website form,SaaS,11-50,IC,1,2,0.6,0,0,13.2,1
LEAD-00470,Content download,Manufacturing,11-50,Director,2,2,5.2,0,0,0.2,0
LEAD-00471,Cold outbound,Manufacturing,11-50,IC,2,7,2.6,0,0,1.9,0
LEAD-00472,Website form,Healthcare,11-50,Manager,4,5,1.8,0,0,1.8,0
LEAD-00473,Cold outbound,Manufacturing,51-200,Manager,4,2,6.0,0,0,9.0,0
LEAD-00474,Cold outbound,SaaS,11-50,Manager,5,1,4.6,1,0,6.9,1
LEAD-00475,Cold outbound,Healthcare,11-50,Director,1,4,1.4,0,0,3.5,1
LEAD-00476,Website form,Manufacturing,11-50,VP/C-level,3,4,2.9,1,0,1.8,1
LEAD-00477,Website form,Retail,11-50,IC,4,10,2.0,1,0,3.5,1
LEAD-00478,Webinar,Healthcare,11-50,Manager,3,2,3.5,0,0,2.3,0
LEAD-00479,Webinar,SaaS,51-200,IC,4,5,5.7,0,0,3.2,0
LEAD-00480,Cold outbound,SaaS,51-200,IC,1,4,1.0,0,0,10.6,0
LEAD-00481,Paid ad,Finance,1-10,IC,2,2,1.5,0,0,1.6,0
LEAD-00482,Website form,Manufacturing,51-200,Manager,4,2,4.1,0,0,1.1,0
LEAD-00483,Content download,Retail,1-10,Manager,6,4,0.1,0,1,3.1,0
LEAD-00484,Cold outbound,Finance,51-200,IC,2,6,6.2,0,1,0.5,0
LEAD-00485,Referral,Finance,51-200,Manager,5,6,3.2,1,0,2.2,0
LEAD-00486,Content download,Manufacturing,51-200,Manager,2,2,1.9,1,0,0.9,0
LEAD-00487,Website form,SaaS,51-200,VP/C-level,6,2,0.2,0,0,2.3,0
LEAD-00488,Content download,Finance,11-50,IC,4,3,2.4,0,0,1.9,0
LEAD-00489,Website form,Manufacturing,1000+,IC,4,6,1.8,0,1,1.4,0
LEAD-00490,Referral,Retail,201-1000,Director,1,4,7.3,0,0,1.0,0
LEAD-00491,Referral,Finance,11-50,VP/C-level,3,1,0.9,0,0,0.1,0
LEAD-00492,Website form,Healthcare,11-50,Manager,4,3,3.2,1,0,2.0,1
LEAD-00493,Referral,Education,201-1000,Manager,2,6,1.1,0,0,1.9,1
LEAD-00494,Cold outbound,Education,11-50,Director,5,5,3.9,0,0,2.8,1
LEAD-00495,Referral,Retail,1-10,IC,4,4,6.6,0,0,1.0,0
LEAD-00496,Webinar,Retail,11-50,IC,3,4,2.3,0,1,3.7,0
LEAD-00497,Cold outbound,Education,1-10,Director,4,4,5.5,0,0,3.6,0
LEAD-00498,Paid ad,Manufacturing,11-50,IC,7,3,4.0,1,1,1.0,0
LEAD-00499,Referral,Retail,1-10,Manager,2,2,0.3,1,0,0.1,0
LEAD-00500,Website form,Finance,1-10,IC,3,3,2.9,0,0,0.1,0
LEAD-00501,Cold outbound,Manufacturing,51-200,Director,2,5,0.4,0,0,4.2,0
LEAD-00502,Content download,Manufacturing,11-50,Manager,2,5,1.4,0,0,0.1,0
LEAD-00503,Cold outbound,Retail,1000+,Manager,3,5,1.9,1,1,1.5,1
LEAD-00504,Website form,Manufacturing,51-200,IC,6,5,2.0,0,0,9.7,0
LEAD-00505,Webinar,Manufacturing,11-50,VP/C-level,4,3,1.1,1,0,0.6,0
LEAD-00506,Content download,Retail,1-10,VP/C-level,1,4,1.4,0,0,2.4,0
LEAD-00507,Website form,Manufacturing,1-10,Manager,2,8,4.5,0,0,0.5,0
LEAD-00508,Cold outbound,Education,11-50,Director,2,3,3.8,1,0,0.9,0
LEAD-00509,Paid ad,Healthcare,11-50,Manager,1,1,2.2,1,0,0.9,1
LEAD-00510,Content download,Manufacturing,1-10,Director,2,4,5.6,0,0,0.4,1
LEAD-00511,Website form,Finance,11-50,IC,0,1,1.4,0,0,1.4,0
LEAD-00512,Content download,Manufacturing,1-10,IC,2,6,0.4,0,0,0.8,0
LEAD-00513,Website form,Education,1-10,Manager,0,4,3.9,0,0,0.9,0
LEAD-00514,Paid ad,Finance,1-10,IC,5,2,1.0,1,0,1.5,0
LEAD-00515,Cold outbound,Manufacturing,1-10,Manager,2,7,7.4,0,0,3.1,0
LEAD-00516,Website form,Finance,51-200,Director,6,3,1.9,0,0,1.3,1
LEAD-00517,Website form,Finance,1-10,Director,2,4,6.5,0,0,1.2,0
LEAD-00518,Webinar,Education,51-200,Manager,3,2,3.3,1,0,1.5,0
LEAD-00519,Cold outbound,SaaS,11-50,IC,4,6,3.4,0,0,6.5,0
LEAD-00520,Website form,Healthcare,11-50,IC,1,3,1.9,0,1,4.6,0
LEAD-00521,Website form,Education,1000+,Manager,2,7,2.2,0,0,1.9,0
LEAD-00522,Content download,SaaS,201-1000,Director,3,2,0.8,1,0,0.2,0
LEAD-00523,Webinar,SaaS,1-10,Director,4,2,4.1,0,0,0.1,0
LEAD-00524,Webinar,Manufacturing,11-50,Manager,2,4,2.6,1,0,2.4,0
LEAD-00525,Referral,Retail,11-50,IC,1,1,5.6,0,0,2.3,1
LEAD-00526,Webinar,Healthcare,11-50,Manager,1,4,0.8,0,1,0.3,1
LEAD-00527,Website form,Finance,11-50,IC,1,9,0.9,0,0,12.4,0
LEAD-00528,Website form,Education,1000+,Director,3,3,1.6,1,0,1.9,1
LEAD-00529,Referral,SaaS,11-50,Manager,5,4,2.4,0,0,3.8,0
LEAD-00530,Webinar,Healthcare,201-1000,Manager,5,5,2.2,0,0,6.5,0
LEAD-00531,Paid ad,Healthcare,11-50,Manager,2,3,1.6,0,0,2.1,0
LEAD-00532,Referral,Retail,51-200,IC,1,8,1.6,1,0,0.5,0
LEAD-00533,Webinar,SaaS,11-50,Manager,5,4,2.0,0,1,3.9,0
LEAD-00534,Website form,Education,51-200,IC,5,6,5.3,0,0,0.2,1
LEAD-00535,Cold outbound,SaaS,1-10,Manager,3,8,2.9,0,0,0.5,0
LEAD-00536,Cold outbound,Education,1-10,IC,0,3,2.9,1,0,4.4,0
LEAD-00537,Content download,Education,51-200,VP/C-level,5,3,1.0,0,0,2.8,0
LEAD-00538,Content download,Retail,201-1000,Manager,4,5,3.4,0,0,1.5,0
LEAD-00539,Cold outbound,Healthcare,1-10,Manager,8,4,3.6,1,1,2.4,1
LEAD-00540,Website form,Manufacturing,201-1000,Director,3,6,2.0,1,0,2.9,0
LEAD-00541,Website form,Retail,11-50,IC,8,3,1.5,0,0,0.1,1
LEAD-00542,Website form,SaaS,1-10,Manager,4,4,3.4,0,0,2.3,0
LEAD-00543,Paid ad,SaaS,1-10,Manager,2,2,1.4,1,0,9.6,0
LEAD-00544,Webinar,Healthcare,1-10,Manager,1,4,1.2,0,1,3.8,0
LEAD-00545,Content download,Manufacturing,11-50,IC,3,3,4.1,0,0,2.8,0
LEAD-00546,Referral,Retail,1000+,Manager,1,4,2.2,0,0,2.4,1
LEAD-00547,Website form,Healthcare,11-50,Manager,2,6,4.0,1,0,0.8,1
LEAD-00548,Cold outbound,SaaS,51-200,Director,5,5,2.8,0,0,0.1,0
LEAD-00549,Paid ad,Education,11-50,Director,2,2,2.2,0,0,2.7,0
LEAD-00550,Cold outbound,Healthcare,1-10,Director,1,3,1.5,0,0,0.0,0
LEAD-00551,Website form,Retail,1000+,Manager,5,4,1.6,0,0,0.5,0
LEAD-00552,Referral,Education,201-1000,IC,3,2,0.8,0,0,2.1,0
LEAD-00553,Website form,Finance,1-10,IC,4,6,0.7,1,1,6.7,0
LEAD-00554,Cold outbound,Education,1-10,Manager,1,2,2.1,0,0,5.5,0
LEAD-00555,Website form,SaaS,11-50,IC,2,3,7.3,0,1,0.1,0
LEAD-00556,Website form,Healthcare,51-200,Manager,7,4,4.8,0,0,7.5,0
LEAD-00557,Website form,Manufacturing,11-50,VP/C-level,3,0,3.0,0,0,0.8,0
LEAD-00558,Webinar,Education,1-10,Director,1,3,1.1,0,0,5.4,0
LEAD-00559,Webinar,Healthcare,1-10,Manager,6,4,6.1,1,0,1.5,0
LEAD-00560,Website form,Healthcare,11-50,IC,5,3,1.7,0,0,0.8,0
LEAD-00561,Cold outbound,Retail,201-1000,Manager,1,3,0.7,0,0,10.6,0
LEAD-00562,Paid ad,Retail,1-10,IC,3,5,1.8,0,1,4.7,0
LEAD-00563,Paid ad,Healthcare,51-200,IC,3,2,1.0,0,0,6.3,0
LEAD-00564,Website form,Retail,51-200,Manager,3,1,1.2,0,1,2.8,1
LEAD-00565,Cold outbound,SaaS,11-50,Manager,4,4,3.3,1,0,0.4,0
LEAD-00566,Cold outbound,Finance,11-50,Manager,2,6,5.0,0,1,1.8,1
LEAD-00567,Website form,Education,1-10,Manager,2,1,1.6,0,0,3.4,0
LEAD-00568,Webinar,Healthcare,11-50,Manager,0,8,3.4,0,0,0.8,0
LEAD-00569,Cold outbound,Finance,51-200,IC,1,1,5.2,0,0,3.1,0
LEAD-00570,Cold outbound,Education,11-50,VP/C-level,1,3,1.5,1,0,1.3,0
LEAD-00571,Cold outbound,SaaS,11-50,Manager,3,7,0.7,0,1,7.9,0
LEAD-00572,Content download,Healthcare,51-200,VP/C-level,4,5,5.3,1,0,1.8,1
LEAD-00573,Content download,Manufacturing,1-10,Manager,4,3,2.5,0,0,0.1,1
LEAD-00574,Referral,Education,11-50,Manager,2,6,1.1,1,1,0.2,0
LEAD-00575,Cold outbound,Healthcare,1-10,IC,6,3,2.1,0,0,2.9,0
LEAD-00576,Webinar,Manufacturing,1-10,IC,2,3,1.9,1,1,3.1,1
LEAD-00577,Webinar,Finance,11-50,IC,2,8,0.7,1,0,0.6,0
LEAD-00578,Referral,Manufacturing,1-10,Director,2,4,1.0,0,0,5.6,0
LEAD-00579,Website form,Manufacturing,11-50,Manager,3,6,2.3,0,0,6.3,0
LEAD-00580,Webinar,Education,51-200,IC,2,2,2.0,0,0,1.9,0
LEAD-00581,Cold outbound,Education,1-10,VP/C-level,6,4,1.0,1,1,14.1,1
LEAD-00582,Cold outbound,Manufacturing,1-10,IC,1,7,1.4,0,1,8.6,0
LEAD-00583,Paid ad,Finance,201-1000,Manager,4,3,5.4,1,0,5.7,0
LEAD-00584,Website form,Healthcare,201-1000,IC,4,5,1.1,0,0,3.2,0
LEAD-00585,Cold outbound,Healthcare,11-50,Director,4,3,3.5,0,0,2.4,0
LEAD-00586,Website form,Manufacturing,201-1000,Manager,0,5,1.5,0,0,0.2,0
LEAD-00587,Referral,Retail,1-10,IC,1,1,0.8,0,1,1.6,0
LEAD-00588,Cold outbound,Manufacturing,1-10,VP/C-level,3,2,2.6,0,0,4.1,0
LEAD-00589,Webinar,Manufacturing,51-200,Manager,4,5,1.0,0,0,2.4,0
LEAD-00590,Cold outbound,Retail,1-10,IC,3,3,3.5,1,0,3.7,0
LEAD-00591,Cold outbound,Finance,11-50,IC,4,1,1.5,0,0,0.7,0
LEAD-00592,Content download,Retail,51-200,Manager,2,3,3.0,0,0,2.0,0
LEAD-00593,Cold outbound,Finance,1-10,Director,3,4,4.5,1,0,1.4,0
LEAD-00594,Content download,Retail,1-10,Manager,6,8,2.3,1,0,1.9,0
LEAD-00595,Cold outbound,Education,201-1000,IC,1,2,2.2,0,0,7.3,0
LEAD-00596,Content download,Retail,11-50,IC,3,0,2.5,1,0,1.2,0
LEAD-00597,Webinar,Finance,1-10,IC,4,4,1.6,0,0,1.2,0
LEAD-00598,Referral,Education,11-50,Manager,3,1,2.5,1,0,5.1,0
LEAD-00599,Paid ad,Finance,201-1000,IC,0,2,6.2,1,0,1.7,0
LEAD-00600,Cold outbound,Finance,11-50,Manager,2,7,1.0,0,0,13.2,0
LEAD-00601,Content download,Manufacturing,11-50,Director,2,10,2.2,0,0,4.7,0
LEAD-00602,Website form,Manufacturing,51-200,Director,3,8,3.1,0,0,7.9,0
LEAD-00603,Cold outbound,Manufacturing,1000+,IC,1,2,5.0,0,0,0.6,0
LEAD-00604,Website form,Healthcare,51-200,Manager,6,5,5.8,1,0,1.6,0
LEAD-00605,Cold outbound,SaaS,51-200,IC,1,3,2.3,0,0,0.3,0
LEAD-00606,Paid ad,Finance,1-10,Manager,6,4,7.1,0,0,1.4,0
LEAD-00607,Content download,Healthcare,1-10,IC,3,4,3.6,1,0,0.3,0
LEAD-00608,Cold outbound,Finance,1-10,IC,3,6,2.6,0,0,3.7,0
LEAD-00609,Content download,SaaS,1-10,Manager,2,7,0.6,0,0,2.5,0
LEAD-00610,Cold outbound,SaaS,1-10,Director,3,4,0.7,0,0,0.3,0
LEAD-00611,Website form,Manufacturing,51-200,IC,3,5,0.9,1,0,3.5,0
LEAD-00612,Website form,Retail,1000+,Director,4,7,3.2,0,0,0.7,0
LEAD-00613,Cold outbound,Manufacturing,1-10,IC,2,5,2.2,0,0,3.6,0
LEAD-00614,Webinar,Retail,51-200,IC,5,8,0.3,0,0,0.8,0
LEAD-00615,Referral,SaaS,1000+,IC,6,0,0.6,0,0,0.4,0
LEAD-00616,Cold outbound,Healthcare,201-1000,IC,4,3,4.0,0,0,0.7,0
LEAD-00617,Paid ad,SaaS,1-10,VP/C-level,3,2,3.3,0,0,1.6,0
LEAD-00618,Content download,Manufacturing,11-50,IC,1,3,0.5,0,0,0.8,0
LEAD-00619,Webinar,Education,51-200,IC,3,5,0.5,0,0,1.4,0
LEAD-00620,Content download,Education,1-10,IC,2,2,2.9,0,0,1.1,0
LEAD-00621,Website form,Education,1-10,Director,4,5,0.6,0,0,2.9,0
LEAD-00622,Cold outbound,Retail,51-200,Manager,3,9,5.6,0,0,3.0,0
LEAD-00623,Website form,Healthcare,11-50,IC,3,4,0.8,1,0,14.5,0
LEAD-00624,Cold outbound,SaaS,51-200,IC,4,3,1.5,0,0,1.0,0
LEAD-00625,Website form,SaaS,1-10,Manager,3,4,6.2,0,0,7.9,0
LEAD-00626,Website form,SaaS,1-10,IC,2,3,3.9,0,0,0.6,0
LEAD-00627,Website form,Retail,51-200,IC,1,6,1.6,0,0,4.4,0
LEAD-00628,Website form,Retail,11-50,IC,2,6,4.2,0,1,3.2,1
LEAD-00629,Content download,Manufacturing,11-50,IC,3,6,1.4,1,0,2.7,0
LEAD-00630,Website form,Manufacturing,51-200,Director,2,3,3.5,0,0,0.4,0
LEAD-00631,Content download,Manufacturing,1-10,Director,1,3,1.2,0,0,1.8,1
LEAD-00632,Cold outbound,SaaS,1-10,IC,1,3,0.6,0,0,2.3,0
LEAD-00633,Cold outbound,Education,11-50,IC,3,3,1.6,1,0,11.4,0
LEAD-00634,Content download,Retail,51-200,IC,3,2,7.1,0,0,0.9,1
LEAD-00635,Paid ad,Education,11-50,Manager,2,3,2.8,1,0,2.7,0
LEAD-00636,Website form,Manufacturing,11-50,Director,1,3,7.9,0,0,3.4,0
LEAD-00637,Content download,Finance,51-200,Manager,4,8,1.7,0,1,0.5,0
LEAD-00638,Content download,Finance,201-1000,Director,6,2,0.5,0,1,3.9,1
LEAD-00639,Referral,Retail,1-10,Manager,6,2,1.9,0,0,1.3,0
LEAD-00640,Paid ad,SaaS,51-200,Manager,4,0,1.2,0,0,1.3,0
LEAD-00641,Website form,Healthcare,1-10,IC,7,5,5.3,0,0,0.7,0
LEAD-00642,Content download,Finance,11-50,Director,1,5,2.3,0,0,3.7,0
LEAD-00643,Cold outbound,Finance,51-200,Manager,5,2,1.7,1,0,0.2,0
LEAD-00644,Cold outbound,Finance,11-50,Manager,6,2,1.5,1,0,0.9,0
LEAD-00645,Content download,SaaS,51-200,IC,3,4,2.0,0,0,2.3,0
LEAD-00646,Cold outbound,Manufacturing,1-10,Manager,4,2,1.2,0,0,0.1,0
LEAD-00647,Website form,Finance,51-200,IC,5,3,1.0,1,0,2.2,1
LEAD-00648,Website form,Healthcare,11-50,Manager,1,4,2.4,1,0,5.0,0
LEAD-00649,Content download,Finance,11-50,Director,3,6,2.3,0,0,1.9,0
LEAD-00650,Website form,Finance,1-10,Director,5,3,1.3,1,1,1.2,0
LEAD-00651,Website form,Retail,11-50,Manager,6,4,5.2,0,0,8.0,1
LEAD-00652,Website form,Finance,51-200,Manager,6,2,0.5,0,0,1.6,0
LEAD-00653,Content download,Manufacturing,1-10,Director,5,9,1.7,0,1,1.8,0
LEAD-00654,Website form,SaaS,51-200,IC,4,1,6.8,1,0,3.2,0
LEAD-00655,Paid ad,Manufacturing,201-1000,Manager,4,4,1.1,1,0,1.4,0
LEAD-00656,Webinar,Education,201-1000,VP/C-level,3,2,0.1,1,0,0.4,0
LEAD-00657,Webinar,Education,11-50,IC,5,4,0.6,0,0,3.9,1
LEAD-00658,Website form,Healthcare,11-50,Director,5,6,6.1,1,0,2.0,0
LEAD-00659,Cold outbound,SaaS,11-50,IC,4,6,2.3,0,0,1.9,0
LEAD-00660,Website form,Finance,11-50,Manager,4,2,6.9,0,0,3.8,0
LEAD-00661,Paid ad,Manufacturing,201-1000,Manager,0,6,0.8,0,0,0.1,0
LEAD-00662,Cold outbound,SaaS,11-50,IC,2,3,1.2,1,0,2.8,1
LEAD-00663,Website form,Education,11-50,Manager,1,2,5.0,0,0,7.2,1
LEAD-00664,Cold outbound,Retail,51-200,VP/C-level,4,4,1.4,0,0,0.8,0
LEAD-00665,Webinar,Healthcare,11-50,Manager,5,3,5.0,0,1,3.5,0
LEAD-00666,Content download,SaaS,1-10,Manager,3,5,2.0,0,1,4.6,0
LEAD-00667,Cold outbound,Manufacturing,201-1000,Manager,1,7,0.8,0,1,1.1,0
LEAD-00668,Website form,Healthcare,11-50,Manager,3,3,0.6,0,0,2.7,0
LEAD-00669,Content download,Education,11-50,Manager,1,7,4.1,0,0,1.1,0
LEAD-00670,Cold outbound,Retail,11-50,IC,4,5,1.0,0,0,4.0,0
LEAD-00671,Paid ad,Healthcare,51-200,IC,3,6,2.4,0,0,3.1,1
LEAD-00672,Cold outbound,SaaS,1-10,Director,3,4,2.3,0,0,1.1,1
LEAD-00673,Paid ad,Education,1-10,Director,7,3,7.1,0,0,0.9,1
LEAD-00674,Website form,Healthcare,1-10,Director,7,5,2.3,0,0,0.5,0
LEAD-00675,Paid ad,SaaS,51-200,Manager,3,5,3.1,1,0,0.3,0
LEAD-00676,Paid ad,Healthcare,11-50,VP/C-level,2,6,2.3,1,0,0.8,0
LEAD-00677,Cold outbound,Finance,1000+,Manager,2,8,1.1,0,0,3.1,1
LEAD-00678,Website form,Retail,201-1000,IC,4,2,0.3,0,1,6.2,0
LEAD-00679,Referral,Finance,1000+,VP/C-level,2,4,0.8,0,0,1.5,0
LEAD-00680,Webinar,Healthcare,1-10,Director,5,7,3.0,0,0,2.1,0
LEAD-00681,Referral,Healthcare,1-10,Manager,6,3,1.4,0,1,1.9,0
LEAD-00682,Website form,SaaS,51-200,Manager,3,2,1.7,0,0,13.5,0
LEAD-00683,Website form,Retail,51-200,IC,2,6,1.8,0,0,3.8,1
LEAD-00684,Website form,Retail,11-50,Manager,4,2,0.7,1,0,0.6,0
LEAD-00685,Paid ad,Finance,11-50,Manager,1,8,5.7,0,0,6.4,0
LEAD-00686,Website form,Manufacturing,1-10,Director,1,2,2.0,0,0,8.9,0
LEAD-00687,Referral,Manufacturing,1000+,IC,5,4,3.7,0,0,1.7,0
LEAD-00688,Website form,SaaS,1-10,IC,4,5,10.6,0,0,3.6,0
LEAD-00689,Content download,Education,51-200,Director,2,7,1.6,0,0,0.7,1
LEAD-00690,Referral,Education,11-50,Director,3,6,1.1,1,0,1.9,1
LEAD-00691,Content download,SaaS,51-200,Director,0,11,3.7,0,0,2.0,0
LEAD-00692,Referral,SaaS,1-10,Manager,4,3,2.8,0,1,1.5,0
LEAD-00693,Cold outbound,Finance,11-50,Manager,1,8,1.9,1,0,1.5,1
LEAD-00694,Content download,SaaS,11-50,VP/C-level,3,2,0.6,0,0,2.7,0
LEAD-00695,Referral,Manufacturing,51-200,VP/C-level,3,2,5.8,1,0,1.1,1
LEAD-00696,Cold outbound,Retail,1-10,IC,3,3,7.9,0,0,0.7,0
LEAD-00697,Website form,Manufacturing,201-1000,Manager,1,6,3.4,0,1,3.4,0
LEAD-00698,Paid ad,Manufacturing,1000+,IC,3,3,1.9,0,0,0.3,0
LEAD-00699,Content download,SaaS,1-10,IC,4,7,1.2,0,0,0.7,0
LEAD-00700,Website form,SaaS,1-10,IC,4,5,1.3,0,0,3.3,0
LEAD-00701,Content download,Healthcare,11-50,Director,4,2,3.0,1,1,14.8,0
LEAD-00702,Referral,Retail,11-50,IC,1,3,1.1,0,0,0.9,0
LEAD-00703,Content download,Manufacturing,51-200,IC,3,6,3.6,1,0,1.8,0
LEAD-00704,Cold outbound,Retail,1000+,VP/C-level,2,3,0.3,0,0,0.6,0
LEAD-00705,Content download,SaaS,51-200,VP/C-level,1,2,1.4,1,1,0.9,0
LEAD-00706,Cold outbound,SaaS,51-200,Manager,1,3,1.1,0,0,1.7,0
LEAD-00707,Cold outbound,Healthcare,201-1000,Manager,6,8,3.1,0,0,1.4,1
LEAD-00708,Content download,Education,51-200,Manager,5,10,1.7,0,0,3.2,0
LEAD-00709,Referral,Manufacturing,11-50,VP/C-level,6,3,2.5,0,0,0.3,0
LEAD-00710,Website form,Education,1-10,IC,5,4,2.7,1,0,3.0,0
LEAD-00711,Website form,Manufacturing,1-10,Manager,4,4,1.9,0,0,2.8,1
LEAD-00712,Paid ad,Manufacturing,51-200,Manager,4,5,3.1,1,0,4.9,1
LEAD-00713,Content download,Education,1-10,IC,2,6,2.9,0,0,2.2,0
LEAD-00714,Cold outbound,Education,1-10,Manager,5,2,2.4,1,0,1.5,0
LEAD-00715,Paid ad,Finance,51-200,Manager,5,6,4.4,0,0,0.3,0
LEAD-00716,Cold outbound,Education,51-200,Director,4,1,0.1,0,0,2.2,0
LEAD-00717,Content download,Finance,1-10,Manager,1,4,3.7,1,0,1.7,1
LEAD-00718,Content download,Retail,201-1000,Manager,5,2,0.9,0,0,1.3,1
LEAD-00719,Referral,Healthcare,51-200,Manager,4,2,2.2,0,0,18.3,0
LEAD-00720,Content download,Finance,11-50,Director,1,2,1.4,0,0,2.6,0
LEAD-00721,Content download,Finance,11-50,VP/C-level,2,3,1.0,0,1,5.5,0
LEAD-00722,Content download,SaaS,1-10,IC,4,3,2.1,0,0,3.9,0
LEAD-00723,Cold outbound,Retail,51-200,Manager,7,2,1.4,1,0,2.3,1
LEAD-00724,Website form,Education,201-1000,VP/C-level,1,4,2.2,0,0,1.9,1
LEAD-00725,Website form,Manufacturing,51-200,Manager,4,5,9.6,0,1,2.6,0
LEAD-00726,Referral,Manufacturing,1-10,Director,3,5,2.8,1,0,5.3,0
LEAD-00727,Website form,Manufacturing,201-1000,Manager,3,4,2.8,0,0,1.0,1
LEAD-00728,Website form,Finance,11-50,Director,3,6,1.3,1,0,0.7,1
LEAD-00729,Website form,Finance,11-50,Manager,7,7,1.6,1,0,1.7,1
LEAD-00730,Cold outbound,Education,1-10,IC,2,2,1.3,1,0,0.2,0
LEAD-00731,Website form,SaaS,11-50,IC,2,3,5.2,0,0,2.2,0
LEAD-00732,Paid ad,Retail,11-50,Director,2,7,3.6,0,0,1.2,0
LEAD-00733,Website form,Retail,1-10,IC,5,5,1.1,0,1,0.1,1
LEAD-00734,Website form,Finance,11-50,Director,5,6,0.6,0,1,2.4,0
LEAD-00735,Referral,Retail,11-50,Director,1,2,3.0,1,0,1.5,0
LEAD-00736,Cold outbound,Manufacturing,51-200,VP/C-level,2,3,3.5,0,1,0.2,0
LEAD-00737,Referral,SaaS,11-50,VP/C-level,2,3,4.0,1,0,0.1,1
LEAD-00738,Cold outbound,Finance,1000+,Manager,5,4,3.2,0,1,1.9,0
LEAD-00739,Webinar,Manufacturing,51-200,IC,2,3,3.4,0,0,4.1,0
LEAD-00740,Referral,Education,51-200,IC,2,3,3.9,0,0,0.1,0
LEAD-00741,Referral,Manufacturing,1-10,IC,3,2,0.4,1,0,2.4,0
LEAD-00742,Website form,SaaS,201-1000,Manager,4,3,1.6,1,0,3.5,0
LEAD-00743,Website form,SaaS,51-200,Manager,2,6,2.0,0,0,1.8,0
LEAD-00744,Website form,Healthcare,51-200,IC,5,6,2.4,0,0,7.4,0
LEAD-00745,Website form,SaaS,1-10,IC,1,7,1.0,1,0,0.4,1
LEAD-00746,Cold outbound,Education,11-50,Manager,6,3,5.5,1,0,2.4,0
LEAD-00747,Cold outbound,Healthcare,1-10,IC,2,5,1.9,0,0,5.3,0
LEAD-00748,Website form,Healthcare,1-10,Director,1,4,4.8,1,1,0.7,0
LEAD-00749,Cold outbound,Retail,51-200,Manager,1,6,4.4,0,0,2.9,0
LEAD-00750,Referral,Healthcare,11-50,VP/C-level,7,5,3.7,1,0,1.4,1
LEAD-00751,Webinar,SaaS,51-200,Director,2,1,1.8,0,0,4.0,0
LEAD-00752,Content download,Healthcare,201-1000,Director,1,1,4.8,0,0,1.3,0
LEAD-00753,Cold outbound,Manufacturing,1-10,Director,0,3,3.7,0,0,9.2,0
LEAD-00754,Website form,Finance,1-10,IC,2,6,1.5,0,0,1.9,0
LEAD-00755,Website form,Healthcare,51-200,Director,1,6,1.5,0,1,3.3,0
LEAD-00756,Content download,Education,11-50,Director,3,5,3.8,0,1,4.0,0
LEAD-00757,Webinar,Healthcare,201-1000,Manager,2,5,2.5,0,0,0.8,0
LEAD-00758,Cold outbound,Healthcare,201-1000,IC,8,5,0.3,0,1,0.1,0
LEAD-00759,Content download,Education,51-200,IC,1,7,5.7,0,0,1.3,1
LEAD-00760,Referral,Retail,51-200,Director,4,0,1.0,1,0,0.1,0
LEAD-00761,Cold outbound,Retail,1-10,Director,4,4,2.9,0,0,2.1,0
LEAD-00762,Content download,Retail,11-50,IC,3,3,2.5,0,0,4.8,0
LEAD-00763,Content download,Manufacturing,1-10,IC,1,1,4.0,1,0,6.3,0
LEAD-00764,Content download,Manufacturing,51-200,IC,1,5,3.8,0,0,2.2,0
LEAD-00765,Webinar,SaaS,1-10,IC,3,3,4.5,1,0,1.7,0
LEAD-00766,Cold outbound,Manufacturing,11-50,IC,2,1,3.6,0,0,3.4,0
LEAD-00767,Cold outbound,Retail,1-10,Director,1,2,5.6,1,0,0.3,0
LEAD-00768,Paid ad,SaaS,1-10,Director,5,3,3.9,0,0,1.0,0
LEAD-00769,Website form,Healthcare,51-200,Manager,6,2,0.7,0,1,8.3,0
LEAD-00770,Content download,Manufacturing,1-10,IC,5,5,6.6,0,0,5.3,0
LEAD-00771,Content download,SaaS,51-200,IC,4,2,6.6,0,0,12.0,0
LEAD-00772,Cold outbound,Manufacturing,11-50,Manager,3,2,1.3,1,0,15.3,0
LEAD-00773,Website form,Education,11-50,IC,3,3,5.8,1,0,3.4,0
LEAD-00774,Cold outbound,Healthcare,1000+,IC,0,3,1.8,0,0,2.1,0
LEAD-00775,Content download,SaaS,11-50,IC,1,5,4.4,0,0,0.1,0
LEAD-00776,Webinar,Education,11-50,Manager,5,4,2.0,0,0,0.9,0
LEAD-00777,Referral,Education,201-1000,IC,3,3,1.4,0,0,4.3,0
LEAD-00778,Cold outbound,Finance,11-50,VP/C-level,3,2,3.0,0,0,0.0,1
LEAD-00779,Website form,Finance,51-200,IC,5,0,7.4,0,0,1.0,0
LEAD-00780,Website form,Retail,201-1000,Director,5,3,1.8,0,0,0.8,0
LEAD-00781,Cold outbound,Finance,1-10,IC,1,2,0.4,0,0,2.1,0
LEAD-00782,Paid ad,Finance,1-10,Manager,2,1,0.2,0,0,4.7,0
LEAD-00783,Content download,Retail,51-200,Manager,5,7,2.7,0,1,1.4,1
LEAD-00784,Referral,Manufacturing,51-200,Manager,6,7,1.2,0,0,0.8,1
LEAD-00785,Cold outbound,Healthcare,11-50,IC,0,2,3.7,1,0,1.3,0
LEAD-00786,Referral,Manufacturing,1-10,IC,2,2,2.6,1,0,1.7,0
LEAD-00787,Content download,Finance,1-10,Manager,2,5,1.0,0,0,3.8,0
LEAD-00788,Content download,Finance,51-200,Director,1,4,1.5,0,0,0.3,1
LEAD-00789,Content download,Healthcare,51-200,Manager,4,4,4.1,0,0,2.0,0
LEAD-00790,Webinar,Healthcare,11-50,IC,0,5,3.7,0,0,1.5,0
LEAD-00791,Website form,Healthcare,1-10,Manager,2,8,0.7,0,0,3.3,0
LEAD-00792,Paid ad,Finance,51-200,IC,7,4,2.7,0,1,2.6,0
LEAD-00793,Webinar,Education,11-50,IC,4,8,0.8,0,0,0.1,0
LEAD-00794,Website form,SaaS,11-50,IC,4,7,6.1,0,0,1.4,0
LEAD-00795,Webinar,Finance,11-50,IC,1,4,5.1,0,0,4.3,0
LEAD-00796,Content download,Manufacturing,1-10,Director,4,8,10.4,0,0,4.6,0
LEAD-00797,Website form,Healthcare,11-50,Manager,3,2,1.3,0,0,11.0,0
LEAD-00798,Content download,SaaS,11-50,IC,3,3,1.8,1,0,6.0,0
LEAD-00799,Cold outbound,Manufacturing,51-200,Manager,2,4,8.1,0,1,2.9,0
LEAD-00800,Website form,SaaS,1-10,Director,4,2,0.2,1,0,2.3,0
LEAD-00801,Website form,Education,1-10,Director,1,6,0.6,0,0,3.5,0
LEAD-00802,Website form,Retail,11-50,VP/C-level,6,2,3.5,1,0,1.7,0
LEAD-00803,Paid ad,Education,51-200,IC,4,2,0.3,0,0,2.3,0
LEAD-00804,Content download,Education,11-50,IC,1,5,0.7,0,0,0.1,0
LEAD-00805,Content download,Retail,1000+,IC,3,2,4.7,1,0,1.7,0
LEAD-00806,Website form,SaaS,1-10,IC,3,9,0.6,0,0,7.5,0
LEAD-00807,Content download,Education,11-50,Director,4,3,1.4,0,0,3.4,0
LEAD-00808,Webinar,Healthcare,1000+,IC,1,4,3.2,1,1,0.2,0
LEAD-00809,Website form,Retail,201-1000,IC,3,4,6.5,0,0,7.8,0
LEAD-00810,Referral,SaaS,1-10,IC,3,2,2.0,1,0,0.5,0
LEAD-00811,Content download,Finance,11-50,Manager,3,4,2.4,0,0,1.1,0
LEAD-00812,Cold outbound,Retail,1-10,Manager,2,4,4.3,0,0,1.4,0
LEAD-00813,Webinar,Manufacturing,11-50,IC,5,6,1.8,1,0,1.0,1
LEAD-00814,Cold outbound,Healthcare,201-1000,IC,1,5,1.0,0,0,0.5,0
LEAD-00815,Content download,Manufacturing,11-50,IC,2,5,3.7,0,0,4.8,0
LEAD-00816,Website form,SaaS,11-50,Director,4,1,5.5,0,0,2.3,0
LEAD-00817,Website form,Healthcare,11-50,Manager,3,4,1.2,0,0,3.3,0
LEAD-00818,Content download,SaaS,201-1000,Director,3,4,4.6,0,1,0.7,0
LEAD-00819,Cold outbound,Finance,11-50,IC,4,1,3.8,0,0,2.5,0
LEAD-00820,Cold outbound,Retail,201-1000,VP/C-level,3,1,4.2,0,0,1.9,0
LEAD-00821,Webinar,Finance,51-200,VP/C-level,8,5,5.6,1,0,1.8,1
LEAD-00822,Webinar,Retail,201-1000,IC,2,7,2.9,0,0,2.3,0
LEAD-00823,Website form,Healthcare,1-10,Manager,6,4,2.3,1,1,0.6,1
LEAD-00824,Webinar,Healthcare,11-50,Manager,6,4,8.2,1,0,1.3,0
LEAD-00825,Website form,Education,51-200,IC,0,1,0.9,1,0,2.7,1
LEAD-00826,Website form,SaaS,11-50,IC,2,7,6.5,0,1,9.0,0
LEAD-00827,Referral,Finance,201-1000,IC,6,3,2.0,0,1,1.3,1
LEAD-00828,Paid ad,Healthcare,11-50,IC,2,2,2.3,0,0,9.1,1
LEAD-00829,Webinar,Education,51-200,Manager,3,3,0.8,0,0,0.7,1
LEAD-00830,Cold outbound,Education,1-10,Manager,5,6,0.9,0,0,0.5,0
LEAD-00831,Content download,Healthcare,51-200,VP/C-level,6,4,3.2,0,0,8.8,0
LEAD-00832,Website form,SaaS,11-50,IC,6,2,0.2,0,0,1.0,0
LEAD-00833,Webinar,SaaS,201-1000,IC,2,6,1.3,0,0,1.0,0
LEAD-00834,Cold outbound,Retail,51-200,Manager,4,5,1.8,0,0,2.5,0
LEAD-00835,Webinar,SaaS,51-200,Manager,2,8,2.3,1,0,0.9,0
LEAD-00836,Paid ad,Manufacturing,51-200,Manager,5,7,1.7,0,0,3.3,1
LEAD-00837,Content download,SaaS,1000+,Manager,2,1,2.8,0,0,1.8,0
LEAD-00838,Website form,Retail,1-10,VP/C-level,1,3,3.6,0,1,2.8,0
LEAD-00839,Content download,Healthcare,51-200,IC,3,5,1.9,0,0,0.9,0
LEAD-00840,Cold outbound,Education,201-1000,IC,1,5,0.4,1,1,1.1,0
LEAD-00841,Paid ad,Education,1-10,Manager,3,7,1.4,0,0,4.6,0
LEAD-00842,Webinar,Education,11-50,Manager,3,6,9.0,0,0,3.1,0
LEAD-00843,Paid ad,Education,11-50,IC,3,5,4.0,0,0,1.7,0
LEAD-00844,Content download,Finance,51-200,Manager,4,3,0.5,0,0,1.8,1
LEAD-00845,Website form,Manufacturing,1-10,IC,4,4,1.9,1,1,9.2,0
LEAD-00846,Cold outbound,Finance,11-50,IC,8,4,2.3,0,0,6.9,0
LEAD-00847,Website form,Healthcare,11-50,VP/C-level,5,4,0.4,0,1,0.1,1
LEAD-00848,Paid ad,Manufacturing,1-10,Director,3,2,0.8,1,0,13.1,0
LEAD-00849,Webinar,Finance,51-200,Manager,2,7,2.3,0,1,1.7,1
LEAD-00850,Website form,Finance,1-10,IC,7,9,4.4,1,0,0.2,1
LEAD-00851,Website form,SaaS,1-10,IC,5,5,5.6,0,0,0.4,0
LEAD-00852,Referral,Education,11-50,Manager,5,3,3.9,0,0,6.8,0
LEAD-00853,Website form,Education,11-50,IC,0,1,1.8,0,0,8.6,0
LEAD-00854,Content download,Education,11-50,Manager,1,3,2.5,0,0,2.9,0
LEAD-00855,Website form,Finance,1-10,IC,5,2,1.1,0,0,2.4,0
LEAD-00856,Cold outbound,SaaS,51-200,Director,0,5,1.8,1,0,1.1,1
LEAD-00857,Website form,Manufacturing,201-1000,IC,6,4,1.5,0,0,1.8,0
LEAD-00858,Cold outbound,SaaS,51-200,IC,3,1,2.9,1,0,0.2,0
LEAD-00859,Content download,Finance,51-200,Director,3,3,1.4,0,0,1.0,0
LEAD-00860,Referral,Manufacturing,1-10,Director,3,5,2.4,1,0,1.1,0
LEAD-00861,Content download,SaaS,201-1000,IC,3,4,0.4,0,0,0.3,0
LEAD-00862,Paid ad,Manufacturing,1-10,Manager,2,4,12.1,1,0,9.1,0
LEAD-00863,Content download,Education,201-1000,IC,2,4,3.4,1,0,3.1,1
LEAD-00864,Website form,Finance,11-50,VP/C-level,3,5,3.6,1,0,0.7,0
LEAD-00865,Content download,Education,51-200,Director,2,8,3.5,0,0,0.1,0
LEAD-00866,Website form,Retail,1-10,VP/C-level,0,4,3.4,0,1,4.1,0
LEAD-00867,Webinar,Education,1-10,IC,0,5,3.5,0,0,0.8,0
LEAD-00868,Website form,Manufacturing,11-50,IC,2,7,3.9,1,0,0.3,1
LEAD-00869,Website form,Retail,11-50,Director,4,4,1.5,0,0,2.5,0
LEAD-00870,Cold outbound,Manufacturing,11-50,Manager,4,3,4.8,0,0,0.4,0
LEAD-00871,Paid ad,Finance,51-200,Manager,2,3,3.2,1,0,1.8,0
LEAD-00872,Cold outbound,Education,51-200,IC,2,7,2.0,0,0,3.0,0
LEAD-00873,Website form,SaaS,1-10,IC,4,2,1.8,0,0,5.3,0
LEAD-00874,Website form,Healthcare,201-1000,Director,3,5,6.5,0,0,0.6,0
LEAD-00875,Cold outbound,Healthcare,11-50,Manager,3,2,4.3,0,0,4.7,1
LEAD-00876,Website form,Healthcare,1000+,VP/C-level,5,3,1.5,0,0,5.2,0
LEAD-00877,Content download,Manufacturing,51-200,IC,5,3,2.5,1,1,2.8,1
LEAD-00878,Website form,Healthcare,201-1000,VP/C-level,2,4,3.5,1,0,11.7,1
LEAD-00879,Cold outbound,Retail,1-10,IC,5,3,1.5,0,0,0.8,0
LEAD-00880,Cold outbound,Education,11-50,Manager,2,6,4.6,0,0,0.8,0
LEAD-00881,Content download,Finance,1-10,IC,2,5,0.7,0,0,2.0,0
LEAD-00882,Website form,Manufacturing,11-50,Manager,2,7,2.2,0,0,1.3,0
LEAD-00883,Cold outbound,SaaS,51-200,Manager,1,4,2.3,0,0,0.5,0
LEAD-00884,Content download,Finance,201-1000,Manager,4,4,1.1,0,0,0.4,0
LEAD-00885,Website form,SaaS,51-200,Director,2,3,0.8,0,0,5.7,1
LEAD-00886,Website form,Retail,11-50,IC,5,8,1.1,0,0,2.9,0
LEAD-00887,Website form,Manufacturing,201-1000,Director,3,4,3.0,0,0,4.4,0
LEAD-00888,Website form,Healthcare,51-200,IC,3,5,0.8,1,0,6.6,0
LEAD-00889,Webinar,Retail,11-50,Manager,2,5,3.3,0,0,1.3,0
LEAD-00890,Referral,Healthcare,1-10,Director,1,5,1.9,0,0,0.7,0
LEAD-00891,Webinar,Education,51-200,Manager,7,3,2.6,1,1,2.3,1
LEAD-00892,Website form,Retail,201-1000,IC,3,1,3.3,1,1,2.4,0
LEAD-00893,Website form,Retail,1-10,VP/C-level,3,3,2.0,0,0,2.0,0
LEAD-00894,Cold outbound,Education,11-50,Manager,3,5,2.8,0,0,3.1,0
LEAD-00895,Website form,Finance,201-1000,IC,3,5,0.6,1,0,0.2,0
LEAD-00896,Cold outbound,Retail,51-200,Manager,2,3,2.2,1,0,2.7,0
LEAD-00897,Cold outbound,Finance,11-50,Manager,2,3,1.2,0,0,23.8,0
LEAD-00898,Website form,Education,11-50,IC,2,4,3.4,0,0,4.2,0
LEAD-00899,Cold outbound,Finance,1-10,Manager,0,1,4.3,1,0,3.3,1
LEAD-00900,Cold outbound,Manufacturing,51-200,Manager,7,3,4.9,0,0,2.3,0
LEAD-00901,Referral,Education,11-50,Manager,3,2,1.2,1,1,7.2,0
LEAD-00902,Cold outbound,Retail,201-1000,Manager,1,2,3.2,0,1,1.5,0
LEAD-00903,Paid ad,SaaS,11-50,Manager,3,3,4.6,0,0,6.6,0
LEAD-00904,Content download,Education,51-200,IC,2,2,2.3,0,0,0.3,0
LEAD-00905,Cold outbound,Finance,51-200,VP/C-level,3,2,1.8,0,0,4.4,0
LEAD-00906,Website form,Finance,1-10,Manager,3,3,2.8,0,0,3.8,0
LEAD-00907,Cold outbound,Finance,11-50,IC,2,3,0.8,0,0,3.1,0
LEAD-00908,Website form,Finance,51-200,Director,5,4,1.9,1,1,2.1,1
LEAD-00909,Website form,Manufacturing,1-10,IC,5,7,3.5,0,0,3.5,0
LEAD-00910,Content download,Manufacturing,201-1000,Manager,4,4,0.8,0,0,7.8,0
LEAD-00911,Cold outbound,SaaS,201-1000,Manager,1,5,7.4,1,0,3.2,1
LEAD-00912,Content download,Retail,11-50,IC,4,2,2.9,0,0,5.2,0
LEAD-00913,Cold outbound,Healthcare,11-50,Director,6,2,0.9,1,0,2.4,1
LEAD-00914,Content download,Finance,201-1000,Director,0,6,4.4,0,0,8.4,1
LEAD-00915,Webinar,Manufacturing,1-10,Manager,4,1,0.6,0,0,0.6,0
LEAD-00916,Paid ad,Retail,51-200,Manager,0,1,5.1,0,0,0.3,0
LEAD-00917,Content download,Manufacturing,51-200,IC,2,3,6.2,0,0,2.3,0
LEAD-00918,Content download,Retail,1000+,Manager,6,3,5.7,0,0,6.7,0
LEAD-00919,Webinar,Healthcare,1-10,IC,3,1,0.7,0,0,9.1,0
LEAD-00920,Website form,Education,51-200,IC,0,1,3.3,0,0,2.3,0
LEAD-00921,Website form,Retail,201-1000,Director,1,5,1.0,0,0,3.5,0
LEAD-00922,Website form,Healthcare,201-1000,IC,3,7,4.0,0,0,0.2,1
LEAD-00923,Website form,Education,11-50,IC,4,3,0.7,0,1,0.1,0
LEAD-00924,Website form,Finance,11-50,Manager,2,1,7.5,1,0,4.9,0
LEAD-00925,Website form,Manufacturing,51-200,IC,1,0,1.2,0,0,4.4,0
LEAD-00926,Cold outbound,Finance,51-200,Manager,1,3,3.2,0,0,2.9,0
LEAD-00927,Paid ad,Retail,11-50,IC,6,2,0.8,0,0,1.3,0
LEAD-00928,Paid ad,Finance,51-200,IC,3,6,1.5,0,0,1.9,0
LEAD-00929,Website form,Healthcare,1-10,Manager,4,2,6.4,0,0,0.7,0
LEAD-00930,Website form,Education,11-50,IC,4,4,2.1,0,0,3.7,0
LEAD-00931,Website form,Retail,51-200,Manager,2,3,2.7,1,0,0.4,1
LEAD-00932,Referral,Retail,201-1000,Director,5,4,2.9,1,1,0.2,0
LEAD-00933,Cold outbound,Manufacturing,201-1000,IC,2,7,1.7,0,0,1.4,1
LEAD-00934,Content download,SaaS,1-10,Director,3,4,2.4,0,0,2.7,0
LEAD-00935,Website form,Finance,1-10,Director,4,5,2.6,0,1,1.2,1
LEAD-00936,Cold outbound,Finance,11-50,Manager,5,3,6.5,0,1,8.8,0
LEAD-00937,Content download,SaaS,11-50,IC,1,5,4.3,0,0,1.7,0
LEAD-00938,Webinar,Education,1-10,Manager,0,2,6.0,0,0,0.1,0
LEAD-00939,Website form,Manufacturing,1-10,IC,2,3,0.5,0,0,6.3,0
LEAD-00940,Content download,SaaS,51-200,Director,4,6,1.2,1,1,0.5,1
LEAD-00941,Webinar,SaaS,1-10,IC,2,4,4.0,0,0,7.2,0
LEAD-00942,Cold outbound,SaaS,51-200,Director,3,2,3.1,0,0,0.9,1
LEAD-00943,Content download,Retail,51-200,Manager,2,3,2.4,1,0,4.4,0
LEAD-00944,Website form,Healthcare,1-10,IC,4,7,1.7,0,0,0.6,0
LEAD-00945,Website form,Retail,11-50,IC,1,4,3.1,0,0,4.1,1
LEAD-00946,Content download,SaaS,1-10,VP/C-level,4,2,3.1,0,0,2.9,0
LEAD-00947,Paid ad,SaaS,1-10,IC,3,4,2.8,0,0,4.6,0
LEAD-00948,Cold outbound,SaaS,1-10,Manager,5,9,1.5,0,0,2.4,0
LEAD-00949,Referral,Education,201-1000,Manager,0,8,2.9,0,0,7.1,0
LEAD-00950,Website form,SaaS,201-1000,IC,8,7,0.9,0,0,1.3,0
LEAD-00951,Referral,Education,51-200,IC,4,4,1.5,0,0,0.7,1
LEAD-00952,Referral,Manufacturing,1-10,VP/C-level,3,3,4.9,1,0,3.0,0
LEAD-00953,Website form,Finance,1-10,IC,1,5,3.1,0,0,3.9,0
LEAD-00954,Cold outbound,Finance,1-10,IC,4,7,1.2,0,0,1.8,0
LEAD-00955,Paid ad,SaaS,201-1000,Manager,4,6,1.5,0,0,5.6,0
LEAD-00956,Cold outbound,Retail,1-10,Manager,1,4,1.8,0,0,1.0,0
LEAD-00957,Content download,Retail,11-50,Manager,5,5,0.6,1,1,0.6,1
LEAD-00958,Website form,Retail,11-50,Manager,5,5,3.7,0,0,9.7,0
LEAD-00959,Referral,Education,1000+,Manager,4,3,0.6,0,0,0.7,0
LEAD-00960,Referral,Education,201-1000,Manager,4,5,2.5,1,0,2.0,0
LEAD-00961,Paid ad,Finance,1-10,Director,3,3,1.7,0,0,8.8,0
LEAD-00962,Cold outbound,Healthcare,201-1000,Manager,3,9,0.4,0,0,0.3,0
LEAD-00963,Cold outbound,SaaS,11-50,IC,1,3,3.3,0,0,1.9,0
LEAD-00964,Cold outbound,Retail,51-200,Manager,2,3,1.6,0,0,3.9,0
LEAD-00965,Cold outbound,Finance,51-200,VP/C-level,5,4,1.1,0,1,2.0,1
LEAD-00966,Cold outbound,Education,1-10,IC,3,2,4.8,0,0,1.6,0
LEAD-00967,Website form,Healthcare,1-10,VP/C-level,3,5,0.4,1,0,7.0,1
LEAD-00968,Paid ad,Finance,1-10,IC,4,4,2.0,1,0,7.8,0
LEAD-00969,Cold outbound,Manufacturing,51-200,Manager,0,2,1.9,0,0,1.2,0
LEAD-00970,Website form,Healthcare,51-200,Director,3,6,1.2,0,1,1.3,0
LEAD-00971,Webinar,SaaS,51-200,Manager,2,4,2.4,0,0,1.8,0
LEAD-00972,Content download,Education,11-50,Manager,4,5,5.3,1,0,0.8,0
LEAD-00973,Webinar,Retail,51-200,IC,2,4,1.4,1,0,0.0,0
LEAD-00974,Website form,Manufacturing,11-50,IC,1,4,3.4,0,0,1.7,0
LEAD-00975,Content download,Healthcare,51-200,Director,2,3,1.5,0,1,2.3,0
LEAD-00976,Cold outbound,Finance,51-200,IC,1,5,2.1,0,1,0.1,1
LEAD-00977,Cold outbound,Retail,11-50,Manager,3,4,8.9,0,0,0.8,1
LEAD-00978,Referral,Manufacturing,11-50,VP/C-level,3,7,0.4,0,1,0.9,1
LEAD-00979,Cold outbound,Manufacturing,1-10,IC,4,4,9.5,1,0,2.0,1
LEAD-00980,Content download,SaaS,1-10,IC,5,5,2.0,1,0,0.8,0
LEAD-00981,Website form,SaaS,51-200,IC,3,2,0.4,0,1,5.2,0
LEAD-00982,Webinar,Retail,201-1000,VP/C-level,0,3,1.1,0,0,2.4,0
LEAD-00983,Content download,Healthcare,51-200,IC,1,0,4.0,0,0,0.6,0
LEAD-00984,Website form,Finance,11-50,IC,4,2,0.8,0,0,1.3,1
LEAD-00985,Content download,Education,51-200,IC,5,3,1.3,0,0,0.4,0
LEAD-00986,Cold outbound,Education,51-200,IC,1,2,0.8,0,0,1.4,0
LEAD-00987,Website form,Manufacturing,1-10,Director,7,7,0.9,0,0,0.8,0
LEAD-00988,Cold outbound,Manufacturing,51-200,VP/C-level,3,2,3.8,0,0,3.6,0
LEAD-00989,Website form,Finance,11-50,Manager,3,9,3.6,0,0,1.0,0
LEAD-00990,Paid ad,Retail,11-50,IC,5,4,3.8,0,0,4.3,0
LEAD-00991,Content download,Manufacturing,1000+,IC,4,9,1.9,0,0,6.9,0
LEAD-00992,Webinar,Finance,51-200,IC,5,2,2.3,0,0,4.0,0
LEAD-00993,Content download,Education,1000+,VP/C-level,3,4,1.4,0,0,0.2,0
LEAD-00994,Paid ad,Retail,11-50,Director,3,2,0.2,0,0,1.1,0
LEAD-00995,Cold outbound,Healthcare,11-50,Manager,0,10,1.0,0,0,2.6,0
LEAD-00996,Website form,Manufacturing,201-1000,Manager,1,4,2.6,0,0,7.1,0
LEAD-00997,Referral,Education,1-10,IC,3,12,1.0,0,0,2.8,1
LEAD-00998,Webinar,Finance,1-10,Manager,6,7,3.0,1,0,3.6,1
LEAD-00999,Webinar,SaaS,201-1000,IC,4,6,1.4,1,0,2.9,1
LEAD-01000,Website form,Healthcare,1-10,IC,2,6,1.7,0,0,9.6,0
LEAD-01001,Cold outbound,Education,201-1000,IC,4,6,3.0,0,0,3.5,0
LEAD-01002,Cold outbound,Manufacturing,11-50,Manager,2,5,1.2,1,0,4.8,0
LEAD-01003,Website form,Finance,11-50,Director,0,5,2.3,0,0,3.7,0
LEAD-01004,Website form,SaaS,51-200,Director,0,5,3.1,0,0,2.1,1
LEAD-01005,Website form,Healthcare,11-50,IC,4,5,2.1,0,0,5.7,0
LEAD-01006,Content download,Retail,11-50,Director,3,5,2.2,0,0,0.1,0
LEAD-01007,Website form,Education,51-200,Manager,5,7,2.2,1,1,5.0,0
LEAD-01008,Paid ad,Finance,1-10,VP/C-level,1,5,2.4,1,1,1.4,1
LEAD-01009,Referral,Finance,11-50,IC,3,5,1.0,0,0,2.4,0
LEAD-01010,Cold outbound,Education,1-10,IC,4,8,1.0,0,0,0.1,0
LEAD-01011,Cold outbound,Manufacturing,11-50,IC,5,9,6.8,1,0,5.2,0
LEAD-01012,Referral,Healthcare,11-50,VP/C-level,2,7,0.8,0,0,1.3,0
LEAD-01013,Website form,Education,11-50,IC,4,4,0.6,0,0,3.9,0
LEAD-01014,Cold outbound,Retail,11-50,IC,4,4,5.3,1,0,0.0,0
LEAD-01015,Cold outbound,Retail,1-10,Director,4,2,1.8,0,0,0.8,0
LEAD-01016,Website form,Education,201-1000,VP/C-level,2,5,1.7,0,0,2.1,0
LEAD-01017,Website form,Healthcare,1-10,IC,6,7,3.3,0,0,3.1,0
LEAD-01018,Cold outbound,Finance,51-200,IC,3,2,0.4,0,0,1.4,0
LEAD-01019,Content download,Finance,1-10,Manager,0,3,0.9,1,0,3.8,0
LEAD-01020,Webinar,Retail,1-10,IC,2,5,0.5,0,0,0.1,0
LEAD-01021,Cold outbound,Healthcare,201-1000,IC,3,4,4.4,0,1,1.4,1
LEAD-01022,Content download,Manufacturing,11-50,IC,3,8,4.6,0,1,4.9,0
LEAD-01023,Website form,Retail,1-10,IC,2,1,7.9,1,0,2.8,1
LEAD-01024,Referral,Finance,201-1000,IC,3,4,2.7,1,1,6.8,0
LEAD-01025,Content download,Retail,11-50,IC,3,2,3.7,0,0,2.2,0
LEAD-01026,Cold outbound,Finance,11-50,IC,3,4,2.9,0,0,0.1,0
LEAD-01027,Referral,Manufacturing,51-200,Manager,2,6,4.0,0,0,0.4,1
LEAD-01028,Content download,Finance,51-200,Manager,7,6,0.7,0,1,0.3,0
LEAD-01029,Cold outbound,Retail,201-1000,IC,4,4,1.1,0,0,7.5,0
LEAD-01030,Cold outbound,Finance,1-10,VP/C-level,4,2,3.7,0,0,0.5,0
LEAD-01031,Cold outbound,Manufacturing,51-200,IC,2,2,1.0,0,0,1.0,0
LEAD-01032,Cold outbound,Retail,1000+,VP/C-level,3,3,0.7,0,0,0.1,0
LEAD-01033,Content download,SaaS,1-10,VP/C-level,4,6,9.8,0,0,2.2,1
LEAD-01034,Paid ad,Finance,11-50,IC,2,4,1.9,0,0,0.0,0
LEAD-01035,Referral,SaaS,11-50,Director,4,4,1.4,1,0,1.7,1
LEAD-01036,Website form,Manufacturing,201-1000,Manager,4,4,4.3,0,0,0.7,0
LEAD-01037,Webinar,Manufacturing,1-10,IC,3,8,3.8,0,0,6.8,0
LEAD-01038,Cold outbound,Finance,11-50,Manager,4,4,0.6,0,0,3.4,0
LEAD-01039,Website form,Retail,1-10,Manager,3,2,3.5,0,0,0.8,0
LEAD-01040,Referral,SaaS,51-200,VP/C-level,4,6,1.9,0,0,5.6,0
LEAD-01041,Referral,Healthcare,51-200,Director,3,1,3.6,0,0,3.8,0
LEAD-01042,Website form,Healthcare,1-10,Director,3,3,6.3,0,0,3.0,0
LEAD-01043,Cold outbound,Finance,51-200,Director,4,5,1.9,1,0,0.5,0
LEAD-01044,Website form,Finance,201-1000,Director,2,2,2.4,0,0,0.8,0
LEAD-01045,Content download,Finance,1-10,IC,8,3,1.3,1,0,4.4,0
LEAD-01046,Website form,Manufacturing,51-200,Manager,4,5,4.9,0,0,6.2,0
LEAD-01047,Content download,Healthcare,201-1000,IC,2,4,0.0,0,1,1.2,0
LEAD-01048,Content download,Healthcare,51-200,IC,2,0,1.5,1,0,1.0,1
LEAD-01049,Referral,Finance,1-10,IC,3,3,1.5,1,0,2.4,1
LEAD-01050,Website form,Education,1-10,Manager,3,8,2.0,0,0,1.3,0
LEAD-01051,Website form,Retail,1-10,VP/C-level,0,7,2.1,0,0,0.3,0
LEAD-01052,Website form,SaaS,1-10,IC,2,3,2.3,0,0,6.9,0
LEAD-01053,Content download,Retail,11-50,Manager,4,2,3.9,0,1,1.5,0
LEAD-01054,Webinar,Retail,201-1000,Manager,4,3,2.2,1,0,1.8,0
LEAD-01055,Content download,SaaS,201-1000,IC,3,7,2.4,0,0,0.6,0
LEAD-01056,Content download,SaaS,1000+,Manager,1,5,2.5,0,0,0.2,0
LEAD-01057,Website form,Finance,51-200,Manager,3,4,3.3,0,0,17.2,0
LEAD-01058,Referral,Finance,51-200,IC,3,4,0.4,0,0,2.4,0
LEAD-01059,Paid ad,Healthcare,1-10,Manager,1,0,2.5,0,1,3.5,0
LEAD-01060,Referral,Manufacturing,11-50,IC,2,4,1.5,0,0,3.5,0
LEAD-01061,Website form,Education,201-1000,VP/C-level,3,3,2.1,0,0,1.1,0
LEAD-01062,Webinar,SaaS,1-10,Director,0,2,0.8,0,0,0.4,0
LEAD-01063,Cold outbound,Education,201-1000,Manager,6,2,1.4,1,0,17.5,0
LEAD-01064,Cold outbound,Education,51-200,Director,1,5,0.4,0,1,1.7,0
LEAD-01065,Website form,Healthcare,51-200,IC,4,2,1.5,0,0,1.0,0
LEAD-01066,Webinar,Education,201-1000,Manager,0,2,3.6,0,0,3.2,0
LEAD-01067,Cold outbound,Manufacturing,51-200,Manager,1,2,1.7,0,0,2.5,0
LEAD-01068,Content download,Healthcare,51-200,Manager,2,7,1.9,1,1,0.7,0
LEAD-01069,Content download,SaaS,51-200,Manager,1,1,7.1,1,0,0.2,1
LEAD-01070,Cold outbound,Healthcare,51-200,Manager,3,6,1.0,0,0,2.5,0
LEAD-01071,Cold outbound,Manufacturing,11-50,IC,2,2,1.4,1,1,5.2,0
LEAD-01072,Website form,Manufacturing,11-50,IC,2,3,1.4,0,0,1.6,0
LEAD-01073,Cold outbound,SaaS,11-50,Manager,3,4,1.8,0,0,4.0,0
LEAD-01074,Paid ad,Education,1-10,VP/C-level,5,5,2.7,1,1,0.6,0
LEAD-01075,Cold outbound,Retail,11-50,Manager,5,3,1.7,1,0,0.7,0
LEAD-01076,Webinar,Retail,51-200,IC,2,5,1.1,1,0,0.5,0
LEAD-01077,Cold outbound,Manufacturing,1000+,Director,1,5,1.4,1,0,13.3,0
LEAD-01078,Content download,Finance,51-200,IC,4,2,1.8,1,0,4.1,1
LEAD-01079,Referral,Finance,51-200,Manager,1,2,1.8,1,0,2.5,0
LEAD-01080,Webinar,Healthcare,11-50,VP/C-level,3,1,3.0,0,0,11.3,0
LEAD-01081,Referral,Retail,1-10,Director,1,2,1.0,0,0,1.1,0
LEAD-01082,Website form,Finance,1000+,IC,1,4,3.1,0,0,0.5,0
LEAD-01083,Paid ad,Education,11-50,Director,2,3,1.4,0,0,1.3,0
LEAD-01084,Referral,Retail,201-1000,IC,1,6,4.0,1,0,4.1,0
LEAD-01085,Cold outbound,SaaS,1-10,Director,3,7,1.8,0,0,5.7,0
LEAD-01086,Website form,Finance,201-1000,IC,1,2,1.8,1,0,0.8,0
LEAD-01087,Webinar,Healthcare,11-50,Manager,2,1,7.7,1,0,0.4,0
LEAD-01088,Website form,Finance,1-10,Director,5,2,2.8,1,0,14.7,0
LEAD-01089,Cold outbound,Healthcare,1-10,IC,7,1,1.3,0,1,7.1,0
LEAD-01090,Paid ad,Education,201-1000,Manager,4,5,4.6,1,0,4.5,1
LEAD-01091,Referral,SaaS,51-200,VP/C-level,3,2,2.4,0,0,0.0,0
LEAD-01092,Cold outbound,Manufacturing,51-200,IC,3,7,0.5,0,0,1.0,0
LEAD-01093,Webinar,Finance,11-50,Director,3,7,0.9,0,0,9.3,0
LEAD-01094,Webinar,SaaS,11-50,Manager,2,4,1.9,0,0,2.6,0
LEAD-01095,Webinar,Finance,1-10,Manager,2,4,1.1,0,1,0.5,0
LEAD-01096,Cold outbound,Manufacturing,11-50,VP/C-level,4,5,1.6,0,1,2.4,0
LEAD-01097,Webinar,Retail,201-1000,IC,2,4,2.2,1,0,2.7,0
LEAD-01098,Content download,Retail,11-50,Manager,2,2,5.6,0,0,1.7,0
LEAD-01099,Webinar,Manufacturing,11-50,Manager,3,5,2.2,0,0,3.7,0
LEAD-01100,Webinar,Education,11-50,IC,3,4,1.5,0,1,1.2,0
LEAD-01101,Website form,SaaS,201-1000,Manager,4,2,1.6,0,0,7.7,0
LEAD-01102,Website form,Manufacturing,1-10,IC,1,6,0.5,0,0,4.4,0
LEAD-01103,Website form,Education,11-50,IC,8,4,3.5,0,0,2.8,0
LEAD-01104,Cold outbound,Retail,11-50,IC,5,5,3.2,1,1,1.9,0
LEAD-01105,Webinar,Healthcare,201-1000,Manager,2,3,3.3,0,1,10.7,0
LEAD-01106,Cold outbound,Finance,201-1000,IC,2,4,1.7,0,0,1.2,0
LEAD-01107,Cold outbound,SaaS,1-10,Manager,3,3,3.0,0,0,2.1,0
LEAD-01108,Cold outbound,Retail,1-10,Manager,4,2,2.4,1,0,1.1,0
LEAD-01109,Webinar,Education,11-50,VP/C-level,2,3,1.3,0,0,4.6,0
LEAD-01110,Paid ad,Finance,1-10,VP/C-level,4,7,1.7,0,0,2.8,1
LEAD-01111,Webinar,SaaS,1-10,IC,4,3,4.8,0,0,0.5,0
LEAD-01112,Paid ad,Finance,201-1000,IC,3,5,3.3,0,0,2.3,0
LEAD-01113,Cold outbound,Finance,11-50,IC,2,5,2.2,0,0,1.3,0
LEAD-01114,Website form,Manufacturing,201-1000,IC,5,2,0.9,0,1,1.7,0
LEAD-01115,Webinar,SaaS,201-1000,Manager,8,2,5.2,1,0,1.3,1
LEAD-01116,Content download,Manufacturing,11-50,IC,2,5,2.8,0,0,0.8,0
LEAD-01117,Content download,Finance,11-50,IC,5,2,1.0,1,1,0.1,0
LEAD-01118,Website form,SaaS,1000+,Manager,5,1,4.6,0,0,3.2,0
LEAD-01119,Cold outbound,Retail,1-10,Manager,3,6,1.1,0,0,1.8,0
LEAD-01120,Website form,SaaS,1-10,Manager,3,7,1.0,0,0,0.4,0
LEAD-01121,Cold outbound,SaaS,1-10,VP/C-level,2,3,1.8,1,0,1.4,1
LEAD-01122,Referral,SaaS,1-10,IC,0,7,2.2,0,0,5.3,0
LEAD-01123,Paid ad,Healthcare,11-50,IC,3,3,3.8,0,0,5.2,0
LEAD-01124,Website form,Finance,1-10,Director,1,4,0.6,1,0,0.2,0
LEAD-01125,Content download,Retail,51-200,Manager,4,3,0.5,0,0,4.3,0
LEAD-01126,Webinar,Retail,51-200,VP/C-level,2,5,0.8,0,0,1.2,0
LEAD-01127,Content download,Finance,11-50,IC,0,1,2.1,0,0,3.8,0
LEAD-01128,Website form,Healthcare,1-10,IC,5,6,3.0,0,0,3.1,0
LEAD-01129,Content download,Education,1-10,IC,3,6,3.7,0,0,2.7,1
LEAD-01130,Webinar,Finance,11-50,IC,4,7,1.4,0,0,0.7,0
LEAD-01131,Webinar,Retail,51-200,Director,4,5,0.7,0,0,0.7,0
LEAD-01132,Website form,Education,11-50,Manager,3,1,8.5,1,0,9.7,1
LEAD-01133,Cold outbound,Manufacturing,1000+,Manager,0,3,3.7,0,0,0.5,0
LEAD-01134,Content download,Manufacturing,11-50,IC,4,3,2.0,1,0,1.8,0
LEAD-01135,Cold outbound,Retail,1-10,Manager,3,2,1.6,0,0,2.6,0
LEAD-01136,Paid ad,Healthcare,1-10,Manager,2,1,5.2,0,0,1.1,0
LEAD-01137,Cold outbound,Healthcare,201-1000,Manager,1,3,1.0,0,1,2.9,0
LEAD-01138,Paid ad,Finance,11-50,IC,3,3,4.0,1,1,2.5,1
LEAD-01139,Cold outbound,Healthcare,1-10,IC,7,0,1.6,1,0,7.9,0
LEAD-01140,Cold outbound,Finance,51-200,Manager,5,12,1.6,0,0,1.4,0
LEAD-01141,Cold outbound,Finance,1-10,VP/C-level,3,1,7.6,0,0,1.7,0
LEAD-01142,Paid ad,Manufacturing,201-1000,Manager,1,1,0.8,0,0,0.7,0
LEAD-01143,Website form,Healthcare,1000+,Manager,1,4,1.4,0,0,5.9,0
LEAD-01144,Content download,SaaS,201-1000,Director,1,4,3.3,0,0,0.3,0
LEAD-01145,Content download,Manufacturing,11-50,Director,1,4,1.1,0,0,2.8,0
LEAD-01146,Website form,Manufacturing,201-1000,Manager,0,3,2.5,1,0,4.7,1
LEAD-01147,Content download,Healthcare,201-1000,IC,1,3,1.1,0,1,5.2,0
LEAD-01148,Cold outbound,Manufacturing,1-10,Director,1,6,3.8,0,1,5.6,0
LEAD-01149,Paid ad,Retail,51-200,IC,1,3,4.8,1,1,1.0,0
LEAD-01150,Webinar,Retail,1-10,IC,3,3,1.0,1,0,1.9,0
LEAD-01151,Cold outbound,Education,1-10,Director,3,3,1.9,0,0,2.2,0
LEAD-01152,Webinar,Healthcare,1000+,IC,2,3,2.5,0,0,0.9,1
LEAD-01153,Website form,Education,1-10,VP/C-level,2,3,1.7,0,0,3.5,0
LEAD-01154,Website form,Manufacturing,201-1000,IC,6,3,5.4,0,0,2.3,1
LEAD-01155,Website form,Retail,201-1000,Manager,0,3,1.6,0,0,1.7,0
LEAD-01156,Cold outbound,Retail,201-1000,Manager,8,3,1.0,0,0,1.4,0
LEAD-01157,Cold outbound,SaaS,1-10,Manager,4,6,1.1,0,0,6.4,0
LEAD-01158,Content download,Healthcare,11-50,Director,4,4,3.1,1,0,1.0,0
LEAD-01159,Content download,Education,11-50,Manager,3,3,4.1,0,0,8.5,1
LEAD-01160,Webinar,Retail,51-200,Manager,3,1,3.8,0,0,3.8,0
LEAD-01161,Cold outbound,Manufacturing,11-50,IC,2,2,4.5,1,0,0.8,0
LEAD-01162,Cold outbound,Retail,51-200,Director,3,7,4.0,0,0,5.7,0
LEAD-01163,Website form,SaaS,1-10,Manager,1,7,1.2,1,0,1.7,0
LEAD-01164,Content download,SaaS,51-200,IC,5,1,0.4,0,0,3.9,0
LEAD-01165,Website form,Education,1-10,IC,5,5,1.4,0,0,5.3,0
LEAD-01166,Website form,Retail,11-50,Director,1,4,0.7,0,0,1.3,0
LEAD-01167,Cold outbound,Finance,51-200,Director,4,3,1.3,1,0,7.6,0
LEAD-01168,Cold outbound,SaaS,201-1000,IC,3,3,1.1,0,0,6.0,0
LEAD-01169,Referral,Manufacturing,51-200,IC,4,3,0.5,0,0,1.5,0
LEAD-01170,Website form,Manufacturing,201-1000,IC,3,4,0.3,1,1,0.1,1
LEAD-01171,Paid ad,Healthcare,11-50,Manager,2,6,2.0,0,0,2.2,1
LEAD-01172,Referral,Finance,1-10,Director,3,4,2.7,0,0,0.5,0
LEAD-01173,Website form,Manufacturing,1000+,Director,2,6,1.9,0,0,4.1,0
LEAD-01174,Referral,Finance,51-200,IC,2,5,0.7,0,0,0.5,0
LEAD-01175,Cold outbound,Finance,51-200,Director,3,4,0.4,0,0,8.8,0
LEAD-01176,Cold outbound,SaaS,201-1000,Director,3,2,4.5,0,0,9.2,0
LEAD-01177,Website form,Education,51-200,IC,0,4,2.5,0,0,2.9,0
LEAD-01178,Website form,Manufacturing,51-200,Director,6,5,3.4,0,0,4.4,0
LEAD-01179,Content download,Healthcare,11-50,Director,6,2,0.7,0,0,4.9,0
LEAD-01180,Website form,Retail,1-10,IC,4,0,1.0,0,0,0.7,0
LEAD-01181,Website form,Manufacturing,1-10,Manager,0,3,0.6,0,0,4.9,0
LEAD-01182,Webinar,Finance,51-200,IC,5,8,1.9,0,0,0.8,0
LEAD-01183,Paid ad,Manufacturing,1000+,Director,1,6,2.9,0,0,1.0,0
LEAD-01184,Cold outbound,SaaS,51-200,IC,10,6,0.7,1,0,0.2,1
LEAD-01185,Paid ad,SaaS,11-50,Director,2,8,1.1,0,0,1.3,0
LEAD-01186,Website form,SaaS,11-50,Manager,3,5,1.9,0,0,0.9,1
LEAD-01187,Paid ad,Manufacturing,1-10,Manager,0,4,1.8,0,0,3.9,0
LEAD-01188,Website form,Education,11-50,Manager,4,5,3.7,0,1,1.4,1
LEAD-01189,Cold outbound,Retail,1-10,Manager,2,0,1.0,1,0,0.3,0
LEAD-01190,Referral,Finance,51-200,Manager,3,5,1.8,0,0,0.5,1
LEAD-01191,Paid ad,SaaS,11-50,Manager,3,3,1.0,1,0,14.5,1
LEAD-01192,Referral,SaaS,11-50,Manager,4,7,4.7,1,0,0.1,0
LEAD-01193,Cold outbound,Healthcare,11-50,Director,3,5,2.5,0,0,1.9,0
LEAD-01194,Website form,Healthcare,51-200,IC,2,4,1.4,0,0,2.7,0
LEAD-01195,Content download,SaaS,11-50,Manager,2,6,2.8,1,1,1.3,0
LEAD-01196,Cold outbound,SaaS,11-50,Manager,3,8,1.9,1,0,0.5,1
LEAD-01197,Cold outbound,Finance,1-10,Director,5,2,0.4,0,0,2.2,0
LEAD-01198,Content download,Retail,201-1000,IC,2,2,0.6,1,0,1.4,1
LEAD-01199,Content download,SaaS,1-10,IC,1,3,4.7,1,0,0.7,0
LEAD-01200,Website form,Education,11-50,IC,5,2,2.9,0,1,4.3,0
LEAD-01201,Paid ad,Retail,201-1000,Director,2,2,1.8,0,0,0.5,0
LEAD-01202,Website form,Manufacturing,1-10,Director,3,8,2.4,0,0,0.0,0
LEAD-01203,Website form,SaaS,11-50,Director,2,3,4.9,1,0,1.1,1
LEAD-01204,Website form,Education,11-50,IC,2,5,1.9,0,0,0.6,0
LEAD-01205,Website form,Manufacturing,11-50,Director,2,2,3.4,0,1,1.4,1
LEAD-01206,Content download,Finance,1-10,IC,4,4,1.9,0,0,1.1,0
LEAD-01207,Paid ad,Finance,1000+,Director,4,5,1.0,0,1,4.5,0
LEAD-01208,Referral,SaaS,1000+,IC,1,2,1.7,1,1,0.5,0
LEAD-01209,Content download,SaaS,1-10,IC,2,6,1.4,0,0,0.6,0
LEAD-01210,Website form,Manufacturing,11-50,Manager,4,3,2.4,0,0,0.4,0
LEAD-01211,Webinar,Finance,11-50,Director,2,3,0.4,0,0,1.5,1
LEAD-01212,Website form,Manufacturing,1-10,IC,3,4,2.4,0,0,1.1,0
LEAD-01213,Content download,Healthcare,11-50,IC,2,4,3.4,0,0,1.5,0
LEAD-01214,Referral,Healthcare,51-200,Manager,0,3,4.2,0,0,3.6,1
LEAD-01215,Cold outbound,Finance,11-50,Manager,3,5,1.7,0,0,0.6,0
LEAD-01216,Cold outbound,SaaS,201-1000,Manager,2,5,4.3,0,0,3.9,1
LEAD-01217,Webinar,Education,51-200,Director,6,5,1.2,1,0,0.4,1
LEAD-01218,Cold outbound,SaaS,201-1000,Manager,4,1,1.8,0,0,12.5,0
LEAD-01219,Website form,SaaS,201-1000,Manager,8,4,2.6,0,0,2.1,0
LEAD-01220,Website form,Education,51-200,IC,3,4,2.8,0,0,3.7,0
LEAD-01221,Website form,Retail,1000+,Manager,4,1,2.2,0,0,2.2,0
LEAD-01222,Content download,Finance,11-50,IC,1,3,2.4,1,0,0.3,0
LEAD-01223,Referral,Healthcare,1-10,Manager,0,3,2.9,1,0,1.9,0
LEAD-01224,Paid ad,Retail,11-50,IC,4,1,2.8,0,0,0.6,0
LEAD-01225,Cold outbound,Education,11-50,Director,6,5,2.8,0,0,2.8,0
LEAD-01226,Content download,Manufacturing,201-1000,Director,4,10,2.4,1,1,1.2,1
LEAD-01227,Website form,Finance,51-200,IC,5,6,0.4,0,0,7.3,0
LEAD-01228,Content download,Retail,11-50,Manager,2,4,4.4,1,1,0.5,0
LEAD-01229,Paid ad,Manufacturing,11-50,Manager,0,4,4.6,0,0,0.6,0
LEAD-01230,Paid ad,Retail,201-1000,IC,2,4,1.5,0,1,0.4,0
LEAD-01231,Referral,SaaS,11-50,Director,2,8,1.5,0,0,0.7,0
LEAD-01232,Website form,SaaS,51-200,IC,4,6,2.6,0,0,0.6,0
LEAD-01233,Website form,Finance,11-50,Manager,1,3,0.6,1,0,4.9,0
LEAD-01234,Website form,Retail,51-200,Manager,3,6,0.8,0,0,4.0,0
LEAD-01235,Cold outbound,Retail,201-1000,Manager,2,4,1.1,0,0,2.9,0
LEAD-01236,Content download,Retail,51-200,Manager,3,3,5.2,1,0,4.2,1
LEAD-01237,Website form,SaaS,201-1000,IC,1,4,2.0,0,0,2.5,0
LEAD-01238,Cold outbound,Healthcare,11-50,Director,3,0,2.0,0,0,3.2,0
LEAD-01239,Referral,Finance,1-10,Director,2,3,2.7,0,0,15.2,0
LEAD-01240,Cold outbound,SaaS,1-10,Director,2,3,0.2,0,0,0.6,0
LEAD-01241,Website form,SaaS,1-10,Director,3,4,1.2,0,0,4.0,0
LEAD-01242,Paid ad,Healthcare,11-50,VP/C-level,1,6,1.1,0,0,2.0,0
LEAD-01243,Cold outbound,Retail,1-10,Manager,3,2,2.0,0,1,2.9,0
LEAD-01244,Webinar,Healthcare,1-10,Manager,3,5,1.3,0,0,3.9,0
LEAD-01245,Content download,SaaS,11-50,IC,3,2,2.1,0,1,0.3,0
LEAD-01246,Website form,Manufacturing,201-1000,IC,3,5,1.3,0,0,3.6,0
LEAD-01247,Referral,Education,11-50,Manager,3,3,2.3,0,0,6.1,0
LEAD-01248,Website form,SaaS,201-1000,IC,1,1,1.1,0,0,0.6,0
LEAD-01249,Cold outbound,Finance,11-50,Manager,0,2,2.0,0,0,25.1,0
LEAD-01250,Cold outbound,Manufacturing,1000+,IC,4,4,0.5,0,0,0.8,0
LEAD-01251,Cold outbound,Finance,201-1000,Director,3,4,1.6,0,0,5.2,0
LEAD-01252,Referral,Healthcare,201-1000,Director,2,8,1.5,0,0,1.2,0
LEAD-01253,Content download,SaaS,51-200,Director,3,3,3.1,0,1,3.7,1
LEAD-01254,Webinar,Education,1-10,Manager,4,7,2.3,0,0,3.7,0
LEAD-01255,Website form,Healthcare,11-50,IC,5,4,1.4,0,0,4.2,0
LEAD-01256,Paid ad,Manufacturing,11-50,Director,1,4,5.4,0,0,2.9,0
LEAD-01257,Cold outbound,Finance,11-50,Director,3,4,3.7,0,0,4.1,0
LEAD-01258,Website form,SaaS,201-1000,IC,3,4,1.9,0,0,1.7,0
LEAD-01259,Cold outbound,SaaS,11-50,Manager,1,5,0.9,0,0,3.9,0
LEAD-01260,Cold outbound,Healthcare,1-10,Director,2,3,8.0,0,0,0.3,0
LEAD-01261,Referral,Retail,1-10,IC,4,6,2.9,0,1,3.9,0
LEAD-01262,Website form,Manufacturing,11-50,IC,1,5,0.9,1,0,0.2,0
LEAD-01263,Content download,SaaS,1000+,Manager,2,3,1.6,1,0,1.0,0
LEAD-01264,Website form,SaaS,11-50,Manager,1,4,6.6,0,0,5.6,0
LEAD-01265,Cold outbound,SaaS,11-50,Manager,6,7,4.9,0,0,2.0,0
LEAD-01266,Cold outbound,SaaS,51-200,IC,3,3,3.9,0,0,0.5,0
LEAD-01267,Content download,Manufacturing,201-1000,Manager,3,2,2.0,1,0,9.8,0
LEAD-01268,Website form,Finance,11-50,IC,1,5,5.4,0,1,0.1,1
LEAD-01269,Paid ad,SaaS,51-200,IC,3,5,3.5,0,0,4.9,1
LEAD-01270,Website form,SaaS,1-10,Manager,0,4,5.8,0,0,0.3,0
LEAD-01271,Website form,Finance,11-50,Manager,3,6,3.5,0,0,2.4,0
LEAD-01272,Cold outbound,Retail,11-50,VP/C-level,3,4,1.3,0,0,2.7,1
LEAD-01273,Cold outbound,Healthcare,11-50,VP/C-level,1,4,4.8,0,1,3.2,0
LEAD-01274,Referral,Education,11-50,Manager,4,7,5.4,0,0,1.8,1
LEAD-01275,Webinar,Education,1-10,IC,2,1,4.2,0,1,12.0,0
LEAD-01276,Cold outbound,Healthcare,1-10,Manager,0,0,0.6,0,0,2.6,0
LEAD-01277,Content download,Retail,201-1000,IC,5,3,6.1,0,0,0.1,0
LEAD-01278,Cold outbound,SaaS,51-200,Manager,4,4,0.9,0,0,1.8,1
LEAD-01279,Cold outbound,Education,1-10,Director,0,6,0.2,0,1,1.6,0
LEAD-01280,Paid ad,Education,51-200,Director,3,1,2.8,0,0,1.3,0
LEAD-01281,Referral,Finance,1-10,Director,4,2,2.2,0,0,0.4,0
LEAD-01282,Website form,Healthcare,11-50,Manager,2,2,4.4,0,0,5.7,0
LEAD-01283,Cold outbound,SaaS,1-10,Manager,4,4,2.4,0,0,9.6,0
LEAD-01284,Referral,Finance,1000+,Director,6,6,2.4,0,0,0.6,0
LEAD-01285,Cold outbound,SaaS,11-50,Manager,3,6,3.1,0,1,5.6,0
LEAD-01286,Cold outbound,Retail,51-200,Director,6,6,2.9,0,0,2.6,0
LEAD-01287,Cold outbound,Manufacturing,51-200,Director,2,2,5.6,0,0,18.1,0
LEAD-01288,Content download,SaaS,1-10,Director,6,4,1.3,0,0,4.8,0
LEAD-01289,Content download,SaaS,1000+,IC,4,6,2.0,0,1,1.9,0
LEAD-01290,Webinar,SaaS,1-10,IC,1,5,1.8,0,0,1.8,0
LEAD-01291,Webinar,Finance,1-10,IC,6,5,2.1,0,0,0.4,0
LEAD-01292,Website form,Manufacturing,11-50,Manager,3,3,1.4,0,0,0.1,1
LEAD-01293,Website form,SaaS,11-50,Manager,3,5,2.0,0,0,0.4,0
LEAD-01294,Content download,Retail,201-1000,VP/C-level,3,5,0.9,0,0,3.2,0
LEAD-01295,Website form,Healthcare,11-50,Director,3,6,2.3,0,0,4.2,0
LEAD-01296,Website form,Manufacturing,201-1000,IC,5,8,2.6,0,0,6.0,0
LEAD-01297,Content download,Healthcare,11-50,Manager,1,5,1.9,1,1,6.6,0
LEAD-01298,Website form,Manufacturing,11-50,Manager,3,5,1.8,0,0,2.4,1
LEAD-01299,Referral,Finance,11-50,VP/C-level,2,4,0.9,1,0,3.0,0
LEAD-01300,Content download,Retail,1-10,Director,3,5,5.2,0,1,2.4,0
LEAD-01301,Paid ad,Retail,11-50,Manager,3,4,5.1,0,0,0.1,0
LEAD-01302,Cold outbound,Education,1-10,Director,0,2,0.9,1,0,0.1,0
LEAD-01303,Cold outbound,Education,11-50,IC,4,3,4.9,0,0,2.0,0
LEAD-01304,Website form,Education,1-10,IC,3,2,2.7,0,0,3.0,0
LEAD-01305,Website form,Healthcare,1-10,IC,6,9,2.9,0,0,0.0,0
LEAD-01306,Referral,Education,201-1000,Director,3,4,0.8,0,0,0.5,1
LEAD-01307,Cold outbound,Education,51-200,Manager,3,5,0.2,0,0,1.3,0
LEAD-01308,Referral,Manufacturing,1-10,Manager,4,5,2.5,0,0,2.9,0
LEAD-01309,Cold outbound,Finance,51-200,IC,3,3,2.1,1,0,1.2,0
LEAD-01310,Webinar,Manufacturing,1-10,Manager,4,2,0.9,1,0,3.2,1
LEAD-01311,Website form,Retail,1-10,Director,4,3,0.8,1,0,2.4,0
LEAD-01312,Cold outbound,Education,11-50,Manager,3,6,3.0,0,0,3.9,1
LEAD-01313,Website form,Healthcare,1-10,VP/C-level,3,5,1.6,0,0,3.1,0
LEAD-01314,Content download,Manufacturing,11-50,Director,4,4,1.1,1,0,5.2,0
LEAD-01315,Website form,Healthcare,1-10,Director,3,4,1.9,0,0,3.1,1
LEAD-01316,Cold outbound,Healthcare,11-50,Director,4,4,2.0,0,0,5.3,0
LEAD-01317,Cold outbound,SaaS,11-50,Director,3,4,2.7,0,0,2.1,0
LEAD-01318,Cold outbound,Finance,51-200,Director,1,4,2.8,1,1,0.5,1
LEAD-01319,Cold outbound,Finance,1000+,IC,3,4,3.7,0,0,0.6,0
LEAD-01320,Website form,Healthcare,51-200,IC,4,2,3.4,0,0,0.3,0
LEAD-01321,Cold outbound,Manufacturing,51-200,Director,1,1,0.4,0,0,1.6,0
LEAD-01322,Content download,Finance,51-200,Manager,6,8,2.9,0,0,1.6,0
LEAD-01323,Website form,Manufacturing,201-1000,Manager,7,1,2.8,1,0,0.8,1
LEAD-01324,Website form,Education,51-200,IC,2,6,3.8,1,0,1.0,0
LEAD-01325,Webinar,SaaS,51-200,Manager,2,6,3.7,0,0,0.7,0
LEAD-01326,Content download,Education,201-1000,IC,4,0,1.3,0,0,1.8,0
LEAD-01327,Cold outbound,SaaS,51-200,IC,2,4,1.8,1,1,5.8,1
LEAD-01328,Website form,Manufacturing,201-1000,Manager,3,6,2.2,1,0,1.2,1
LEAD-01329,Webinar,Finance,51-200,IC,1,4,1.3,0,0,4.6,0
LEAD-01330,Paid ad,Manufacturing,1-10,IC,2,6,2.2,1,0,6.1,0
LEAD-01331,Content download,SaaS,51-200,Manager,8,4,0.7,0,0,15.5,0
LEAD-01332,Cold outbound,Finance,51-200,IC,3,2,0.3,1,0,1.7,0
LEAD-01333,Content download,Retail,11-50,IC,3,3,0.6,0,1,1.5,0
LEAD-01334,Webinar,Retail,51-200,Manager,4,2,3.5,0,0,7.8,0
LEAD-01335,Website form,Education,11-50,Director,4,2,1.9,0,1,2.6,0
LEAD-01336,Cold outbound,Manufacturing,1000+,IC,8,3,2.9,0,0,3.4,0
LEAD-01337,Webinar,Retail,11-50,Director,1,3,1.4,0,0,8.2,0
LEAD-01338,Webinar,Retail,51-200,Manager,3,3,1.7,0,0,3.7,0
LEAD-01339,Website form,SaaS,11-50,IC,3,5,0.5,0,0,4.1,0
LEAD-01340,Cold outbound,Finance,51-200,Director,6,2,3.5,0,0,3.8,0
LEAD-01341,Website form,SaaS,1-10,Director,4,2,3.0,0,0,4.9,0
LEAD-01342,Cold outbound,Finance,1-10,Manager,3,2,1.5,0,0,1.5,0
LEAD-01343,Webinar,Manufacturing,1-10,IC,4,3,5.1,0,1,9.4,0
LEAD-01344,Website form,Manufacturing,1-10,Director,1,0,2.6,0,0,5.4,0
LEAD-01345,Paid ad,Healthcare,51-200,Manager,5,6,1.6,0,1,3.3,0
LEAD-01346,Cold outbound,Retail,11-50,Director,3,7,0.4,1,0,6.4,0
LEAD-01347,Referral,Retail,51-200,Manager,4,4,0.3,0,0,5.5,0
LEAD-01348,Cold outbound,Finance,11-50,VP/C-level,6,4,4.2,0,0,0.3,0
LEAD-01349,Website form,Retail,51-200,IC,1,8,1.5,0,0,3.0,0
LEAD-01350,Website form,Healthcare,11-50,VP/C-level,2,4,6.9,0,0,0.5,0
LEAD-01351,Website form,Retail,11-50,Director,5,5,3.5,1,1,0.8,0
LEAD-01352,Website form,Healthcare,1-10,IC,0,2,2.2,0,0,1.5,0
LEAD-01353,Referral,Healthcare,11-50,IC,1,5,3.5,0,0,3.2,0
LEAD-01354,Referral,Education,11-50,Manager,2,5,2.0,0,1,0.8,0
LEAD-01355,Webinar,Manufacturing,1-10,Director,5,5,3.9,0,0,0.7,0
LEAD-01356,Website form,Finance,51-200,VP/C-level,3,11,4.7,0,0,11.1,0
LEAD-01357,Content download,Finance,1-10,Director,3,3,3.4,0,0,10.0,0
LEAD-01358,Cold outbound,Healthcare,1-10,Manager,0,6,1.4,0,1,3.7,0
LEAD-01359,Website form,Education,11-50,IC,4,8,1.7,0,0,1.4,0
LEAD-01360,Paid ad,Finance,201-1000,IC,3,4,3.1,0,0,3.2,1
LEAD-01361,Referral,Retail,11-50,VP/C-level,7,6,5.4,1,0,0.0,0
LEAD-01362,Referral,Finance,1-10,VP/C-level,3,4,1.2,1,0,4.0,0
LEAD-01363,Cold outbound,Education,11-50,IC,2,2,2.0,0,0,6.1,0
LEAD-01364,Website form,Healthcare,1-10,IC,2,4,1.8,0,0,0.8,0
LEAD-01365,Content download,Finance,1-10,VP/C-level,1,1,6.4,0,0,9.0,0
LEAD-01366,Website form,Finance,201-1000,Director,1,4,0.6,1,1,0.7,1
LEAD-01367,Cold outbound,SaaS,1-10,IC,2,7,6.6,0,0,4.4,0
LEAD-01368,Referral,Manufacturing,1-10,Manager,3,2,0.3,0,0,12.2,0
LEAD-01369,Content download,Finance,1-10,Director,5,2,2.5,0,0,3.4,0
LEAD-01370,Webinar,Retail,1-10,IC,0,6,2.0,0,0,1.1,1
LEAD-01371,Webinar,Manufacturing,1-10,Manager,0,3,5.4,1,0,0.2,0
LEAD-01372,Cold outbound,SaaS,11-50,IC,3,3,0.7,1,0,5.3,0
LEAD-01373,Website form,Education,51-200,Director,2,5,10.9,0,0,0.8,0
LEAD-01374,Webinar,Healthcare,11-50,Manager,1,3,7.1,1,0,2.4,0
LEAD-01375,Webinar,Retail,51-200,Director,2,4,2.4,0,0,0.4,0
LEAD-01376,Webinar,Finance,201-1000,IC,7,4,1.1,0,0,0.3,0
LEAD-01377,Cold outbound,Retail,51-200,Manager,3,8,1.1,0,1,6.4,0
LEAD-01378,Website form,Retail,1-10,Director,2,6,2.2,0,1,4.7,0
LEAD-01379,Cold outbound,Finance,51-200,IC,2,7,2.8,0,0,1.1,1
LEAD-01380,Webinar,Healthcare,1000+,Manager,5,1,1.0,0,0,3.9,0
LEAD-01381,Paid ad,Healthcare,1000+,VP/C-level,3,7,2.6,0,0,2.2,0
LEAD-01382,Website form,SaaS,1-10,Manager,2,2,2.6,0,1,3.4,0
LEAD-01383,Website form,Manufacturing,201-1000,IC,0,8,0.8,0,0,5.2,0
LEAD-01384,Paid ad,Manufacturing,1-10,Manager,4,4,0.8,0,1,5.3,1
LEAD-01385,Cold outbound,Finance,1-10,IC,1,3,1.3,0,0,3.6,0
LEAD-01386,Cold outbound,Retail,11-50,IC,4,3,0.4,0,0,2.1,0
LEAD-01387,Website form,SaaS,51-200,Manager,5,4,2.9,0,0,0.0,0
LEAD-01388,Website form,Healthcare,11-50,IC,5,5,3.4,0,0,0.4,0
LEAD-01389,Website form,Finance,1-10,IC,2,4,2.4,0,1,0.8,0
LEAD-01390,Paid ad,Education,11-50,IC,6,3,2.1,0,0,0.8,0
LEAD-01391,Website form,Finance,1-10,Director,4,6,1.4,1,0,5.2,0
LEAD-01392,Content download,Manufacturing,11-50,Director,3,3,3.3,1,0,4.2,0
LEAD-01393,Content download,SaaS,51-200,Director,1,3,3.0,0,0,0.1,1
LEAD-01394,Cold outbound,Finance,11-50,IC,2,2,1.2,0,0,1.9,0
LEAD-01395,Content download,Manufacturing,1000+,IC,3,6,1.5,0,0,0.7,0
LEAD-01396,Cold outbound,Education,51-200,Director,3,3,2.2,0,0,1.5,0
LEAD-01397,Website form,Healthcare,11-50,Manager,1,4,1.1,0,0,3.7,0
LEAD-01398,Website form,Retail,11-50,IC,3,6,6.4,0,0,1.7,0
LEAD-01399,Cold outbound,Healthcare,11-50,Manager,5,6,5.1,1,0,4.4,1
LEAD-01400,Cold outbound,Education,1-10,Director,1,2,7.0,0,1,5.7,0
LEAD-01401,Paid ad,SaaS,11-50,IC,4,3,2.0,1,1,6.3,1
LEAD-01402,Cold outbound,Healthcare,51-200,Manager,1,5,2.6,0,0,9.9,0
LEAD-01403,Content download,Healthcare,11-50,IC,3,4,2.1,0,0,1.1,0
LEAD-01404,Cold outbound,SaaS,1-10,Director,3,6,2.1,0,0,1.0,0
LEAD-01405,Webinar,Manufacturing,11-50,Director,3,8,4.6,0,0,0.3,0
LEAD-01406,Website form,Education,1-10,Director,3,5,4.2,0,0,2.6,0
LEAD-01407,Website form,Education,11-50,Manager,2,5,4.4,0,0,4.6,0
LEAD-01408,Cold outbound,Education,1-10,Manager,2,2,0.6,0,0,1.4,1
LEAD-01409,Webinar,SaaS,11-50,IC,0,2,4.1,0,0,7.2,0
LEAD-01410,Cold outbound,Manufacturing,11-50,Manager,4,6,0.5,0,0,3.2,0
LEAD-01411,Paid ad,Education,1-10,Director,3,5,4.4,0,0,5.5,0
LEAD-01412,Website form,Finance,51-200,IC,2,4,5.0,0,0,0.4,0
LEAD-01413,Cold outbound,Healthcare,201-1000,IC,6,2,0.3,0,1,10.3,0
LEAD-01414,Website form,Retail,11-50,Manager,3,1,1.6,0,0,2.9,0
LEAD-01415,Referral,Manufacturing,11-50,IC,3,5,4.9,1,0,4.2,0
LEAD-01416,Website form,Finance,51-200,Director,5,5,2.2,1,0,4.4,1
LEAD-01417,Paid ad,Education,51-200,IC,2,6,1.3,1,0,2.7,0
LEAD-01418,Website form,Manufacturing,1-10,Manager,4,3,6.2,0,0,1.5,0
LEAD-01419,Website form,Healthcare,11-50,Director,4,7,4.4,1,0,0.5,0
LEAD-01420,Referral,Education,1-10,Manager,2,4,1.9,1,0,1.1,0
LEAD-01421,Website form,Finance,51-200,IC,5,2,5.9,1,0,3.0,1
LEAD-01422,Website form,SaaS,11-50,Manager,5,5,2.3,1,0,0.7,1
LEAD-01423,Referral,Healthcare,201-1000,Manager,2,5,1.3,0,1,9.8,0
LEAD-01424,Content download,Healthcare,11-50,IC,2,1,1.9,0,0,3.0,0
LEAD-01425,Website form,Healthcare,11-50,Manager,4,0,0.4,0,0,1.1,0
LEAD-01426,Cold outbound,Education,201-1000,Director,1,8,2.4,1,1,2.6,0
LEAD-01427,Website form,SaaS,1-10,IC,1,5,0.6,0,0,5.2,0
LEAD-01428,Content download,Manufacturing,11-50,IC,3,6,3.0,0,0,0.9,0
LEAD-01429,Cold outbound,SaaS,11-50,VP/C-level,8,3,4.3,0,0,0.7,1
LEAD-01430,Content download,Healthcare,11-50,Manager,2,0,4.0,0,0,0.2,0
LEAD-01431,Website form,Education,51-200,IC,1,4,0.9,1,0,0.5,0
LEAD-01432,Website form,Retail,51-200,Director,4,1,4.0,1,0,8.0,1
LEAD-01433,Content download,Healthcare,51-200,IC,1,3,0.6,0,0,5.5,0
LEAD-01434,Cold outbound,Retail,11-50,Manager,3,1,4.1,0,0,8.8,0
LEAD-01435,Cold outbound,Healthcare,11-50,VP/C-level,1,5,1.9,0,0,1.9,0
LEAD-01436,Website form,Finance,1-10,IC,1,5,1.0,0,0,9.6,0
LEAD-01437,Cold outbound,SaaS,1-10,Manager,5,4,2.7,1,0,3.4,0
LEAD-01438,Cold outbound,Manufacturing,1-10,VP/C-level,7,5,5.4,0,0,3.8,0
LEAD-01439,Paid ad,Healthcare,51-200,Director,5,3,2.2,0,0,0.4,0
LEAD-01440,Website form,SaaS,11-50,IC,3,6,2.7,0,0,1.0,0
LEAD-01441,Paid ad,SaaS,11-50,Manager,6,2,3.0,0,0,1.3,0
LEAD-01442,Content download,SaaS,51-200,IC,2,5,2.8,0,0,2.3,0
LEAD-01443,Webinar,Education,51-200,IC,1,5,1.6,0,0,0.3,0
LEAD-01444,Content download,Retail,51-200,IC,5,5,3.0,0,0,6.5,0
LEAD-01445,Webinar,Healthcare,11-50,Director,1,2,0.6,0,0,0.5,0
LEAD-01446,Cold outbound,Manufacturing,51-200,Manager,4,6,1.8,0,0,4.8,0
LEAD-01447,Webinar,Healthcare,1-10,IC,2,4,3.1,0,0,3.0,0
LEAD-01448,Referral,SaaS,51-200,Manager,3,3,1.0,0,1,4.9,1
LEAD-01449,Content download,Education,11-50,Manager,2,4,4.6,1,0,1.1,0
LEAD-01450,Referral,Manufacturing,1-10,Manager,3,3,2.3,0,1,1.1,0
LEAD-01451,Paid ad,Manufacturing,51-200,IC,2,2,5.3,0,0,2.5,0
LEAD-01452,Website form,Healthcare,201-1000,IC,4,9,2.5,0,0,4.0,0
LEAD-01453,Cold outbound,Manufacturing,1-10,Director,1,2,4.5,0,0,0.4,0
LEAD-01454,Website form,Manufacturing,1-10,Manager,4,2,3.9,0,0,1.1,0
LEAD-01455,Website form,Retail,11-50,Director,3,5,0.7,0,0,1.6,1
LEAD-01456,Referral,Manufacturing,11-50,IC,7,4,2.0,0,0,1.4,1
LEAD-01457,Content download,Retail,1-10,Director,3,8,2.0,0,1,2.1,0
LEAD-01458,Cold outbound,Manufacturing,1-10,Director,3,9,2.3,0,0,1.7,0
LEAD-01459,Website form,Healthcare,11-50,Director,0,6,2.6,0,0,4.6,0
LEAD-01460,Website form,SaaS,1-10,Manager,4,5,4.6,0,0,0.0,0
LEAD-01461,Content download,Education,11-50,Manager,1,6,9.8,0,0,0.0,0
LEAD-01462,Paid ad,Retail,1-10,Manager,3,4,0.7,0,0,1.7,0
LEAD-01463,Content download,Retail,51-200,VP/C-level,6,4,2.0,0,0,2.7,1
LEAD-01464,Website form,Manufacturing,51-200,Manager,4,2,0.7,0,0,0.3,0
LEAD-01465,Cold outbound,Education,51-200,Director,0,8,5.0,1,0,2.3,0
LEAD-01466,Website form,SaaS,201-1000,IC,2,4,2.3,0,0,0.3,0
LEAD-01467,Cold outbound,Manufacturing,201-1000,Director,1,5,4.3,0,1,2.2,0
LEAD-01468,Paid ad,Finance,51-200,Director,0,4,0.1,0,0,0.7,1
LEAD-01469,Referral,Healthcare,11-50,Manager,4,3,0.5,0,0,3.1,0
LEAD-01470,Website form,Healthcare,51-200,Manager,2,5,0.5,1,0,0.1,0
LEAD-01471,Content download,SaaS,11-50,IC,1,4,1.4,0,0,5.6,1
LEAD-01472,Paid ad,Manufacturing,51-200,Manager,1,2,1.0,0,0,1.7,0
LEAD-01473,Website form,SaaS,51-200,IC,3,6,1.9,0,0,0.3,0
LEAD-01474,Content download,Education,11-50,IC,0,4,0.6,0,0,0.4,0
LEAD-01475,Paid ad,Manufacturing,1-10,VP/C-level,4,3,0.8,0,0,3.9,0
LEAD-01476,Referral,Education,51-200,Manager,2,2,3.4,0,0,5.5,0
LEAD-01477,Website form,SaaS,1-10,IC,1,4,1.1,0,0,1.3,0
LEAD-01478,Website form,Education,51-200,IC,3,4,3.3,1,1,0.7,1
LEAD-01479,Website form,Healthcare,201-1000,IC,3,6,1.8,0,1,12.6,0
LEAD-01480,Content download,SaaS,11-50,Manager,5,2,1.8,0,0,6.2,0
LEAD-01481,Cold outbound,Manufacturing,51-200,IC,4,2,2.3,0,0,0.9,1
LEAD-01482,Cold outbound,Healthcare,1-10,Director,3,2,5.1,0,1,5.3,0
LEAD-01483,Referral,Retail,201-1000,Manager,4,5,3.0,0,0,0.7,1
LEAD-01484,Website form,Manufacturing,1-10,Director,0,2,2.0,0,0,2.9,0
LEAD-01485,Content download,Healthcare,1-10,IC,3,2,0.8,0,0,2.6,0
LEAD-01486,Content download,Finance,11-50,Manager,5,3,4.5,0,1,3.7,0
LEAD-01487,Cold outbound,Manufacturing,1-10,Director,4,5,1.3,0,0,0.6,0
LEAD-01488,Website form,Finance,11-50,IC,1,7,4.1,0,0,1.4,0
LEAD-01489,Cold outbound,Education,1-10,Director,1,5,1.0,1,0,7.6,0
LEAD-01490,Cold outbound,Retail,201-1000,Manager,6,3,3.9,0,0,1.2,0
LEAD-01491,Content download,Education,201-1000,Manager,5,5,3.1,0,0,0.4,0
LEAD-01492,Content download,Education,11-50,Director,2,2,5.5,0,0,0.2,0
LEAD-01493,Content download,Education,51-200,IC,5,5,5.6,0,1,9.5,0
LEAD-01494,Content download,Finance,1-10,IC,4,4,3.1,0,0,2.6,0
LEAD-01495,Website form,SaaS,11-50,Manager,4,2,5.2,0,0,0.8,0
LEAD-01496,Cold outbound,SaaS,201-1000,Manager,6,5,1.7,1,0,2.1,0
LEAD-01497,Referral,Education,1-10,VP/C-level,2,2,3.5,0,0,6.3,1
LEAD-01498,Website form,Education,11-50,IC,0,4,0.4,1,0,2.9,0
LEAD-01499,Content download,Retail,1-10,Manager,2,4,3.2,0,1,1.3,0
LEAD-01500,Referral,Manufacturing,1-10,IC,2,4,2.4,0,0,3.0,0
LEAD-01501,Referral,Finance,1-10,Manager,2,4,1.3,0,1,7.9,0
LEAD-01502,Paid ad,Education,1-10,Director,4,2,4.3,0,0,0.6,0
LEAD-01503,Content download,SaaS,201-1000,IC,2,1,6.3,0,0,2.4,0
LEAD-01504,Website form,Healthcare,51-200,IC,7,2,1.9,1,0,1.2,0
LEAD-01505,Cold outbound,Finance,1-10,IC,0,7,2.2,0,0,1.1,0
LEAD-01506,Cold outbound,Retail,51-200,VP/C-level,2,1,1.6,0,0,0.0,0
LEAD-01507,Cold outbound,Manufacturing,1000+,IC,4,3,5.8,0,0,1.4,0
LEAD-01508,Webinar,Retail,11-50,Manager,3,7,1.8,0,0,1.0,1
LEAD-01509,Content download,SaaS,11-50,Manager,1,4,1.3,0,0,0.2,0
LEAD-01510,Cold outbound,Retail,51-200,Director,3,9,2.7,0,0,3.5,0
LEAD-01511,Cold outbound,Education,1000+,VP/C-level,3,3,0.3,0,0,0.0,0
LEAD-01512,Webinar,Manufacturing,51-200,Manager,8,6,1.2,1,0,4.1,0
LEAD-01513,Cold outbound,Finance,11-50,IC,4,6,6.6,0,0,0.9,0
LEAD-01514,Webinar,SaaS,1-10,IC,5,3,3.4,0,0,3.5,0
LEAD-01515,Content download,Manufacturing,1-10,Manager,0,4,1.1,0,0,9.8,0
LEAD-01516,Cold outbound,Healthcare,1-10,Director,3,6,0.8,0,0,1.3,1
LEAD-01517,Content download,SaaS,201-1000,IC,3,4,2.9,0,0,0.9,1
LEAD-01518,Content download,Education,51-200,IC,4,4,2.2,0,0,1.5,0
LEAD-01519,Cold outbound,Education,1-10,Manager,1,5,1.9,0,0,2.0,0
LEAD-01520,Cold outbound,Retail,1-10,Manager,3,7,0.7,1,0,2.8,0
LEAD-01521,Content download,Education,1-10,VP/C-level,3,8,0.7,1,0,0.0,1
LEAD-01522,Paid ad,Finance,11-50,Director,1,3,1.4,0,0,2.3,0
LEAD-01523,Website form,Healthcare,51-200,Manager,6,6,1.2,0,1,0.8,0
LEAD-01524,Cold outbound,SaaS,201-1000,VP/C-level,2,3,0.5,0,1,2.6,0
LEAD-01525,Website form,Healthcare,11-50,Manager,5,2,2.0,0,1,3.5,0
LEAD-01526,Website form,Finance,1-10,IC,3,7,1.1,0,0,5.5,0
LEAD-01527,Website form,Healthcare,201-1000,Manager,2,6,3.8,1,0,0.9,1
LEAD-01528,Content download,Retail,11-50,Director,0,2,6.1,0,0,3.8,0
LEAD-01529,Website form,Healthcare,1-10,IC,1,4,7.4,0,0,0.4,0
LEAD-01530,Website form,Manufacturing,1-10,Manager,4,3,6.1,0,0,4.7,0
LEAD-01531,Webinar,SaaS,1000+,Manager,5,2,0.9,1,0,2.7,0
LEAD-01532,Referral,Finance,201-1000,Manager,2,4,1.3,1,0,2.3,1
LEAD-01533,Website form,Manufacturing,51-200,Director,5,5,1.0,0,0,1.3,0
LEAD-01534,Webinar,Finance,1-10,Director,6,6,1.9,0,0,0.3,0
LEAD-01535,Cold outbound,Healthcare,51-200,Director,4,4,1.6,1,1,2.6,0
LEAD-01536,Website form,Healthcare,1-10,Manager,3,3,2.8,1,0,3.2,0
LEAD-01537,Website form,Education,201-1000,VP/C-level,3,0,2.0,0,0,5.9,0
LEAD-01538,Content download,Finance,1-10,Manager,2,3,0.8,1,0,2.6,0
LEAD-01539,Cold outbound,SaaS,11-50,IC,4,4,4.9,0,1,0.6,0
LEAD-01540,Referral,Education,11-50,IC,2,4,3.8,1,0,5.2,0
LEAD-01541,Paid ad,Finance,51-200,Manager,4,2,1.3,0,0,4.9,1
LEAD-01542,Webinar,SaaS,11-50,Manager,6,6,0.8,0,0,7.0,0
LEAD-01543,Content download,Manufacturing,11-50,IC,3,5,4.2,0,0,3.4,0
LEAD-01544,Webinar,Finance,201-1000,Manager,5,1,1.1,1,0,0.3,1
LEAD-01545,Website form,Retail,1-10,Manager,2,3,10.4,0,0,1.2,0
LEAD-01546,Content download,Healthcare,11-50,Director,2,3,0.2,0,0,0.8,0
LEAD-01547,Referral,Finance,51-200,Manager,5,2,3.2,0,0,4.7,0
LEAD-01548,Cold outbound,Finance,11-50,Manager,3,6,3.3,0,0,0.5,0
LEAD-01549,Website form,Healthcare,11-50,IC,4,6,8.2,0,0,3.8,0
LEAD-01550,Paid ad,Manufacturing,1-10,IC,4,5,1.9,0,0,2.3,1
LEAD-01551,Website form,Education,11-50,Manager,5,5,6.0,0,0,3.9,1
LEAD-01552,Cold outbound,Finance,1-10,Manager,2,4,3.0,1,0,1.1,0
LEAD-01553,Paid ad,Manufacturing,11-50,VP/C-level,4,7,1.2,0,1,0.4,0
LEAD-01554,Website form,Education,51-200,Director,8,7,1.3,0,0,0.8,1
LEAD-01555,Website form,Healthcare,1-10,IC,3,2,1.4,0,1,5.2,0
LEAD-01556,Cold outbound,Education,1-10,IC,2,2,1.1,1,0,0.0,0
LEAD-01557,Paid ad,Finance,51-200,IC,2,3,1.9,1,0,1.5,0
LEAD-01558,Webinar,Healthcare,201-1000,Manager,4,5,2.6,0,0,0.7,0
LEAD-01559,Paid ad,Education,1-10,IC,0,3,3.9,1,1,0.5,1
LEAD-01560,Paid ad,Finance,201-1000,Manager,2,5,2.1,0,1,0.5,0
LEAD-01561,Cold outbound,SaaS,201-1000,IC,1,2,1.5,0,0,0.5,0
LEAD-01562,Webinar,Retail,51-200,IC,2,6,1.0,0,0,1.8,0
LEAD-01563,Referral,Healthcare,51-200,IC,1,3,2.4,1,0,1.3,0
LEAD-01564,Content download,Manufacturing,11-50,IC,2,5,2.0,0,0,0.7,0
LEAD-01565,Content download,Retail,51-200,IC,3,5,0.6,1,0,8.9,0
LEAD-01566,Referral,Manufacturing,1-10,IC,4,3,3.7,0,0,5.9,0
LEAD-01567,Website form,Retail,1-10,Director,3,6,2.1,0,0,2.6,0
LEAD-01568,Cold outbound,SaaS,201-1000,IC,1,4,10.8,1,0,0.4,0
LEAD-01569,Website form,Healthcare,11-50,Manager,1,3,3.6,0,1,6.9,1
LEAD-01570,Cold outbound,Manufacturing,201-1000,Director,0,7,7.6,0,0,1.5,0
LEAD-01571,Cold outbound,Manufacturing,11-50,Manager,4,5,2.1,0,1,2.1,0
LEAD-01572,Cold outbound,Healthcare,1-10,IC,0,2,0.4,0,0,6.2,0
LEAD-01573,Content download,Healthcare,51-200,Manager,1,0,2.9,0,0,6.0,0
LEAD-01574,Referral,Education,51-200,IC,5,6,2.6,0,0,0.3,0
LEAD-01575,Website form,Retail,1000+,IC,3,4,1.8,0,1,6.2,0
LEAD-01576,Referral,Retail,51-200,IC,5,8,1.4,0,1,1.6,0
LEAD-01577,Webinar,SaaS,201-1000,IC,3,7,2.9,1,0,0.6,0
LEAD-01578,Cold outbound,Manufacturing,11-50,Manager,5,5,2.3,1,1,3.0,1
LEAD-01579,Cold outbound,Manufacturing,1-10,Manager,2,5,3.4,0,0,0.3,0
LEAD-01580,Webinar,Retail,1000+,IC,4,4,3.6,1,0,4.9,0
LEAD-01581,Website form,Retail,1-10,IC,1,2,2.7,0,0,5.3,0
LEAD-01582,Content download,Retail,11-50,Director,1,4,0.2,0,0,0.3,1
LEAD-01583,Cold outbound,Education,1-10,Director,1,4,1.5,1,0,0.2,0
LEAD-01584,Website form,Education,11-50,Director,3,9,11.1,0,0,0.4,1
LEAD-01585,Referral,Retail,1-10,IC,2,4,1.7,0,0,1.1,0
LEAD-01586,Cold outbound,Manufacturing,1-10,IC,1,2,0.9,0,0,0.9,0
LEAD-01587,Cold outbound,Healthcare,1000+,Director,3,5,1.7,1,0,5.2,1
LEAD-01588,Cold outbound,Healthcare,11-50,IC,2,4,1.5,0,0,3.9,0
LEAD-01589,Cold outbound,Healthcare,1-10,IC,4,4,0.4,0,0,1.8,0
LEAD-01590,Cold outbound,Education,1-10,Director,2,3,1.7,0,1,0.9,0
LEAD-01591,Cold outbound,Finance,51-200,IC,0,6,2.8,0,0,0.8,0
LEAD-01592,Cold outbound,Retail,1-10,Director,4,5,1.6,0,0,3.6,0
LEAD-01593,Website form,Finance,1-10,Manager,2,3,3.3,0,0,1.5,0
LEAD-01594,Website form,Healthcare,201-1000,Director,0,8,1.3,0,1,0.2,0
LEAD-01595,Referral,SaaS,11-50,Director,0,5,4.5,0,0,4.3,0
LEAD-01596,Referral,Healthcare,11-50,VP/C-level,3,3,6.0,0,0,0.4,0
LEAD-01597,Cold outbound,SaaS,51-200,IC,4,2,0.7,0,1,1.1,0
LEAD-01598,Referral,Healthcare,1-10,Director,2,2,1.3,1,0,3.6,0
LEAD-01599,Content download,Finance,51-200,Director,2,4,3.4,0,0,1.9,0
LEAD-01600,Content download,SaaS,11-50,Manager,3,4,4.6,0,0,17.0,0
LEAD-01601,Cold outbound,Education,11-50,Manager,2,4,0.5,0,0,2.4,0
LEAD-01602,Cold outbound,Education,51-200,IC,2,3,2.3,0,0,0.3,0
LEAD-01603,Content download,Retail,201-1000,Director,1,5,3.6,0,0,0.7,0
LEAD-01604,Website form,Healthcare,11-50,VP/C-level,5,4,5.0,0,0,5.3,1
LEAD-01605,Website form,Manufacturing,1-10,IC,4,6,0.1,0,0,1.8,0
LEAD-01606,Webinar,Manufacturing,1-10,Director,4,5,3.0,0,0,0.0,0
LEAD-01607,Webinar,Education,51-200,Manager,1,3,1.4,0,0,2.8,0
LEAD-01608,Cold outbound,Manufacturing,11-50,Director,3,5,5.7,0,0,3.9,0
LEAD-01609,Webinar,Finance,201-1000,IC,6,4,1.3,0,0,0.6,0
LEAD-01610,Website form,Healthcare,1-10,Manager,6,5,2.2,0,0,5.2,0
LEAD-01611,Content download,Manufacturing,201-1000,Manager,3,5,2.5,0,1,2.7,1
LEAD-01612,Webinar,Healthcare,11-50,IC,2,3,3.7,1,0,4.7,0
LEAD-01613,Cold outbound,Education,1000+,IC,4,2,2.6,0,0,1.3,0
LEAD-01614,Webinar,Finance,1-10,IC,3,2,1.1,0,1,4.4,0
LEAD-01615,Cold outbound,Finance,1-10,Manager,5,1,2.0,0,1,3.5,0
LEAD-01616,Paid ad,Healthcare,51-200,Manager,1,5,3.3,0,0,1.2,0
LEAD-01617,Webinar,Healthcare,1-10,VP/C-level,4,3,2.3,1,0,3.7,0
LEAD-01618,Website form,Education,11-50,IC,5,6,4.9,0,0,3.1,0
LEAD-01619,Cold outbound,Manufacturing,11-50,Manager,5,11,2.1,0,0,4.5,0
LEAD-01620,Cold outbound,Retail,201-1000,Manager,4,8,1.9,0,0,0.4,1
LEAD-01621,Webinar,Retail,51-200,IC,4,5,2.2,1,0,0.0,1
LEAD-01622,Website form,Finance,51-200,Manager,1,6,1.2,0,0,1.0,0
LEAD-01623,Content download,Finance,1-10,Manager,3,2,2.2,0,0,1.2,0
LEAD-01624,Referral,Healthcare,201-1000,IC,2,3,1.8,0,0,5.3,0
LEAD-01625,Referral,Finance,1-10,Manager,2,4,1.9,0,0,2.8,0
LEAD-01626,Cold outbound,Finance,1-10,IC,1,7,1.0,0,0,0.9,0
LEAD-01627,Website form,Finance,201-1000,Manager,2,5,3.7,0,0,0.9,0
LEAD-01628,Referral,SaaS,11-50,Manager,5,3,4.0,0,0,0.5,0
LEAD-01629,Webinar,Finance,11-50,Manager,5,3,2.7,0,0,8.3,1
LEAD-01630,Cold outbound,Finance,1-10,IC,2,6,4.2,0,1,2.8,0
LEAD-01631,Website form,Education,201-1000,Manager,2,2,0.7,0,1,1.2,0
LEAD-01632,Referral,Retail,51-200,Director,5,3,9.5,0,0,12.3,0
LEAD-01633,Cold outbound,Healthcare,201-1000,Manager,5,3,2.5,0,0,1.3,1
LEAD-01634,Website form,Healthcare,201-1000,Manager,2,6,2.7,1,0,0.9,0
LEAD-01635,Content download,SaaS,11-50,IC,5,5,3.4,0,0,4.4,0
LEAD-01636,Webinar,Manufacturing,51-200,Manager,4,3,1.8,1,0,0.5,0
LEAD-01637,Webinar,Healthcare,1-10,Director,4,3,3.3,0,0,0.5,0
LEAD-01638,Webinar,Manufacturing,1000+,Manager,4,4,0.7,0,0,6.3,0
LEAD-01639,Content download,SaaS,51-200,Manager,3,4,1.6,0,0,3.3,1
LEAD-01640,Website form,Manufacturing,11-50,Manager,1,6,1.5,0,0,4.0,0
LEAD-01641,Website form,Education,1-10,Manager,1,4,3.8,0,0,0.2,0
LEAD-01642,Content download,Retail,1-10,Director,6,2,6.8,1,1,3.3,0
LEAD-01643,Webinar,Education,11-50,IC,3,5,4.7,1,1,6.9,0
LEAD-01644,Content download,Manufacturing,51-200,IC,1,3,1.8,0,0,3.6,0
LEAD-01645,Website form,Healthcare,11-50,IC,5,2,1.4,1,0,2.4,0
LEAD-01646,Cold outbound,Healthcare,1000+,Manager,8,2,1.9,0,0,22.2,0
LEAD-01647,Website form,Retail,1-10,Director,2,2,1.2,1,0,1.0,0
LEAD-01648,Cold outbound,Healthcare,1000+,VP/C-level,4,4,3.8,0,1,15.1,0
LEAD-01649,Webinar,Healthcare,11-50,IC,2,4,0.5,0,0,1.3,1
LEAD-01650,Website form,Healthcare,1-10,Manager,6,1,1.1,0,0,1.5,0
LEAD-01651,Website form,Retail,11-50,Director,0,2,2.8,0,0,0.4,0
LEAD-01652,Website form,Retail,1-10,Manager,3,2,1.5,0,0,2.5,0
LEAD-01653,Referral,Finance,1-10,IC,0,7,4.8,0,0,3.9,0
LEAD-01654,Webinar,SaaS,1-10,Director,3,5,6.1,0,0,0.1,0
LEAD-01655,Website form,SaaS,1-10,Manager,6,2,1.8,0,0,4.1,0
LEAD-01656,Cold outbound,Manufacturing,1-10,IC,4,6,0.7,0,0,0.9,0
LEAD-01657,Webinar,Finance,11-50,IC,2,1,3.1,0,0,0.5,0
LEAD-01658,Content download,Healthcare,11-50,IC,2,5,4.5,0,0,1.9,0
LEAD-01659,Content download,SaaS,1-10,Manager,4,3,4.9,1,1,1.3,0
LEAD-01660,Webinar,Manufacturing,51-200,Director,3,6,0.6,0,0,2.3,1
LEAD-01661,Content download,Finance,11-50,VP/C-level,5,4,5.5,0,0,8.4,0
LEAD-01662,Website form,Education,1-10,Manager,3,3,2.2,0,0,0.5,0
LEAD-01663,Content download,Finance,201-1000,Manager,3,8,1.9,1,0,2.4,0
LEAD-01664,Cold outbound,Finance,1-10,Director,1,6,3.4,0,0,0.1,0
LEAD-01665,Content download,Healthcare,11-50,Manager,4,5,1.0,0,0,0.2,1
LEAD-01666,Cold outbound,Education,51-200,IC,4,6,2.6,1,0,3.1,0
LEAD-01667,Cold outbound,Healthcare,1-10,Manager,3,6,3.4,1,1,7.6,0
LEAD-01668,Webinar,Finance,11-50,Director,1,4,0.8,0,0,0.3,0
LEAD-01669,Website form,Retail,1000+,IC,2,8,2.0,0,0,5.6,0
LEAD-01670,Webinar,Retail,1000+,Director,3,1,6.3,0,0,1.9,0
LEAD-01671,Website form,SaaS,1-10,Manager,4,2,1.8,0,0,1.4,0
LEAD-01672,Cold outbound,Finance,1-10,Manager,2,2,3.7,0,0,3.7,0
LEAD-01673,Cold outbound,Manufacturing,201-1000,Manager,7,5,8.4,0,0,3.1,0
LEAD-01674,Content download,Manufacturing,11-50,IC,5,8,1.7,0,0,2.9,0
LEAD-01675,Website form,Retail,11-50,Director,3,5,2.1,0,0,6.7,0
LEAD-01676,Referral,Finance,11-50,IC,2,3,3.7,0,0,5.0,0
LEAD-01677,Cold outbound,Retail,1-10,Manager,7,5,1.5,1,1,1.6,0
LEAD-01678,Referral,Finance,51-200,IC,6,6,3.6,0,0,1.7,0
LEAD-01679,Content download,Finance,51-200,VP/C-level,4,7,1.2,0,0,1.3,0
LEAD-01680,Website form,Healthcare,1-10,VP/C-level,2,4,3.1,0,0,1.1,0
LEAD-01681,Cold outbound,SaaS,51-200,IC,2,7,1.6,0,0,5.4,0
LEAD-01682,Referral,Manufacturing,1-10,Manager,5,6,1.5,1,0,6.2,0
LEAD-01683,Website form,Education,51-200,Director,2,6,3.8,0,0,2.1,0
LEAD-01684,Website form,Manufacturing,51-200,IC,1,5,2.1,1,0,0.1,1
LEAD-01685,Website form,Education,11-50,IC,3,6,5.5,1,0,3.0,1
LEAD-01686,Website form,Education,1-10,IC,2,5,5.0,0,0,0.3,0
LEAD-01687,Paid ad,Healthcare,11-50,Director,4,1,1.2,0,1,0.5,1
LEAD-01688,Webinar,Healthcare,1-10,IC,3,3,1.6,0,0,0.7,1
LEAD-01689,Paid ad,SaaS,51-200,IC,3,3,1.2,0,1,1.2,0
LEAD-01690,Cold outbound,Retail,201-1000,IC,0,7,0.9,0,1,3.0,0
LEAD-01691,Cold outbound,Education,51-200,VP/C-level,3,4,5.7,0,0,0.0,0
LEAD-01692,Webinar,SaaS,1-10,IC,4,4,2.4,0,0,0.8,0
LEAD-01693,Webinar,Finance,11-50,IC,4,6,4.4,0,0,0.5,0
LEAD-01694,Content download,Manufacturing,51-200,IC,2,3,1.5,0,1,1.4,1
LEAD-01695,Referral,Finance,1-10,Manager,3,5,5.7,0,0,0.4,0
LEAD-01696,Content download,Healthcare,1-10,Manager,2,0,2.9,0,0,9.6,0
LEAD-01697,Cold outbound,SaaS,51-200,IC,5,3,7.2,0,0,2.6,1
LEAD-01698,Webinar,Education,1-10,Director,2,8,1.9,1,0,3.0,1
LEAD-01699,Cold outbound,SaaS,1-10,Director,2,3,3.5,0,0,0.1,1
LEAD-01700,Cold outbound,Education,11-50,Manager,1,9,1.4,1,0,1.6,1
LEAD-01701,Website form,SaaS,1-10,IC,8,4,0.5,0,0,2.6,0
LEAD-01702,Cold outbound,Manufacturing,1-10,Manager,2,3,1.2,0,0,5.9,0
LEAD-01703,Content download,Finance,1-10,Manager,2,6,1.3,1,0,1.4,1
LEAD-01704,Paid ad,Education,11-50,Manager,3,2,1.7,1,1,3.3,1
LEAD-01705,Referral,Retail,1000+,Manager,2,4,3.8,0,0,2.3,0
LEAD-01706,Referral,Finance,11-50,Manager,2,1,8.3,0,0,0.2,0
LEAD-01707,Cold outbound,Retail,11-50,Director,2,2,3.8,1,0,4.8,0
LEAD-01708,Paid ad,SaaS,51-200,Director,1,6,3.1,0,0,3.1,0
LEAD-01709,Cold outbound,Manufacturing,51-200,Manager,1,4,2.8,0,0,0.1,0
LEAD-01710,Paid ad,Education,51-200,Manager,1,5,4.5,0,0,1.0,0
LEAD-01711,Content download,SaaS,1-10,IC,2,8,2.7,0,1,0.2,0
LEAD-01712,Paid ad,Manufacturing,11-50,Manager,3,7,0.5,0,0,0.1,0
LEAD-01713,Website form,Finance,1-10,Manager,2,5,3.4,0,0,4.6,0
LEAD-01714,Cold outbound,Retail,11-50,IC,3,3,3.3,0,0,0.7,0
LEAD-01715,Cold outbound,Finance,201-1000,IC,1,6,0.8,0,0,2.8,1
LEAD-01716,Webinar,Retail,51-200,Director,0,5,3.3,0,0,2.7,0
LEAD-01717,Website form,Manufacturing,1000+,Director,3,2,8.0,1,0,3.0,0
LEAD-01718,Cold outbound,Healthcare,201-1000,IC,4,5,5.2,0,0,2.3,0
LEAD-01719,Cold outbound,Healthcare,11-50,Manager,1,3,2.9,0,0,0.3,0
LEAD-01720,Cold outbound,Healthcare,11-50,Manager,4,3,0.6,0,0,1.3,0
LEAD-01721,Website form,Retail,11-50,VP/C-level,0,2,0.7,0,0,1.6,0
LEAD-01722,Cold outbound,Healthcare,1-10,Manager,4,5,1.5,0,0,3.5,0
LEAD-01723,Website form,Education,201-1000,Manager,3,7,7.2,0,1,0.5,1
LEAD-01724,Cold outbound,Manufacturing,51-200,Manager,6,2,6.0,0,0,0.0,1
LEAD-01725,Content download,Retail,1-10,IC,3,2,2.2,0,0,3.6,0
LEAD-01726,Webinar,Healthcare,51-200,Manager,3,1,8.7,0,1,4.5,0
LEAD-01727,Website form,Finance,1-10,Manager,3,5,7.6,1,0,4.8,0
LEAD-01728,Cold outbound,Healthcare,1-10,IC,1,4,0.2,0,0,0.8,0
LEAD-01729,Website form,Finance,51-200,Manager,5,3,2.7,0,1,4.3,0
LEAD-01730,Referral,Retail,201-1000,VP/C-level,3,3,1.6,0,0,6.6,0
LEAD-01731,Paid ad,Manufacturing,51-200,IC,1,6,1.3,1,0,0.2,0
LEAD-01732,Webinar,Education,1-10,IC,1,4,3.9,0,0,0.3,0
LEAD-01733,Content download,Healthcare,11-50,VP/C-level,1,0,0.6,1,1,0.0,0
LEAD-01734,Webinar,Manufacturing,51-200,IC,2,3,1.8,0,0,1.3,0
LEAD-01735,Referral,Finance,1-10,IC,5,5,1.5,0,1,3.5,0
LEAD-01736,Website form,Retail,11-50,Director,3,7,1.3,0,0,9.7,0
LEAD-01737,Cold outbound,SaaS,11-50,VP/C-level,2,5,0.9,0,0,1.2,0
LEAD-01738,Website form,Retail,11-50,IC,2,9,1.0,0,0,12.6,0
LEAD-01739,Cold outbound,Manufacturing,11-50,Manager,5,2,5.2,0,0,0.0,0
LEAD-01740,Referral,Manufacturing,1-10,IC,0,5,0.6,1,0,0.4,0
LEAD-01741,Content download,Retail,11-50,IC,7,3,1.8,0,0,0.6,0
LEAD-01742,Website form,Healthcare,11-50,IC,3,3,1.5,0,0,0.2,0
LEAD-01743,Website form,Finance,51-200,IC,3,7,1.5,1,1,4.1,0
LEAD-01744,Content download,Education,11-50,Manager,3,2,1.5,1,0,0.4,0
LEAD-01745,Cold outbound,Healthcare,11-50,Director,2,6,4.7,1,0,0.6,0
LEAD-01746,Webinar,Finance,1-10,Director,3,3,1.6,0,0,2.4,0
LEAD-01747,Cold outbound,Finance,11-50,Manager,1,3,4.2,0,0,0.7,0
LEAD-01748,Referral,Education,1-10,IC,3,2,3.8,0,0,3.7,0
LEAD-01749,Paid ad,Retail,11-50,IC,4,4,2.3,1,0,7.1,0
LEAD-01750,Cold outbound,Manufacturing,11-50,Director,2,3,2.0,1,0,2.1,1
LEAD-01751,Website form,Finance,51-200,VP/C-level,3,5,0.2,1,0,2.8,0
LEAD-01752,Website form,Retail,1000+,Manager,2,6,2.9,0,0,10.0,0
LEAD-01753,Cold outbound,SaaS,11-50,VP/C-level,6,6,3.2,0,0,0.3,0
LEAD-01754,Referral,Retail,1-10,VP/C-level,4,7,1.9,0,1,1.3,1
LEAD-01755,Webinar,Education,11-50,IC,3,3,1.9,0,0,8.6,0
LEAD-01756,Webinar,Manufacturing,1-10,Manager,4,4,6.2,0,1,8.1,0
LEAD-01757,Website form,SaaS,201-1000,Director,3,7,1.6,1,0,1.0,1
LEAD-01758,Website form,Retail,1-10,Manager,2,7,4.5,0,0,0.5,0
LEAD-01759,Website form,Education,11-50,IC,4,2,4.9,0,0,1.7,1
LEAD-01760,Content download,Retail,201-1000,Manager,3,7,2.5,1,0,0.6,0
LEAD-01761,Webinar,Education,11-50,Director,9,5,4.3,0,0,2.9,0
LEAD-01762,Paid ad,Education,1-10,Manager,5,4,0.9,0,0,2.5,0
LEAD-01763,Website form,Manufacturing,1-10,VP/C-level,0,5,1.3,0,0,0.7,0
LEAD-01764,Content download,Healthcare,11-50,IC,3,6,1.5,0,0,2.4,0
LEAD-01765,Webinar,Education,11-50,IC,1,2,2.3,0,0,2.6,0
LEAD-01766,Cold outbound,Manufacturing,11-50,Director,3,9,2.3,0,1,0.6,1
LEAD-01767,Webinar,Retail,51-200,Director,4,4,9.7,0,0,1.9,1
LEAD-01768,Paid ad,Retail,1-10,IC,2,5,3.1,1,1,1.2,1
LEAD-01769,Website form,Healthcare,11-50,Manager,4,3,6.2,0,0,7.3,0
LEAD-01770,Cold outbound,Education,1-10,IC,3,3,1.2,0,0,8.9,0
LEAD-01771,Website form,Finance,11-50,Director,1,6,1.3,0,0,4.4,0
LEAD-01772,Cold outbound,Education,201-1000,IC,3,3,2.0,0,0,5.3,0
LEAD-01773,Content download,SaaS,1000+,Manager,1,2,3.8,1,0,0.7,0
LEAD-01774,Website form,Education,51-200,IC,5,4,2.4,0,1,0.1,1
LEAD-01775,Paid ad,Healthcare,11-50,IC,2,4,2.8,0,0,5.7,0
LEAD-01776,Referral,Finance,1-10,IC,7,4,1.9,0,0,0.1,0
LEAD-01777,Website form,Education,11-50,Manager,0,4,1.5,0,0,12.5,0
LEAD-01778,Content download,Retail,51-200,IC,1,4,3.5,0,0,1.4,0
LEAD-01779,Webinar,Finance,11-50,IC,2,1,0.7,0,0,1.5,0
LEAD-01780,Cold outbound,Retail,11-50,IC,4,5,4.1,0,1,1.3,1
LEAD-01781,Website form,Retail,1-10,IC,1,2,5.6,0,0,1.4,0
LEAD-01782,Cold outbound,Retail,1-10,IC,4,4,2.7,0,1,3.5,0
LEAD-01783,Cold outbound,SaaS,1-10,IC,4,4,0.0,1,1,16.7,0
LEAD-01784,Website form,Healthcare,1-10,Director,5,4,0.9,0,0,0.3,0
LEAD-01785,Content download,Finance,201-1000,IC,4,2,4.2,0,0,2.3,0
LEAD-01786,Website form,SaaS,1-10,IC,5,3,1.5,1,0,6.2,0
LEAD-01787,Webinar,Retail,11-50,Manager,4,4,1.8,0,1,0.6,1
LEAD-01788,Cold outbound,Education,11-50,Manager,4,2,1.3,0,0,1.5,0
LEAD-01789,Cold outbound,SaaS,201-1000,VP/C-level,4,7,1.0,0,0,0.1,0
LEAD-01790,Cold outbound,Manufacturing,51-200,Manager,4,4,1.3,0,0,0.1,0
LEAD-01791,Website form,Healthcare,1-10,Director,4,6,2.5,1,0,8.5,0
LEAD-01792,Website form,Healthcare,201-1000,Manager,3,8,1.5,1,0,0.1,0
LEAD-01793,Website form,Education,51-200,Director,2,3,7.0,0,0,0.9,0
LEAD-01794,Content download,Retail,51-200,IC,2,3,0.9,0,0,4.9,0
LEAD-01795,Website form,Education,51-200,IC,2,4,1.9,0,0,11.3,0
LEAD-01796,Referral,Education,201-1000,IC,1,4,5.7,0,1,4.1,0
LEAD-01797,Content download,Education,201-1000,IC,4,7,1.4,0,0,2.6,0
LEAD-01798,Content download,Retail,51-200,IC,3,5,2.1,0,0,0.8,1
LEAD-01799,Webinar,Manufacturing,11-50,Manager,3,7,1.7,0,0,6.0,0
LEAD-01800,Referral,Education,51-200,Manager,1,6,2.3,0,0,7.2,1
LEAD-01801,Cold outbound,Manufacturing,201-1000,Director,3,3,1.1,0,0,10.2,0
LEAD-01802,Referral,Finance,1-10,Director,5,3,2.5,0,0,1.0,0
LEAD-01803,Content download,Education,201-1000,IC,1,5,1.9,0,1,3.4,0
LEAD-01804,Website form,Healthcare,51-200,Director,1,3,3.1,1,0,9.9,0
LEAD-01805,Cold outbound,Healthcare,11-50,IC,4,7,3.4,1,0,0.2,0
LEAD-01806,Webinar,Finance,11-50,Manager,8,3,5.6,0,0,3.8,0
LEAD-01807,Website form,SaaS,51-200,IC,3,4,7.6,0,0,1.4,0
LEAD-01808,Website form,Retail,1-10,VP/C-level,5,4,2.0,0,0,0.1,0
LEAD-01809,Cold outbound,Manufacturing,11-50,VP/C-level,1,5,1.6,0,0,0.3,1
LEAD-01810,Website form,Education,1-10,IC,3,3,2.1,1,0,0.8,1
LEAD-01811,Referral,Finance,11-50,IC,2,4,1.8,0,0,0.4,0
LEAD-01812,Cold outbound,Healthcare,51-200,IC,1,3,4.0,0,0,5.7,0
LEAD-01813,Cold outbound,Manufacturing,11-50,IC,0,3,1.2,0,0,0.3,0
LEAD-01814,Website form,Education,51-200,IC,7,6,1.1,0,0,0.2,1
LEAD-01815,Webinar,Healthcare,11-50,Manager,4,8,2.1,0,0,4.6,0
LEAD-01816,Cold outbound,SaaS,201-1000,IC,5,8,5.3,0,0,0.9,0
LEAD-01817,Website form,Finance,51-200,Director,9,7,0.9,0,0,5.6,1
LEAD-01818,Webinar,Retail,1-10,Manager,6,2,3.1,1,0,1.8,0
LEAD-01819,Webinar,Education,11-50,VP/C-level,5,5,1.4,0,0,2.7,0
LEAD-01820,Paid ad,Healthcare,1000+,IC,4,4,4.3,0,0,3.0,0
LEAD-01821,Website form,Manufacturing,11-50,IC,5,3,0.8,0,0,0.0,0
LEAD-01822,Website form,Healthcare,1-10,Director,3,5,1.3,0,0,2.6,0
LEAD-01823,Paid ad,Healthcare,1-10,Director,2,4,1.4,1,0,0.3,1
LEAD-01824,Cold outbound,Manufacturing,11-50,VP/C-level,3,3,3.0,0,0,1.8,0
LEAD-01825,Cold outbound,Finance,1000+,Manager,3,3,3.4,0,0,2.8,1
LEAD-01826,Content download,Retail,11-50,Director,2,4,1.4,0,0,3.3,0
LEAD-01827,Content download,SaaS,1-10,IC,2,6,1.9,0,0,1.1,0
LEAD-01828,Content download,Manufacturing,1-10,IC,4,3,5.8,1,0,4.8,0
LEAD-01829,Paid ad,SaaS,11-50,IC,2,4,3.3,1,0,11.2,1
LEAD-01830,Website form,Healthcare,1-10,Director,3,2,2.4,0,0,2.5,0
LEAD-01831,Website form,Manufacturing,1-10,IC,3,5,0.4,0,0,0.3,0
LEAD-01832,Webinar,Healthcare,51-200,Director,3,4,2.7,1,1,0.4,1
LEAD-01833,Website form,Finance,51-200,Manager,3,8,4.6,0,0,2.5,1
LEAD-01834,Webinar,Education,201-1000,VP/C-level,2,5,2.3,0,0,5.6,0
LEAD-01835,Website form,Healthcare,201-1000,IC,4,8,1.2,0,0,2.9,0
LEAD-01836,Website form,Retail,201-1000,Manager,5,7,4.1,0,0,5.2,0
LEAD-01837,Content download,Healthcare,11-50,IC,2,3,1.0,0,1,1.7,0
LEAD-01838,Referral,SaaS,11-50,VP/C-level,8,7,2.8,0,0,0.0,0
LEAD-01839,Content download,Manufacturing,11-50,Manager,1,6,1.1,0,0,3.7,0
LEAD-01840,Cold outbound,Healthcare,201-1000,IC,1,7,0.9,1,0,7.3,0
LEAD-01841,Content download,Education,51-200,Director,5,4,0.7,0,0,1.2,0
LEAD-01842,Website form,Manufacturing,51-200,VP/C-level,2,6,2.2,0,0,0.4,0
LEAD-01843,Content download,Retail,1-10,Manager,6,1,4.1,1,0,1.7,0
LEAD-01844,Website form,Finance,1-10,Manager,2,2,2.4,0,0,0.2,0
LEAD-01845,Website form,Healthcare,51-200,IC,4,5,2.1,0,1,3.1,1
LEAD-01846,Website form,Finance,51-200,IC,1,8,2.5,1,0,1.9,1
LEAD-01847,Cold outbound,SaaS,201-1000,Manager,0,5,3.7,0,0,2.0,0
LEAD-01848,Content download,Finance,1-10,Manager,4,5,0.6,1,1,2.6,0
LEAD-01849,Content download,Manufacturing,1-10,IC,2,5,0.8,0,0,1.7,0
LEAD-01850,Website form,Education,1-10,Manager,1,7,2.6,0,0,1.3,1
LEAD-01851,Referral,Retail,1-10,Manager,5,3,3.0,0,0,1.4,0
LEAD-01852,Website form,Finance,1-10,Manager,2,3,2.1,0,0,3.5,0
LEAD-01853,Paid ad,Retail,1000+,Manager,4,5,0.8,0,0,0.3,0
LEAD-01854,Cold outbound,SaaS,1-10,Director,2,4,2.0,1,0,1.2,0
LEAD-01855,Content download,Manufacturing,201-1000,Manager,3,2,4.4,0,1,2.2,0
LEAD-01856,Cold outbound,Healthcare,11-50,Manager,4,2,2.4,0,1,0.7,0
LEAD-01857,Website form,Healthcare,1-10,IC,4,4,6.8,0,0,0.1,0
LEAD-01858,Content download,Finance,1000+,VP/C-level,1,3,1.9,0,0,2.2,0
LEAD-01859,Webinar,Manufacturing,51-200,Director,2,6,1.1,0,0,5.3,0
LEAD-01860,Content download,SaaS,1-10,IC,4,4,4.0,0,0,3.1,0
LEAD-01861,Referral,Finance,11-50,IC,3,3,1.1,0,0,3.4,1
LEAD-01862,Content download,Manufacturing,11-50,Manager,3,3,2.0,0,1,4.5,0
LEAD-01863,Cold outbound,Education,11-50,IC,4,6,2.3,0,0,13.3,0
LEAD-01864,Paid ad,SaaS,11-50,VP/C-level,4,2,1.6,0,0,0.9,0
LEAD-01865,Paid ad,SaaS,11-50,VP/C-level,5,6,4.2,0,0,0.7,0
LEAD-01866,Website form,Education,11-50,IC,3,2,1.9,0,1,2.9,0
LEAD-01867,Cold outbound,SaaS,51-200,IC,2,4,4.1,0,0,2.6,0
LEAD-01868,Content download,Finance,1-10,VP/C-level,1,2,2.1,1,0,8.2,0
LEAD-01869,Paid ad,Healthcare,1000+,Manager,3,1,3.6,0,0,4.3,0
LEAD-01870,Website form,SaaS,201-1000,Director,1,2,0.6,0,0,0.9,0
LEAD-01871,Content download,Education,1-10,IC,5,7,1.0,1,1,8.4,1
LEAD-01872,Cold outbound,Finance,11-50,Manager,2,1,1.3,0,1,4.3,1
LEAD-01873,Paid ad,Healthcare,11-50,Manager,1,3,0.8,0,0,3.7,0
LEAD-01874,Paid ad,Education,11-50,IC,0,7,0.4,0,0,0.1,0
LEAD-01875,Cold outbound,SaaS,11-50,Director,2,1,1.4,0,0,0.8,1
LEAD-01876,Website form,Finance,1-10,IC,4,8,1.3,0,0,1.2,0
LEAD-01877,Paid ad,Healthcare,51-200,IC,3,2,7.0,0,1,1.0,1
LEAD-01878,Referral,Finance,1-10,Manager,5,6,0.7,0,1,7.3,0
LEAD-01879,Website form,SaaS,201-1000,IC,1,3,1.6,0,0,1.6,0
LEAD-01880,Cold outbound,Retail,51-200,IC,3,2,1.8,0,0,0.7,0
LEAD-01881,Paid ad,Manufacturing,11-50,Director,3,9,0.4,0,0,1.1,0
LEAD-01882,Webinar,Retail,51-200,IC,2,5,1.0,1,0,0.8,1
LEAD-01883,Webinar,Finance,11-50,VP/C-level,2,5,2.6,0,0,1.8,0
LEAD-01884,Website form,Education,201-1000,IC,1,9,4.3,0,1,0.5,0
LEAD-01885,Webinar,Education,1-10,Director,3,1,0.5,0,1,5.5,1
LEAD-01886,Referral,Manufacturing,1-10,Manager,4,5,2.2,0,0,2.0,0
LEAD-01887,Webinar,Healthcare,11-50,IC,2,7,3.5,0,0,3.3,1
LEAD-01888,Content download,SaaS,51-200,Manager,1,3,0.6,0,0,12.4,0
LEAD-01889,Website form,Finance,11-50,IC,3,7,1.7,0,0,6.6,0
LEAD-01890,Webinar,Finance,201-1000,IC,2,7,3.1,0,0,4.0,0
LEAD-01891,Webinar,Retail,1-10,IC,2,6,1.5,0,0,0.6,0
LEAD-01892,Cold outbound,Healthcare,11-50,Director,3,9,3.2,0,0,3.8,1
LEAD-01893,Cold outbound,Finance,201-1000,Director,2,0,2.9,0,0,25.4,0
LEAD-01894,Referral,Manufacturing,51-200,IC,3,1,5.0,0,0,0.7,0
LEAD-01895,Cold outbound,Retail,1-10,Director,2,4,1.3,1,0,0.6,0
LEAD-01896,Website form,Healthcare,51-200,Director,6,3,1.2,0,0,6.0,0
LEAD-01897,Referral,SaaS,1-10,Manager,4,6,1.7,1,0,1.3,1
LEAD-01898,Content download,Healthcare,1-10,Manager,4,3,0.6,0,1,2.0,0
LEAD-01899,Referral,Education,1-10,IC,0,6,0.5,0,0,1.3,0
LEAD-01900,Content download,Retail,1000+,Director,4,4,2.2,0,0,0.6,0
LEAD-01901,Webinar,Healthcare,1-10,IC,4,6,4.8,0,0,1.3,0
LEAD-01902,Cold outbound,Manufacturing,1-10,IC,8,1,3.2,1,0,0.8,0
LEAD-01903,Website form,Education,11-50,Director,2,3,2.6,0,0,0.4,0
LEAD-01904,Website form,Education,11-50,IC,3,3,1.1,0,0,9.4,0
LEAD-01905,Referral,Manufacturing,11-50,IC,4,3,8.0,1,1,4.4,1
LEAD-01906,Referral,Education,1-10,Manager,0,2,4.1,0,0,0.2,1
LEAD-01907,Content download,Retail,51-200,IC,2,5,3.2,0,1,9.0,0
LEAD-01908,Content download,SaaS,51-200,Manager,3,5,4.0,1,0,6.9,0
LEAD-01909,Referral,Retail,51-200,IC,5,4,1.7,1,0,0.9,0
LEAD-01910,Cold outbound,Education,51-200,Manager,4,4,2.6,1,0,0.3,1
LEAD-01911,Website form,Healthcare,201-1000,IC,2,7,5.3,0,0,2.9,0
LEAD-01912,Cold outbound,Finance,1-10,VP/C-level,4,2,2.7,0,0,3.8,0
LEAD-01913,Content download,Healthcare,11-50,Manager,2,5,2.2,0,0,0.2,0
LEAD-01914,Website form,Retail,1-10,Manager,1,5,4.3,0,1,2.0,0
LEAD-01915,Website form,SaaS,1-10,IC,2,0,0.8,0,0,6.3,0
LEAD-01916,Paid ad,Manufacturing,11-50,Manager,5,2,2.7,0,0,6.4,0
LEAD-01917,Paid ad,SaaS,51-200,Manager,5,3,0.7,0,1,0.3,1
LEAD-01918,Webinar,Healthcare,11-50,VP/C-level,3,4,2.7,0,0,0.8,0
LEAD-01919,Cold outbound,Manufacturing,1-10,VP/C-level,2,2,8.4,0,0,1.8,1
LEAD-01920,Content download,Healthcare,11-50,IC,0,0,1.2,1,0,1.4,0
LEAD-01921,Cold outbound,Education,201-1000,IC,2,2,0.5,0,0,4.5,0
LEAD-01922,Website form,SaaS,201-1000,IC,0,5,2.1,0,0,13.5,0
LEAD-01923,Content download,Healthcare,201-1000,IC,2,4,4.1,0,0,3.2,0
LEAD-01924,Paid ad,SaaS,51-200,Director,6,4,2.0,0,0,8.1,0
LEAD-01925,Paid ad,Retail,1-10,IC,6,1,4.0,0,0,8.8,0
LEAD-01926,Paid ad,Retail,201-1000,IC,2,6,1.2,0,1,11.1,0
LEAD-01927,Cold outbound,Education,1-10,Manager,2,2,0.7,0,0,2.4,0
LEAD-01928,Website form,Finance,1-10,IC,3,2,2.3,0,0,2.6,0
LEAD-01929,Webinar,Education,201-1000,IC,7,2,2.6,0,1,4.5,0
LEAD-01930,Content download,SaaS,51-200,IC,0,3,3.3,0,0,3.6,0
LEAD-01931,Referral,Education,201-1000,IC,4,8,4.6,0,0,0.3,0
LEAD-01932,Referral,Education,1-10,IC,2,6,7.2,0,0,5.2,1
LEAD-01933,Webinar,SaaS,51-200,Manager,2,2,5.9,1,0,0.6,0
LEAD-01934,Webinar,Retail,51-200,Director,0,1,0.1,1,0,2.8,0
LEAD-01935,Website form,SaaS,51-200,Manager,0,3,1.5,0,0,5.3,0
LEAD-01936,Website form,Education,201-1000,Manager,4,2,4.0,0,0,0.4,0
LEAD-01937,Content download,Manufacturing,201-1000,Manager,3,5,1.2,0,0,3.7,1
LEAD-01938,Website form,Finance,1-10,IC,4,3,1.5,0,0,1.2,0
LEAD-01939,Cold outbound,Retail,1000+,IC,10,2,5.1,0,0,1.6,0
LEAD-01940,Webinar,SaaS,1-10,IC,5,7,1.9,0,0,3.3,0
LEAD-01941,Cold outbound,Finance,1-10,IC,4,5,3.3,0,0,3.8,0
LEAD-01942,Website form,Manufacturing,201-1000,Director,0,3,1.9,0,0,0.2,0
LEAD-01943,Content download,Retail,1-10,Manager,2,1,1.7,1,0,9.6,0
LEAD-01944,Content download,Education,51-200,IC,1,1,4.1,0,1,8.8,0
LEAD-01945,Website form,Retail,1-10,Director,2,5,2.1,0,0,4.0,0
LEAD-01946,Content download,Healthcare,1000+,Director,2,2,1.8,0,0,1.6,0
LEAD-01947,Website form,Manufacturing,11-50,IC,2,3,4.9,1,0,1.0,0
LEAD-01948,Cold outbound,Finance,1000+,IC,2,4,6.0,1,0,0.3,1
LEAD-01949,Website form,Finance,51-200,Director,3,1,6.9,0,0,0.6,0
LEAD-01950,Cold outbound,Retail,201-1000,Manager,6,3,1.0,0,0,6.6,0
LEAD-01951,Website form,Education,51-200,IC,0,5,2.4,0,0,0.6,0
LEAD-01952,Content download,Healthcare,1000+,Director,5,4,1.7,0,1,0.6,0
LEAD-01953,Paid ad,Finance,1-10,IC,4,3,0.8,0,0,2.5,0
LEAD-01954,Website form,Education,1-10,VP/C-level,4,4,1.3,0,0,6.0,0
LEAD-01955,Website form,SaaS,1-10,Manager,7,5,2.2,0,0,2.7,0
LEAD-01956,Referral,Education,201-1000,Manager,3,4,0.3,0,0,7.5,1
LEAD-01957,Cold outbound,Manufacturing,201-1000,Director,3,4,1.8,0,0,0.6,0
LEAD-01958,Website form,Education,1-10,IC,5,2,4.3,0,1,4.1,0
LEAD-01959,Paid ad,Education,1-10,Manager,5,6,3.5,0,0,0.2,0
LEAD-01960,Content download,Finance,11-50,Manager,3,5,4.3,0,0,0.2,0
LEAD-01961,Webinar,Education,11-50,IC,7,4,0.8,0,0,3.6,0
LEAD-01962,Website form,Manufacturing,1000+,VP/C-level,2,8,3.0,0,1,4.3,0
LEAD-01963,Content download,Education,11-50,Director,6,2,0.5,0,0,2.6,1
LEAD-01964,Paid ad,Education,1-10,IC,2,3,3.0,0,0,5.4,0
LEAD-01965,Content download,Finance,51-200,Director,5,1,2.8,0,0,9.1,0
LEAD-01966,Cold outbound,Retail,201-1000,IC,3,6,1.1,0,0,1.4,0
LEAD-01967,Referral,Retail,1-10,Director,3,7,0.5,0,1,6.5,1
LEAD-01968,Webinar,Education,51-200,IC,2,5,1.4,0,0,2.4,0
LEAD-01969,Content download,SaaS,51-200,IC,2,2,1.4,0,0,7.5,0
LEAD-01970,Cold outbound,Manufacturing,1-10,Manager,2,3,1.6,0,1,1.8,0
LEAD-01971,Website form,Retail,51-200,IC,3,2,3.1,1,1,5.0,0
LEAD-01972,Website form,SaaS,11-50,Director,2,5,3.2,0,0,1.5,0
LEAD-01973,Website form,Retail,51-200,IC,5,4,0.2,0,0,1.1,1
LEAD-01974,Cold outbound,Manufacturing,51-200,Director,9,2,0.6,0,0,0.4,1
LEAD-01975,Webinar,Retail,1-10,IC,3,5,1.8,0,0,2.0,0
LEAD-01976,Website form,Healthcare,1-10,Director,1,2,1.1,0,1,0.8,1
LEAD-01977,Cold outbound,Education,1-10,IC,4,5,1.4,0,0,1.7,0
LEAD-01978,Referral,Healthcare,1-10,Director,6,5,1.6,0,0,5.0,0
LEAD-01979,Paid ad,Finance,51-200,Manager,2,4,1.8,1,0,2.9,1
LEAD-01980,Website form,Education,1-10,IC,4,2,0.8,1,0,0.4,0
LEAD-01981,Content download,Finance,1-10,Manager,2,6,1.4,0,0,8.7,1
LEAD-01982,Content download,SaaS,51-200,Manager,3,6,5.1,0,0,3.5,1
LEAD-01983,Webinar,Education,11-50,IC,3,8,1.2,1,0,4.3,0
LEAD-01984,Website form,SaaS,201-1000,Manager,3,0,2.5,0,0,1.0,0
LEAD-01985,Website form,SaaS,201-1000,IC,1,4,1.6,1,0,5.3,0
LEAD-01986,Referral,Manufacturing,11-50,VP/C-level,3,3,1.5,1,1,1.0,1
LEAD-01987,Website form,SaaS,1-10,IC,2,3,3.1,1,0,3.1,1
LEAD-01988,Website form,Finance,11-50,Manager,4,2,1.6,0,0,1.5,0
LEAD-01989,Cold outbound,Retail,51-200,Director,7,5,1.0,0,0,6.6,0
LEAD-01990,Website form,Manufacturing,1-10,IC,5,5,2.1,1,0,1.0,0
LEAD-01991,Referral,Finance,51-200,Manager,4,3,2.0,1,0,2.2,0
LEAD-01992,Website form,Education,51-200,IC,7,6,0.7,0,1,1.0,0
LEAD-01993,Webinar,Manufacturing,51-200,Director,3,5,3.0,1,1,3.2,1
LEAD-01994,Referral,Retail,51-200,Manager,4,5,3.7,0,0,0.6,0
LEAD-01995,Referral,Finance,51-200,Director,3,3,7.4,0,0,0.1,1
LEAD-01996,Content download,Education,11-50,VP/C-level,1,4,2.0,1,0,8.2,1
LEAD-01997,Website form,Education,1-10,Manager,2,2,3.1,1,0,5.5,0
LEAD-01998,Website form,Healthcare,51-200,IC,1,6,9.2,0,0,12.7,0
LEAD-01999,Paid ad,Finance,1000+,IC,4,4,3.6,0,0,1.7,0
LEAD-02000,Webinar,Education,51-200,Director,2,3,3.9,0,0,1.2,0
LEAD-02001,Referral,Finance,1-10,IC,3,6,0.9,0,0,9.3,0
LEAD-02002,Referral,Manufacturing,11-50,IC,2,6,0.4,1,0,1.3,0
LEAD-02003,Referral,Retail,201-1000,Manager,7,6,3.8,0,0,0.5,1
LEAD-02004,Website form,Education,1-10,Manager,1,2,2.0,0,0,0.4,0
LEAD-02005,Referral,Healthcare,1000+,Manager,5,2,1.8,1,0,2.0,0
LEAD-02006,Referral,SaaS,11-50,IC,5,2,1.3,0,0,4.5,0
LEAD-02007,Content download,Healthcare,51-200,Manager,3,3,0.8,0,0,0.0,1
LEAD-02008,Content download,Healthcare,11-50,IC,7,5,1.1,0,0,1.0,0
LEAD-02009,Cold outbound,Finance,1-10,IC,1,1,1.7,0,0,8.8,0
LEAD-02010,Website form,Manufacturing,11-50,Manager,2,3,1.5,1,1,10.8,1
LEAD-02011,Website form,Retail,11-50,Director,5,2,1.7,0,0,4.6,0
LEAD-02012,Website form,Finance,201-1000,IC,3,8,2.3,0,0,0.6,0
LEAD-02013,Webinar,Retail,51-200,IC,1,2,0.6,0,0,0.6,0
LEAD-02014,Paid ad,SaaS,1000+,VP/C-level,3,5,1.6,0,0,0.6,0
LEAD-02015,Referral,Retail,11-50,IC,4,4,1.7,0,0,3.8,1
LEAD-02016,Cold outbound,Education,11-50,IC,5,6,1.9,0,0,2.1,0
LEAD-02017,Content download,Finance,51-200,Manager,2,1,2.1,0,0,0.3,0
LEAD-02018,Webinar,Retail,11-50,Director,2,3,0.2,1,0,0.3,0
LEAD-02019,Paid ad,SaaS,51-200,IC,6,3,1.9,0,0,0.7,0
LEAD-02020,Referral,Manufacturing,11-50,Manager,3,7,3.6,0,0,0.2,0
LEAD-02021,Referral,Finance,51-200,Manager,3,4,3.1,0,0,0.4,0
LEAD-02022,Content download,Healthcare,1-10,Manager,1,3,0.5,0,1,5.4,0
LEAD-02023,Cold outbound,Manufacturing,201-1000,IC,4,7,0.6,0,0,0.3,0
LEAD-02024,Referral,SaaS,201-1000,Manager,4,8,2.5,0,0,1.3,1
LEAD-02025,Webinar,Healthcare,11-50,Manager,2,5,4.4,0,0,0.5,1
LEAD-02026,Content download,Healthcare,11-50,IC,6,3,1.4,0,0,3.5,0
LEAD-02027,Cold outbound,Finance,1-10,IC,2,2,0.2,0,0,2.6,0
LEAD-02028,Cold outbound,Healthcare,1-10,IC,4,5,2.3,0,0,1.3,0
LEAD-02029,Webinar,Manufacturing,51-200,IC,2,8,1.9,1,0,5.0,1
LEAD-02030,Paid ad,Retail,11-50,IC,2,2,6.1,0,0,0.8,0
LEAD-02031,Content download,Healthcare,1-10,Director,2,2,3.1,0,1,1.2,1
LEAD-02032,Referral,Education,1-10,IC,2,3,0.5,1,1,2.9,1
LEAD-02033,Paid ad,Manufacturing,1-10,IC,5,4,3.0,0,0,4.9,0
LEAD-02034,Website form,Healthcare,51-200,Manager,1,3,3.4,0,0,6.4,0
LEAD-02035,Website form,Finance,201-1000,Manager,2,3,0.8,1,0,0.0,0
LEAD-02036,Content download,Finance,11-50,Manager,4,5,0.4,0,0,1.8,1
LEAD-02037,Cold outbound,Retail,1-10,IC,5,5,0.9,1,0,11.3,0
LEAD-02038,Paid ad,Education,1-10,IC,4,2,4.5,1,0,2.1,1
LEAD-02039,Cold outbound,SaaS,1-10,Manager,6,4,1.7,0,0,4.0,0
LEAD-02040,Webinar,Retail,1-10,IC,1,5,3.9,1,0,3.9,0
LEAD-02041,Content download,Finance,11-50,Director,4,0,0.7,1,0,2.2,0
LEAD-02042,Content download,Retail,51-200,IC,9,3,1.9,0,0,3.0,0
LEAD-02043,Webinar,Education,51-200,IC,4,3,1.2,0,0,1.2,0
LEAD-02044,Referral,SaaS,51-200,Manager,8,4,4.8,1,0,1.2,1
LEAD-02045,Website form,Manufacturing,11-50,IC,4,5,2.2,0,0,2.6,0
LEAD-02046,Webinar,Healthcare,1-10,Manager,3,4,1.5,0,0,4.6,0
LEAD-02047,Website form,SaaS,11-50,IC,2,3,2.0,1,0,1.5,0
LEAD-02048,Website form,Manufacturing,51-200,Manager,5,2,1.7,1,1,0.9,1
LEAD-02049,Website form,SaaS,201-1000,Manager,1,6,2.3,0,0,3.0,0
LEAD-02050,Cold outbound,Finance,1-10,IC,2,4,0.7,0,0,10.6,0
LEAD-02051,Content download,Retail,1-10,VP/C-level,3,5,5.8,1,0,0.2,0
LEAD-02052,Referral,Finance,1-10,IC,5,3,5.1,0,0,0.1,0
LEAD-02053,Cold outbound,Finance,1-10,Manager,3,2,1.1,0,0,6.4,0
LEAD-02054,Website form,Healthcare,201-1000,IC,1,2,2.1,0,0,0.9,0
LEAD-02055,Cold outbound,Retail,1-10,IC,3,4,3.8,0,0,1.6,0
LEAD-02056,Cold outbound,Finance,1-10,Director,2,4,0.9,1,0,4.7,1
LEAD-02057,Referral,Manufacturing,1000+,IC,4,3,4.2,1,0,1.3,0
LEAD-02058,Cold outbound,SaaS,11-50,IC,2,6,1.2,0,0,7.4,0
LEAD-02059,Website form,SaaS,1-10,IC,2,6,2.2,0,0,9.5,0
LEAD-02060,Referral,Healthcare,1-10,Manager,3,6,4.3,0,1,0.7,1
LEAD-02061,Webinar,Manufacturing,11-50,Manager,2,5,4.9,0,0,8.5,0
LEAD-02062,Content download,Retail,201-1000,Manager,3,4,3.6,0,0,1.2,0
LEAD-02063,Website form,Retail,201-1000,IC,3,0,4.9,0,1,2.0,0
LEAD-02064,Webinar,Retail,51-200,Manager,6,1,1.3,0,1,4.8,0
LEAD-02065,Webinar,Finance,11-50,Director,2,2,0.3,0,0,2.1,0
LEAD-02066,Content download,Retail,51-200,IC,7,3,3.7,0,0,5.6,0
LEAD-02067,Website form,Education,11-50,VP/C-level,1,1,1.0,1,1,0.3,1
LEAD-02068,Content download,SaaS,11-50,Director,3,6,1.9,0,0,0.2,0
LEAD-02069,Content download,Education,51-200,Manager,3,3,1.3,1,0,0.2,0
LEAD-02070,Webinar,Education,51-200,Manager,3,5,0.4,0,0,3.1,0
LEAD-02071,Cold outbound,Finance,11-50,Manager,2,5,4.9,0,0,13.6,0
LEAD-02072,Cold outbound,Retail,51-200,Manager,1,6,2.8,0,0,0.8,0
LEAD-02073,Website form,SaaS,51-200,Manager,2,6,2.8,0,0,5.9,0
LEAD-02074,Website form,Manufacturing,201-1000,Manager,4,4,0.2,1,0,2.0,0
LEAD-02075,Referral,Education,1-10,Director,3,2,0.5,1,0,3.3,0
LEAD-02076,Referral,Finance,201-1000,IC,4,5,0.3,1,1,4.1,1
LEAD-02077,Webinar,Finance,51-200,IC,3,5,2.1,0,0,1.2,0
LEAD-02078,Content download,Finance,51-200,Manager,4,2,1.6,1,0,5.6,1
LEAD-02079,Referral,Education,51-200,Manager,2,2,5.0,0,0,17.3,0
LEAD-02080,Content download,Manufacturing,51-200,Manager,3,5,3.7,0,0,2.1,0
LEAD-02081,Website form,Healthcare,11-50,Manager,1,7,1.3,1,0,4.9,0
LEAD-02082,Website form,Manufacturing,51-200,IC,4,3,0.7,0,0,0.8,0
LEAD-02083,Webinar,Retail,1000+,Manager,0,3,0.2,0,0,0.0,0
LEAD-02084,Website form,SaaS,11-50,Director,3,0,1.0,1,0,16.3,0
LEAD-02085,Cold outbound,SaaS,11-50,IC,2,5,2.6,1,0,0.8,0
LEAD-02086,Webinar,Healthcare,1-10,Manager,2,5,1.3,0,0,0.4,0
LEAD-02087,Website form,SaaS,1-10,VP/C-level,1,3,4.3,1,0,1.9,0
LEAD-02088,Content download,Manufacturing,1-10,IC,2,3,2.0,0,0,10.8,0
LEAD-02089,Cold outbound,Healthcare,11-50,Manager,7,3,0.5,0,0,3.0,0
LEAD-02090,Paid ad,Finance,1-10,IC,5,7,5.3,0,0,1.6,0
LEAD-02091,Webinar,Finance,11-50,VP/C-level,1,1,2.8,0,0,8.3,0
LEAD-02092,Cold outbound,Healthcare,1-10,VP/C-level,2,7,4.7,0,0,0.3,0
LEAD-02093,Cold outbound,Healthcare,11-50,IC,2,3,5.3,0,0,4.6,0
LEAD-02094,Paid ad,Manufacturing,1-10,IC,5,3,1.9,0,0,1.3,0
LEAD-02095,Content download,Retail,201-1000,IC,3,4,0.9,1,0,0.6,0
LEAD-02096,Content download,Finance,51-200,Manager,2,1,2.0,1,1,0.8,1
LEAD-02097,Webinar,Retail,51-200,Director,1,7,3.0,0,0,2.8,1
LEAD-02098,Content download,Finance,1-10,Manager,2,2,1.7,1,0,8.0,0
LEAD-02099,Content download,Healthcare,201-1000,IC,4,7,5.2,0,1,4.5,1
LEAD-02100,Website form,Manufacturing,51-200,Director,4,3,1.9,1,1,3.9,0
LEAD-02101,Cold outbound,Finance,11-50,IC,3,2,1.3,0,0,0.6,0
LEAD-02102,Website form,Retail,51-200,IC,2,6,1.1,0,1,2.9,0
LEAD-02103,Website form,Manufacturing,1-10,IC,8,6,10.3,1,0,1.0,1
LEAD-02104,Website form,Retail,51-200,Manager,2,3,2.7,0,0,0.7,0
LEAD-02105,Website form,SaaS,11-50,IC,5,5,5.6,1,0,9.8,0
LEAD-02106,Cold outbound,Healthcare,1-10,IC,4,2,1.8,0,0,2.3,0
LEAD-02107,Cold outbound,Retail,1-10,Director,4,5,3.6,1,0,9.7,0
LEAD-02108,Website form,Healthcare,11-50,Manager,2,3,3.3,0,0,2.3,0
LEAD-02109,Website form,Retail,1-10,Manager,5,5,1.1,0,0,2.1,0
LEAD-02110,Cold outbound,Retail,201-1000,Manager,4,3,1.0,1,0,3.9,0
LEAD-02111,Paid ad,Finance,201-1000,Director,1,2,1.2,0,0,0.8,0
LEAD-02112,Referral,Healthcare,51-200,Manager,1,2,1.2,0,1,1.4,1
LEAD-02113,Cold outbound,Retail,11-50,VP/C-level,3,7,4.1,0,0,0.3,1
LEAD-02114,Website form,Finance,51-200,IC,4,0,0.9,0,0,6.2,0
LEAD-02115,Webinar,Education,11-50,Director,2,3,0.8,1,0,6.9,0
LEAD-02116,Cold outbound,Finance,1-10,IC,3,3,4.8,1,0,3.6,0
LEAD-02117,Paid ad,SaaS,201-1000,IC,1,6,1.8,0,0,0.2,0
LEAD-02118,Paid ad,Finance,1000+,Manager,2,4,6.1,1,0,1.9,0
LEAD-02119,Cold outbound,Finance,1-10,Director,0,9,3.1,0,0,10.3,0
LEAD-02120,Paid ad,Manufacturing,201-1000,Manager,1,6,4.0,1,0,6.2,0
LEAD-02121,Cold outbound,Manufacturing,11-50,Manager,3,3,2.5,0,0,1.6,0
LEAD-02122,Cold outbound,Education,1-10,IC,1,5,5.6,1,0,13.9,0
LEAD-02123,Cold outbound,Finance,11-50,IC,2,3,2.3,0,1,0.0,0
LEAD-02124,Cold outbound,SaaS,1-10,IC,6,4,5.6,0,0,3.6,0
LEAD-02125,Content download,Finance,11-50,IC,3,4,3.6,0,0,2.1,0
LEAD-02126,Paid ad,Healthcare,51-200,IC,5,4,5.9,0,1,6.1,0
LEAD-02127,Cold outbound,Manufacturing,11-50,IC,4,5,2.3,0,1,1.1,0
LEAD-02128,Cold outbound,Education,51-200,IC,5,9,2.9,0,0,4.6,0
LEAD-02129,Website form,Education,11-50,Manager,2,2,3.2,0,0,4.3,0
LEAD-02130,Website form,Education,1000+,Director,0,1,1.1,0,0,1.0,0
LEAD-02131,Website form,Retail,51-200,IC,3,7,1.2,1,0,4.0,0
LEAD-02132,Website form,Manufacturing,1-10,VP/C-level,3,2,0.6,1,0,9.2,0
LEAD-02133,Paid ad,Retail,51-200,IC,5,3,2.5,0,0,0.4,0
LEAD-02134,Webinar,Retail,11-50,Manager,2,3,4.1,0,1,10.1,0
LEAD-02135,Content download,Manufacturing,1-10,Manager,3,5,2.6,0,0,2.2,0
LEAD-02136,Referral,Finance,1-10,Director,4,0,4.7,0,0,1.4,1
LEAD-02137,Referral,Manufacturing,1-10,Manager,4,4,1.4,0,0,0.5,0
LEAD-02138,Cold outbound,Education,51-200,Director,4,3,1.6,0,1,0.1,0
LEAD-02139,Cold outbound,Healthcare,51-200,IC,0,3,2.3,0,0,0.9,0
LEAD-02140,Website form,SaaS,11-50,IC,3,4,5.2,0,0,6.7,0
LEAD-02141,Referral,Finance,11-50,IC,4,5,2.4,0,0,7.5,1
LEAD-02142,Content download,Retail,1-10,IC,4,7,2.7,0,0,0.5,0
LEAD-02143,Content download,Healthcare,11-50,IC,4,2,3.2,0,0,7.7,0
LEAD-02144,Referral,Retail,1000+,Manager,4,2,5.0,1,0,2.3,0
LEAD-02145,Cold outbound,Manufacturing,201-1000,Director,4,4,4.2,0,0,11.6,0
LEAD-02146,Cold outbound,Retail,1-10,Manager,1,5,4.0,1,0,0.5,0
LEAD-02147,Website form,SaaS,1-10,Director,1,4,2.5,1,0,1.2,1
LEAD-02148,Cold outbound,Healthcare,1-10,IC,3,7,1.9,0,0,5.2,0
LEAD-02149,Cold outbound,SaaS,11-50,IC,0,4,4.7,1,0,0.0,0
LEAD-02150,Website form,Healthcare,51-200,IC,4,3,1.7,0,0,0.8,0
LEAD-02151,Content download,Manufacturing,1-10,Director,2,3,0.2,1,0,7.5,1
LEAD-02152,Paid ad,Education,51-200,IC,1,3,1.2,0,0,2.2,0
LEAD-02153,Paid ad,Healthcare,51-200,IC,2,2,2.2,1,1,1.1,0
LEAD-02154,Cold outbound,Finance,1-10,IC,1,5,5.8,0,0,1.2,0
LEAD-02155,Website form,Finance,201-1000,IC,1,1,3.1,0,0,0.2,0
LEAD-02156,Webinar,Finance,51-200,VP/C-level,3,3,1.0,0,0,2.4,0
LEAD-02157,Cold outbound,Manufacturing,51-200,Director,1,3,2.6,0,0,1.9,0
LEAD-02158,Content download,Finance,11-50,Manager,5,2,0.3,0,0,1.8,1
LEAD-02159,Content download,Retail,51-200,VP/C-level,1,5,2.6,1,0,0.2,1
LEAD-02160,Webinar,SaaS,1-10,IC,3,6,7.3,1,0,4.3,0
LEAD-02161,Website form,Manufacturing,51-200,Director,3,8,1.7,1,0,3.9,1
LEAD-02162,Website form,Finance,1000+,IC,6,2,0.4,0,0,2.3,0
LEAD-02163,Content download,Retail,1-10,Director,2,6,4.5,0,0,5.3,0
LEAD-02164,Content download,Retail,11-50,VP/C-level,3,6,2.9,0,0,2.2,0
LEAD-02165,Website form,Finance,11-50,VP/C-level,1,5,2.5,0,0,0.5,0
LEAD-02166,Website form,SaaS,201-1000,IC,3,5,2.1,1,0,2.0,0
LEAD-02167,Webinar,SaaS,1-10,Director,4,5,3.2,0,0,5.0,0
LEAD-02168,Paid ad,Finance,11-50,IC,5,4,4.2,0,0,0.0,0
LEAD-02169,Content download,SaaS,51-200,IC,4,7,1.1,0,0,7.4,0
LEAD-02170,Cold outbound,Manufacturing,11-50,Manager,5,4,1.3,0,0,0.6,1
LEAD-02171,Paid ad,Finance,1-10,IC,4,3,3.5,0,0,4.0,0
LEAD-02172,Paid ad,Retail,51-200,Manager,4,3,2.2,0,0,0.2,0
LEAD-02173,Webinar,Finance,1-10,VP/C-level,0,2,2.6,0,0,1.9,0
LEAD-02174,Website form,Retail,1-10,IC,5,4,2.5,0,0,1.5,0
LEAD-02175,Webinar,Manufacturing,201-1000,Manager,6,6,0.3,0,0,5.0,0
LEAD-02176,Cold outbound,Manufacturing,11-50,Manager,4,3,2.9,0,0,3.4,0
LEAD-02177,Cold outbound,Healthcare,11-50,Manager,4,1,6.2,0,0,2.1,0
LEAD-02178,Cold outbound,Education,51-200,Manager,1,2,1.7,0,0,0.4,0
LEAD-02179,Referral,Retail,11-50,Director,4,8,3.6,0,0,3.8,0
LEAD-02180,Paid ad,Education,51-200,Director,3,3,3.5,1,0,0.7,0
LEAD-02181,Cold outbound,Retail,51-200,IC,4,5,2.9,0,0,0.8,0
LEAD-02182,Paid ad,Healthcare,11-50,IC,4,5,4.0,0,0,8.4,0
LEAD-02183,Content download,Manufacturing,51-200,Director,5,5,1.8,1,0,4.0,1
LEAD-02184,Webinar,Retail,1-10,IC,3,3,3.3,0,0,0.4,1
LEAD-02185,Cold outbound,Finance,201-1000,VP/C-level,1,2,0.6,0,0,2.6,0
LEAD-02186,Cold outbound,Healthcare,201-1000,Manager,4,2,0.9,0,0,0.7,0
LEAD-02187,Website form,SaaS,1-10,Manager,5,2,2.3,0,0,3.2,0
LEAD-02188,Content download,Manufacturing,1-10,IC,4,5,2.7,0,0,3.8,0
LEAD-02189,Content download,Manufacturing,11-50,IC,2,3,4.6,0,0,0.2,0
LEAD-02190,Content download,SaaS,201-1000,Director,7,7,0.7,1,0,2.8,1
LEAD-02191,Content download,Education,11-50,IC,3,6,2.3,1,0,2.1,1
LEAD-02192,Website form,Education,11-50,IC,4,2,2.5,0,0,8.4,0
LEAD-02193,Cold outbound,Retail,1-10,IC,3,2,2.0,0,0,6.5,0
LEAD-02194,Website form,SaaS,201-1000,Director,2,5,0.6,0,0,1.9,0
LEAD-02195,Paid ad,Healthcare,11-50,IC,6,2,5.3,0,0,2.6,0
LEAD-02196,Website form,Finance,1000+,IC,5,6,3.7,0,0,0.6,0
LEAD-02197,Cold outbound,Education,1000+,Director,1,5,2.1,1,0,2.8,0
LEAD-02198,Cold outbound,Education,11-50,IC,3,1,1.2,0,1,2.9,0
LEAD-02199,Cold outbound,Healthcare,1-10,IC,0,5,3.9,0,0,9.8,0
LEAD-02200,Cold outbound,SaaS,1-10,IC,1,9,1.3,0,0,1.1,0
LEAD-02201,Paid ad,SaaS,1-10,IC,2,2,1.5,1,0,1.1,0
LEAD-02202,Website form,SaaS,201-1000,IC,2,6,1.9,1,1,1.0,1
LEAD-02203,Cold outbound,Manufacturing,11-50,IC,3,2,0.1,1,0,2.7,0
LEAD-02204,Cold outbound,Healthcare,11-50,VP/C-level,1,2,0.6,0,0,1.1,0
LEAD-02205,Cold outbound,Healthcare,1-10,IC,5,4,2.7,1,0,5.4,0
LEAD-02206,Cold outbound,Healthcare,11-50,Manager,1,4,2.0,0,1,4.6,0
LEAD-02207,Webinar,Finance,11-50,IC,0,4,4.7,0,0,1.8,0
LEAD-02208,Content download,Education,11-50,Manager,4,6,3.1,0,0,7.4,0
LEAD-02209,Website form,SaaS,201-1000,IC,4,3,4.2,0,0,1.6,0
LEAD-02210,Webinar,Healthcare,1-10,Director,2,5,4.2,0,0,1.8,0
LEAD-02211,Cold outbound,Healthcare,11-50,Director,5,5,3.4,0,0,1.1,0
LEAD-02212,Website form,Education,51-200,IC,5,4,2.1,0,0,2.1,0
LEAD-02213,Webinar,Healthcare,1-10,Manager,5,5,1.4,0,0,2.6,0
LEAD-02214,Website form,SaaS,201-1000,IC,1,4,0.8,0,0,2.9,0
LEAD-02215,Website form,Retail,51-200,Director,2,4,0.9,0,0,1.0,0
LEAD-02216,Cold outbound,SaaS,11-50,IC,2,8,4.5,0,0,2.6,0
LEAD-02217,Cold outbound,Manufacturing,1-10,Director,3,5,0.8,0,0,2.5,0
LEAD-02218,Website form,Manufacturing,11-50,Director,2,3,2.0,0,1,3.0,1
LEAD-02219,Content download,SaaS,1-10,Director,3,5,2.8,0,1,2.1,0
LEAD-02220,Paid ad,Finance,51-200,Manager,5,3,4.4,0,0,4.5,0
LEAD-02221,Cold outbound,Healthcare,1-10,VP/C-level,2,2,3.2,0,0,5.7,0
LEAD-02222,Website form,Manufacturing,1-10,Manager,2,4,2.2,0,1,2.2,1
LEAD-02223,Website form,SaaS,11-50,IC,3,4,1.6,1,1,5.1,0
LEAD-02224,Website form,Retail,11-50,Manager,2,3,2.8,0,0,3.8,0
LEAD-02225,Webinar,Finance,1-10,Director,3,5,1.2,0,0,5.1,0
LEAD-02226,Content download,Retail,1-10,Manager,2,1,0.8,0,1,0.9,0
LEAD-02227,Webinar,Education,11-50,Manager,5,3,2.1,0,0,0.5,0
LEAD-02228,Webinar,Finance,201-1000,IC,2,4,2.5,0,0,2.6,0
LEAD-02229,Cold outbound,Education,1000+,Director,2,10,2.3,0,0,0.2,0
LEAD-02230,Content download,Retail,51-200,Manager,1,1,1.8,0,0,0.2,0
LEAD-02231,Content download,Retail,1-10,Manager,3,3,0.6,0,0,2.7,0
LEAD-02232,Content download,Education,11-50,IC,3,6,2.4,0,0,8.9,0
LEAD-02233,Cold outbound,Retail,1-10,Manager,0,4,2.5,0,0,0.6,0
LEAD-02234,Website form,Manufacturing,11-50,Director,5,9,5.9,0,0,1.2,0
LEAD-02235,Website form,Education,201-1000,IC,3,4,1.6,0,0,5.6,0
LEAD-02236,Cold outbound,Education,1000+,Manager,3,5,1.0,0,0,7.2,0
LEAD-02237,Webinar,Finance,51-200,IC,1,2,4.4,0,0,3.2,0
LEAD-02238,Webinar,Retail,11-50,IC,2,3,3.4,0,0,1.2,0
LEAD-02239,Paid ad,Manufacturing,11-50,IC,2,4,1.1,0,0,1.8,0
LEAD-02240,Webinar,Manufacturing,11-50,VP/C-level,1,1,0.9,0,0,0.2,0
LEAD-02241,Content download,Healthcare,11-50,Director,3,6,2.5,0,0,0.7,0
LEAD-02242,Website form,Retail,51-200,Director,2,3,2.4,0,1,1.7,1
LEAD-02243,Webinar,SaaS,11-50,IC,2,5,1.6,0,0,1.0,0
LEAD-02244,Webinar,Retail,51-200,Manager,4,5,3.0,0,1,0.4,0
LEAD-02245,Website form,Healthcare,11-50,Manager,3,4,2.4,1,0,2.4,0
LEAD-02246,Website form,SaaS,1-10,Manager,10,3,6.0,1,0,1.5,1
LEAD-02247,Cold outbound,Manufacturing,201-1000,IC,5,9,6.9,0,1,1.1,1
LEAD-02248,Paid ad,Retail,51-200,Director,4,4,1.3,0,1,5.5,1
LEAD-02249,Cold outbound,Finance,11-50,VP/C-level,3,1,0.7,0,0,0.2,0
LEAD-02250,Referral,Retail,1-10,Manager,6,4,2.1,0,0,3.5,1
LEAD-02251,Cold outbound,Education,1-10,Director,2,6,3.7,0,0,2.6,0
LEAD-02252,Website form,Finance,1-10,IC,6,1,2.1,0,0,4.1,0
LEAD-02253,Webinar,Manufacturing,1000+,Director,3,2,3.2,0,0,3.2,0
LEAD-02254,Website form,Finance,1-10,Manager,2,2,1.3,1,0,3.1,0
LEAD-02255,Webinar,Education,11-50,IC,5,6,3.9,0,1,7.2,0
LEAD-02256,Paid ad,Retail,11-50,IC,3,3,1.1,0,0,1.9,0
LEAD-02257,Cold outbound,Education,11-50,VP/C-level,2,4,2.4,1,0,8.5,1
LEAD-02258,Referral,Healthcare,1-10,IC,4,2,2.8,0,0,2.5,0
LEAD-02259,Referral,Retail,1-10,IC,1,5,6.9,0,1,4.1,0
LEAD-02260,Website form,Education,11-50,Director,3,4,0.1,0,0,1.6,1
LEAD-02261,Cold outbound,Retail,51-200,VP/C-level,4,5,4.9,1,0,4.2,0
LEAD-02262,Website form,Manufacturing,1-10,Director,2,1,2.2,1,0,2.3,0
LEAD-02263,Webinar,Healthcare,1-10,Director,2,3,1.1,0,0,3.2,0
LEAD-02264,Webinar,Finance,1-10,IC,3,2,2.0,0,0,4.0,0
LEAD-02265,Cold outbound,Education,1-10,Manager,1,6,2.9,0,0,2.0,0
LEAD-02266,Content download,Manufacturing,201-1000,Manager,1,10,2.9,0,0,3.3,0
LEAD-02267,Content download,Manufacturing,51-200,Director,4,2,3.2,0,0,2.0,0
LEAD-02268,Webinar,Finance,11-50,Manager,3,3,2.7,0,0,0.7,0
LEAD-02269,Website form,Manufacturing,201-1000,Manager,0,4,1.8,1,1,0.4,1
LEAD-02270,Webinar,Retail,11-50,Manager,2,4,2.9,0,0,0.5,0
LEAD-02271,Content download,Education,11-50,Manager,3,5,0.8,1,0,0.8,0
LEAD-02272,Referral,Manufacturing,51-200,VP/C-level,4,4,2.7,0,1,1.7,0
LEAD-02273,Webinar,Education,11-50,Manager,2,5,1.4,1,0,1.4,0
LEAD-02274,Website form,Finance,11-50,IC,6,6,1.1,0,0,0.3,1
LEAD-02275,Website form,Retail,201-1000,Manager,2,5,0.2,0,0,0.7,1
LEAD-02276,Cold outbound,Finance,1000+,IC,4,5,2.6,1,1,7.9,0
LEAD-02277,Website form,Manufacturing,1-10,IC,4,4,1.9,0,1,0.7,1
LEAD-02278,Content download,SaaS,51-200,IC,6,1,6.3,1,0,1.7,1
LEAD-02279,Cold outbound,Retail,1-10,Manager,5,2,1.3,0,0,0.7,0
LEAD-02280,Content download,Finance,1000+,Manager,0,3,1.1,0,1,3.6,0
LEAD-02281,Website form,Education,1000+,Director,2,4,0.5,0,0,9.2,0
LEAD-02282,Content download,Healthcare,201-1000,Manager,5,6,5.8,0,0,2.3,1
LEAD-02283,Website form,Finance,51-200,Manager,4,8,7.8,1,0,3.9,0
LEAD-02284,Website form,Finance,11-50,Manager,5,6,1.9,0,0,2.0,1
LEAD-02285,Cold outbound,Finance,201-1000,Manager,1,3,2.3,1,0,12.4,0
LEAD-02286,Content download,Finance,1-10,IC,2,5,3.5,0,0,0.9,0
LEAD-02287,Website form,SaaS,1-10,IC,4,4,5.2,0,0,4.1,0
LEAD-02288,Content download,Healthcare,11-50,IC,3,4,0.2,0,0,2.4,0
LEAD-02289,Website form,Manufacturing,1-10,VP/C-level,1,3,5.1,0,0,1.3,0
LEAD-02290,Content download,Retail,51-200,VP/C-level,1,3,1.7,1,0,4.0,0
LEAD-02291,Webinar,Education,1-10,Manager,2,5,5.7,0,0,3.3,0
LEAD-02292,Cold outbound,Manufacturing,1-10,IC,6,6,1.6,1,0,6.6,0
LEAD-02293,Website form,Healthcare,201-1000,IC,2,7,0.7,1,0,1.3,1
LEAD-02294,Website form,SaaS,51-200,Manager,3,2,1.3,0,0,0.6,0
LEAD-02295,Webinar,Healthcare,1-10,Director,2,3,0.6,0,0,0.5,0
LEAD-02296,Webinar,Healthcare,1000+,Manager,7,5,1.8,1,0,11.5,0
LEAD-02297,Cold outbound,Healthcare,1-10,IC,4,1,2.5,0,1,2.6,0
LEAD-02298,Website form,Education,11-50,IC,1,4,1.5,0,0,4.0,0
LEAD-02299,Cold outbound,Healthcare,1000+,IC,2,6,5.7,0,0,7.8,0
LEAD-02300,Cold outbound,Retail,11-50,Manager,5,6,5.0,0,1,2.2,0
LEAD-02301,Content download,Finance,11-50,VP/C-level,1,7,2.0,0,0,4.6,1
LEAD-02302,Website form,Retail,1-10,IC,3,4,1.6,0,1,3.9,0
LEAD-02303,Website form,Healthcare,201-1000,IC,5,3,2.0,0,0,0.3,0
LEAD-02304,Website form,Education,1-10,Manager,1,2,2.5,0,1,4.6,0
LEAD-02305,Paid ad,Healthcare,1000+,Director,4,6,4.3,0,0,4.2,0
LEAD-02306,Paid ad,Retail,51-200,IC,4,4,3.6,1,0,1.0,0
LEAD-02307,Paid ad,Healthcare,11-50,IC,4,4,0.8,0,0,8.8,0
LEAD-02308,Webinar,Manufacturing,11-50,IC,2,1,4.1,0,1,1.4,1
LEAD-02309,Referral,Retail,11-50,Director,2,4,0.8,1,0,1.5,0
LEAD-02310,Webinar,SaaS,1-10,VP/C-level,4,3,2.0,1,0,0.4,0
LEAD-02311,Webinar,Education,51-200,IC,2,4,2.2,1,0,1.0,0
LEAD-02312,Webinar,Education,1-10,IC,0,4,0.8,0,0,3.3,0
LEAD-02313,Content download,SaaS,11-50,IC,2,3,2.5,0,0,0.9,0
LEAD-02314,Website form,SaaS,11-50,Manager,4,2,3.3,1,0,1.5,0
LEAD-02315,Content download,Retail,1-10,IC,4,6,1.4,0,0,0.6,0
LEAD-02316,Referral,Healthcare,201-1000,Manager,3,3,2.0,0,0,0.2,0
LEAD-02317,Paid ad,Healthcare,11-50,IC,3,4,2.3,0,1,3.4,1
LEAD-02318,Content download,Education,1-10,Manager,6,5,1.1,0,0,0.6,0
LEAD-02319,Referral,Retail,51-200,Manager,3,3,2.5,1,1,6.6,0
LEAD-02320,Referral,Manufacturing,11-50,Manager,6,4,4.5,0,0,2.4,0
LEAD-02321,Webinar,SaaS,1000+,IC,3,3,0.9,0,0,0.8,0
LEAD-02322,Website form,Retail,1-10,IC,3,5,3.7,0,0,3.6,0
LEAD-02323,Cold outbound,Healthcare,51-200,VP/C-level,1,5,0.9,0,0,0.8,0
LEAD-02324,Paid ad,Education,51-200,IC,7,2,4.2,0,0,1.3,0
LEAD-02325,Cold outbound,Manufacturing,51-200,IC,4,3,2.9,0,0,2.9,0
LEAD-02326,Webinar,SaaS,11-50,Manager,4,3,1.5,0,0,4.0,0
LEAD-02327,Content download,Finance,201-1000,Manager,4,1,6.4,0,0,0.2,0
LEAD-02328,Referral,Healthcare,11-50,IC,0,2,1.2,0,0,5.6,0
LEAD-02329,Website form,Healthcare,1-10,Manager,1,0,1.0,0,0,1.3,0
LEAD-02330,Website form,Finance,51-200,Director,4,5,1.0,0,0,0.2,0
LEAD-02331,Website form,Finance,11-50,Director,6,7,1.9,0,0,0.6,0
LEAD-02332,Content download,Retail,1-10,Manager,2,4,1.6,0,0,1.1,0
LEAD-02333,Content download,Healthcare,11-50,IC,1,4,2.3,0,0,0.5,0
LEAD-02334,Content download,Manufacturing,51-200,VP/C-level,2,2,2.3,1,0,0.1,1
LEAD-02335,Website form,Healthcare,1-10,Manager,3,5,5.2,0,0,8.7,0
LEAD-02336,Paid ad,Education,51-200,IC,1,3,2.6,0,0,2.3,0
LEAD-02337,Cold outbound,Finance,11-50,Director,2,3,3.5,0,1,0.8,0
LEAD-02338,Website form,SaaS,1-10,IC,0,6,3.8,0,0,1.2,0
LEAD-02339,Content download,Retail,51-200,Manager,1,2,5.4,0,0,1.1,0
LEAD-02340,Website form,Retail,201-1000,IC,2,4,2.9,1,0,0.2,0
LEAD-02341,Cold outbound,Retail,11-50,IC,4,5,6.8,0,0,2.3,0
LEAD-02342,Website form,Finance,51-200,IC,3,10,3.5,1,1,5.8,1
LEAD-02343,Paid ad,Finance,1-10,IC,5,4,0.3,0,0,0.5,0
LEAD-02344,Website form,SaaS,11-50,Manager,2,1,7.7,0,0,9.4,0
LEAD-02345,Webinar,Retail,1-10,VP/C-level,3,3,2.0,1,0,2.1,1
LEAD-02346,Content download,SaaS,51-200,IC,2,2,0.7,0,0,0.8,0
LEAD-02347,Cold outbound,Education,201-1000,IC,5,7,0.7,0,0,2.4,0
LEAD-02348,Website form,SaaS,1-10,IC,4,10,0.7,0,0,0.6,0
LEAD-02349,Content download,Finance,51-200,IC,1,4,2.4,0,0,0.2,0
LEAD-02350,Cold outbound,Retail,1-10,Manager,2,2,1.0,1,1,8.9,1
LEAD-02351,Website form,Education,1-10,IC,4,4,3.0,0,0,1.6,0
LEAD-02352,Webinar,Healthcare,11-50,IC,6,3,12.9,0,0,1.2,1
LEAD-02353,Website form,Retail,1-10,Manager,3,2,2.1,0,0,2.4,0
LEAD-02354,Website form,Education,51-200,IC,0,3,1.6,0,0,2.3,0
LEAD-02355,Paid ad,Manufacturing,11-50,IC,3,1,1.4,0,0,7.8,0
LEAD-02356,Website form,Retail,1000+,Manager,2,2,2.7,0,0,2.4,0
LEAD-02357,Content download,SaaS,51-200,Director,3,2,2.8,1,0,2.1,1
LEAD-02358,Cold outbound,Manufacturing,1-10,Manager,3,6,4.9,1,0,0.8,0
LEAD-02359,Content download,Education,11-50,IC,1,4,3.3,1,0,3.5,1
LEAD-02360,Website form,Education,201-1000,Manager,3,4,1.8,1,1,0.9,1
LEAD-02361,Cold outbound,Education,11-50,Manager,3,4,6.6,0,0,0.5,0
LEAD-02362,Webinar,Healthcare,51-200,IC,4,2,0.7,0,0,2.4,0
LEAD-02363,Content download,SaaS,1-10,Manager,3,5,2.1,0,0,1.1,0
LEAD-02364,Content download,Healthcare,1-10,IC,1,3,3.5,0,0,2.2,0
LEAD-02365,Cold outbound,Education,1-10,Manager,1,5,2.7,0,0,1.2,0
LEAD-02366,Cold outbound,Healthcare,1-10,Director,5,4,0.8,0,0,1.3,0
LEAD-02367,Cold outbound,Healthcare,11-50,Manager,3,6,9.8,0,0,0.4,0
LEAD-02368,Cold outbound,Finance,11-50,IC,4,2,2.0,0,1,0.2,0
LEAD-02369,Website form,SaaS,1-10,IC,4,6,0.6,1,0,3.8,0
LEAD-02370,Content download,Retail,201-1000,IC,7,0,2.4,0,0,0.7,0
LEAD-02371,Referral,Healthcare,11-50,Director,3,7,0.7,0,0,0.7,1
LEAD-02372,Referral,Retail,1-10,VP/C-level,2,3,2.4,0,1,0.9,0
LEAD-02373,Content download,Education,51-200,IC,4,4,1.7,1,0,9.2,0
LEAD-02374,Website form,Retail,1-10,IC,0,0,3.7,0,0,14.5,0
LEAD-02375,Website form,SaaS,51-200,IC,3,4,6.0,0,0,2.7,0
LEAD-02376,Cold outbound,Finance,1000+,IC,4,5,0.5,0,0,2.8,0
LEAD-02377,Webinar,Healthcare,11-50,IC,1,5,2.0,0,0,5.7,0
LEAD-02378,Referral,Education,201-1000,IC,3,4,1.4,0,0,0.7,0
LEAD-02379,Website form,SaaS,11-50,VP/C-level,4,3,2.4,1,0,1.9,1
LEAD-02380,Content download,Manufacturing,11-50,IC,5,2,0.6,1,0,0.2,1
LEAD-02381,Content download,Manufacturing,1000+,Director,7,3,3.7,1,0,0.5,0
LEAD-02382,Webinar,Education,1-10,Manager,6,1,0.9,0,0,0.2,0
LEAD-02383,Webinar,Manufacturing,11-50,IC,4,4,3.7,0,1,3.9,0
LEAD-02384,Website form,Manufacturing,201-1000,IC,5,3,2.6,0,0,2.3,0
LEAD-02385,Referral,Education,201-1000,Director,4,2,1.6,1,0,1.0,1
LEAD-02386,Content download,Healthcare,1-10,Director,1,2,3.1,1,0,1.7,0
LEAD-02387,Webinar,SaaS,11-50,IC,3,2,3.9,0,0,5.9,0
LEAD-02388,Paid ad,Retail,51-200,IC,1,7,2.2,0,0,1.8,0
LEAD-02389,Content download,Education,201-1000,IC,4,6,0.5,0,0,2.6,0
LEAD-02390,Website form,Education,1-10,IC,3,2,6.6,0,0,2.1,0
LEAD-02391,Website form,Education,11-50,VP/C-level,3,4,5.1,0,0,1.5,0
LEAD-02392,Paid ad,Retail,201-1000,Manager,3,1,0.7,0,0,4.1,0
LEAD-02393,Website form,SaaS,11-50,IC,1,6,0.9,0,0,0.2,0
LEAD-02394,Website form,Retail,11-50,Director,3,5,9.0,1,0,1.6,0
LEAD-02395,Website form,SaaS,1-10,IC,2,4,2.8,0,0,1.8,0
LEAD-02396,Website form,Retail,51-200,Manager,4,4,1.2,0,0,1.6,0
LEAD-02397,Paid ad,Finance,11-50,Manager,3,2,1.7,1,0,2.9,0
LEAD-02398,Website form,Retail,51-200,Director,8,6,1.9,0,0,0.1,0
LEAD-02399,Cold outbound,Healthcare,11-50,IC,3,6,2.8,0,0,3.0,0
LEAD-02400,Content download,Finance,51-200,Manager,1,2,1.4,0,0,4.8,0
LEAD-02401,Paid ad,Education,11-50,IC,3,1,1.2,1,0,1.7,0
LEAD-02402,Content download,Education,1-10,Manager,5,3,1.1,0,0,0.1,0
LEAD-02403,Website form,Retail,1-10,Director,5,3,2.6,1,0,0.2,0
LEAD-02404,Website form,Healthcare,201-1000,Manager,4,3,0.5,0,0,0.2,1
LEAD-02405,Content download,Education,1-10,IC,3,4,2.4,0,1,1.1,0
LEAD-02406,Website form,Retail,11-50,Director,5,6,2.2,0,0,1.1,1
LEAD-02407,Cold outbound,Finance,1-10,Manager,0,4,0.3,0,0,0.0,0
LEAD-02408,Webinar,Retail,11-50,IC,2,9,6.4,1,0,3.1,1
LEAD-02409,Cold outbound,Manufacturing,11-50,IC,3,3,4.7,0,0,2.3,0
LEAD-02410,Content download,Retail,51-200,IC,3,5,0.6,0,0,2.9,0
LEAD-02411,Website form,Manufacturing,1-10,Manager,1,4,1.3,0,0,6.3,0
LEAD-02412,Website form,Education,11-50,Director,3,6,1.7,0,0,1.0,0
LEAD-02413,Website form,Education,201-1000,Manager,6,0,1.3,0,1,0.6,1
LEAD-02414,Content download,Healthcare,11-50,Manager,3,3,1.7,0,0,2.8,0
LEAD-02415,Paid ad,SaaS,1-10,Manager,2,3,3.6,1,0,1.4,0
LEAD-02416,Website form,Education,11-50,IC,0,4,3.9,0,0,4.9,0
LEAD-02417,Website form,SaaS,11-50,Manager,2,8,1.0,1,0,3.4,0
LEAD-02418,Webinar,Retail,11-50,Director,2,3,3.6,0,1,1.0,0
LEAD-02419,Website form,Manufacturing,1-10,Director,2,0,1.8,0,0,11.4,0
LEAD-02420,Website form,Finance,201-1000,Director,2,3,4.7,1,0,3.0,1
LEAD-02421,Website form,Retail,11-50,Director,3,4,1.7,1,0,0.9,0
LEAD-02422,Website form,Manufacturing,51-200,Director,4,2,1.8,0,0,2.7,1
LEAD-02423,Paid ad,Finance,11-50,IC,3,2,3.0,0,1,10.8,0
LEAD-02424,Website form,Manufacturing,1-10,Director,2,3,3.6,0,0,2.0,0
LEAD-02425,Website form,Finance,51-200,VP/C-level,2,1,2.0,0,0,8.4,0
LEAD-02426,Cold outbound,Manufacturing,11-50,IC,3,3,3.2,0,0,8.1,0
LEAD-02427,Webinar,Retail,11-50,Director,1,5,1.0,1,0,0.5,0
LEAD-02428,Webinar,Finance,11-50,Manager,3,2,1.5,0,0,1.2,0
LEAD-02429,Cold outbound,Education,201-1000,Manager,1,3,2.7,0,1,9.2,0
LEAD-02430,Cold outbound,Manufacturing,1-10,Manager,3,6,0.5,0,0,0.1,0
LEAD-02431,Website form,Education,201-1000,Director,3,5,2.8,0,0,2.2,0
LEAD-02432,Referral,SaaS,1-10,IC,1,3,4.9,0,0,0.1,0
LEAD-02433,Cold outbound,Retail,11-50,IC,1,2,1.1,0,0,2.4,0
LEAD-02434,Referral,Finance,1-10,Manager,0,3,5.5,0,0,0.7,0
LEAD-02435,Cold outbound,Finance,51-200,IC,3,3,2.1,0,0,2.1,0
LEAD-02436,Cold outbound,SaaS,201-1000,Director,1,2,2.1,0,1,2.2,0
LEAD-02437,Referral,Education,11-50,IC,1,2,1.9,0,0,4.1,0
LEAD-02438,Webinar,SaaS,1-10,Manager,3,3,2.5,1,0,1.6,0
LEAD-02439,Website form,SaaS,51-200,Manager,4,5,1.4,0,0,2.3,0
LEAD-02440,Website form,Education,1-10,Manager,2,8,0.6,0,0,0.9,0
LEAD-02441,Paid ad,Manufacturing,51-200,IC,5,1,1.0,0,1,1.0,1
LEAD-02442,Content download,Retail,11-50,Manager,1,2,0.7,0,0,1.4,0
LEAD-02443,Cold outbound,Manufacturing,51-200,Manager,3,2,2.5,1,0,7.2,0
LEAD-02444,Website form,Manufacturing,11-50,IC,1,9,1.4,0,0,0.3,1
LEAD-02445,Content download,SaaS,1000+,Director,3,4,2.3,0,1,8.9,0
LEAD-02446,Cold outbound,Education,1-10,IC,3,2,2.4,0,0,3.5,0
LEAD-02447,Website form,SaaS,1-10,IC,5,4,5.9,1,0,0.3,0
LEAD-02448,Cold outbound,Retail,1-10,Director,3,3,3.4,0,0,2.1,0
LEAD-02449,Cold outbound,Finance,201-1000,IC,1,3,1.6,1,1,12.0,0
LEAD-02450,Webinar,Manufacturing,11-50,Manager,2,6,3.0,0,0,1.6,0
LEAD-02451,Website form,Education,1000+,IC,3,4,4.5,0,1,13.7,0
LEAD-02452,Content download,SaaS,1-10,Manager,2,1,2.4,1,0,3.0,0
LEAD-02453,Cold outbound,SaaS,51-200,IC,0,6,3.5,0,0,11.2,0
LEAD-02454,Cold outbound,Manufacturing,1-10,Manager,3,3,2.5,0,0,0.3,0
LEAD-02455,Website form,Manufacturing,1-10,Manager,4,9,4.3,0,0,4.1,0
LEAD-02456,Cold outbound,Retail,11-50,IC,2,6,3.6,0,0,3.7,0
LEAD-02457,Webinar,Manufacturing,11-50,Manager,3,2,1.2,0,0,4.2,0
LEAD-02458,Paid ad,Finance,51-200,Manager,3,2,0.5,0,0,1.1,0
LEAD-02459,Referral,Manufacturing,1-10,IC,2,1,1.6,0,0,1.7,0
LEAD-02460,Cold outbound,Manufacturing,1000+,IC,1,5,6.6,0,0,5.6,0
LEAD-02461,Cold outbound,Education,201-1000,Director,4,3,3.8,0,0,2.3,1
LEAD-02462,Cold outbound,Retail,1-10,IC,1,5,3.9,0,1,6.4,0
LEAD-02463,Paid ad,Education,201-1000,Manager,4,5,7.1,1,0,5.0,0
LEAD-02464,Cold outbound,Manufacturing,11-50,IC,1,0,0.7,0,0,1.6,0
LEAD-02465,Website form,Healthcare,51-200,IC,1,6,1.6,0,1,0.5,1
LEAD-02466,Cold outbound,Finance,1-10,IC,2,2,1.7,0,0,1.4,0
LEAD-02467,Website form,Finance,201-1000,VP/C-level,1,2,2.1,0,0,1.6,0
LEAD-02468,Referral,Healthcare,1-10,IC,3,7,5.9,0,0,4.2,0
LEAD-02469,Paid ad,Finance,51-200,Director,7,4,1.9,0,0,6.1,0
LEAD-02470,Website form,Healthcare,51-200,IC,3,8,7.6,0,0,2.1,0
LEAD-02471,Website form,Retail,51-200,IC,2,4,5.2,0,1,1.9,0
LEAD-02472,Referral,Manufacturing,11-50,Manager,1,6,2.1,0,0,6.8,0
LEAD-02473,Referral,Finance,11-50,Director,0,5,1.0,0,0,0.3,0
LEAD-02474,Cold outbound,Manufacturing,11-50,IC,2,3,0.5,0,0,0.9,0
LEAD-02475,Referral,Manufacturing,11-50,VP/C-level,2,5,3.4,0,0,2.1,0
LEAD-02476,Website form,Retail,11-50,IC,4,3,0.8,0,0,8.5,0
LEAD-02477,Website form,Education,201-1000,Director,3,7,5.2,1,1,5.2,1
LEAD-02478,Paid ad,Manufacturing,1-10,Manager,1,2,6.6,0,0,14.0,1
LEAD-02479,Webinar,Education,51-200,IC,3,7,1.1,0,1,1.5,0
LEAD-02480,Cold outbound,Retail,201-1000,IC,3,6,10.8,1,0,0.0,0
LEAD-02481,Referral,Education,51-200,Manager,2,5,1.6,0,0,1.0,0
LEAD-02482,Referral,SaaS,51-200,IC,1,4,5.4,0,0,5.5,1
LEAD-02483,Website form,Finance,1000+,Director,4,2,1.0,0,0,2.0,0
LEAD-02484,Cold outbound,Education,1-10,Director,6,3,2.3,0,0,0.4,0
LEAD-02485,Website form,Healthcare,1-10,IC,0,4,6.2,0,0,0.2,0
LEAD-02486,Paid ad,SaaS,201-1000,IC,4,5,6.7,0,0,0.6,0
LEAD-02487,Website form,Healthcare,1-10,Manager,1,2,0.4,0,0,2.5,0
LEAD-02488,Referral,SaaS,51-200,Director,1,2,0.4,0,0,0.3,0
LEAD-02489,Cold outbound,Finance,11-50,Manager,3,5,1.3,0,1,0.5,0
LEAD-02490,Cold outbound,Healthcare,11-50,Manager,3,7,2.7,0,0,4.0,0
LEAD-02491,Website form,Finance,1-10,Manager,5,2,3.0,0,1,2.4,0
LEAD-02492,Website form,Finance,1-10,IC,1,8,0.6,0,0,0.3,0
LEAD-02493,Content download,Education,1-10,Manager,2,4,2.5,0,0,5.0,0
LEAD-02494,Webinar,Healthcare,11-50,IC,3,4,6.5,0,0,0.8,0
LEAD-02495,Content download,Finance,51-200,IC,5,5,1.3,0,0,1.6,0
LEAD-02496,Website form,Manufacturing,1-10,Manager,3,1,2.5,0,0,3.8,0
LEAD-02497,Website form,Education,1-10,IC,3,4,1.4,0,0,4.7,0
LEAD-02498,Website form,Education,11-50,Director,0,4,4.4,1,1,2.1,1
LEAD-02499,Content download,Education,11-50,Manager,5,6,3.2,1,1,1.5,1
LEAD-02500,Website form,Education,1000+,IC,6,5,7.5,0,1,0.3,0
LEAD-02501,Website form,Healthcare,201-1000,IC,3,2,0.4,0,0,2.1,1
LEAD-02502,Content download,Retail,51-200,IC,5,6,1.6,0,0,0.5,0
LEAD-02503,Cold outbound,SaaS,11-50,IC,2,2,3.9,0,1,1.1,0
LEAD-02504,Cold outbound,Finance,11-50,Manager,3,3,1.3,1,0,7.3,1
LEAD-02505,Website form,Finance,11-50,IC,3,3,2.1,0,0,1.7,0
LEAD-02506,Paid ad,Finance,51-200,Director,8,2,1.8,0,1,4.2,1
LEAD-02507,Referral,Retail,51-200,IC,3,4,1.6,0,1,4.5,0
LEAD-02508,Webinar,Retail,1-10,VP/C-level,3,1,6.3,0,1,4.8,1
LEAD-02509,Cold outbound,SaaS,11-50,IC,4,3,2.6,0,0,3.4,0
LEAD-02510,Content download,SaaS,1-10,IC,7,6,1.6,0,0,0.6,0
LEAD-02511,Cold outbound,Education,1-10,VP/C-level,1,3,1.6,1,0,4.8,0
LEAD-02512,Website form,SaaS,1-10,Manager,3,3,2.6,1,0,14.7,0
LEAD-02513,Website form,Manufacturing,11-50,IC,2,4,2.3,0,0,2.2,0
LEAD-02514,Website form,Education,1-10,Manager,2,3,3.2,0,0,1.2,0
LEAD-02515,Paid ad,Retail,51-200,Director,3,3,4.3,0,0,1.8,0
LEAD-02516,Referral,Finance,1-10,IC,6,4,4.3,1,0,1.1,0
LEAD-02517,Cold outbound,SaaS,11-50,Manager,2,4,0.7,0,0,0.0,1
LEAD-02518,Referral,Manufacturing,1-10,IC,4,4,1.1,0,0,5.1,0
LEAD-02519,Cold outbound,Education,11-50,Director,3,1,2.1,1,0,1.7,0
LEAD-02520,Webinar,SaaS,51-200,IC,6,5,4.7,1,0,16.9,1
LEAD-02521,Content download,Manufacturing,1-10,Director,4,6,0.6,0,0,1.2,0
LEAD-02522,Website form,Finance,1000+,IC,3,3,2.9,1,1,0.4,1
LEAD-02523,Paid ad,Manufacturing,1-10,Manager,2,4,0.7,1,0,6.3,0
LEAD-02524,Website form,Education,1-10,Manager,4,3,0.9,1,0,0.5,0
LEAD-02525,Referral,Finance,201-1000,IC,1,2,2.1,0,1,1.1,0
LEAD-02526,Webinar,SaaS,11-50,IC,2,4,0.6,0,0,1.5,0
LEAD-02527,Website form,Education,1-10,VP/C-level,5,3,0.2,0,0,2.1,0
LEAD-02528,Content download,Education,1000+,IC,2,5,4.4,0,0,0.7,0
LEAD-02529,Content download,Retail,11-50,IC,1,6,2.6,0,0,1.4,0
LEAD-02530,Webinar,Healthcare,51-200,Manager,6,7,2.7,0,0,5.3,0
LEAD-02531,Paid ad,Retail,1000+,Manager,3,5,8.1,0,1,6.0,0
LEAD-02532,Website form,Manufacturing,11-50,IC,5,2,0.6,0,0,0.6,0
LEAD-02533,Webinar,Finance,201-1000,Director,4,2,0.5,1,1,0.8,1
LEAD-02534,Website form,Finance,11-50,Director,3,2,0.8,0,0,0.7,0
LEAD-02535,Referral,Manufacturing,1-10,Director,1,4,0.5,0,0,2.1,0
LEAD-02536,Webinar,Manufacturing,11-50,IC,4,6,2.7,0,0,0.9,0
LEAD-02537,Webinar,Retail,1-10,IC,1,3,0.6,1,0,1.3,0
LEAD-02538,Website form,Finance,1-10,IC,0,4,3.6,1,0,1.0,1
LEAD-02539,Content download,Healthcare,201-1000,Manager,0,4,0.7,0,0,0.3,0
LEAD-02540,Referral,Finance,1000+,Director,3,2,10.1,0,0,0.3,0
LEAD-02541,Website form,Education,11-50,IC,4,3,0.2,0,1,1.2,1
LEAD-02542,Cold outbound,Education,201-1000,IC,4,3,1.9,0,0,4.6,0
LEAD-02543,Website form,SaaS,11-50,Director,2,3,2.6,0,0,3.2,0
LEAD-02544,Paid ad,SaaS,51-200,Manager,3,2,2.0,0,0,4.0,0
LEAD-02545,Webinar,Education,201-1000,Manager,1,3,1.5,0,0,8.1,0
LEAD-02546,Content download,Healthcare,1-10,Manager,7,3,1.3,0,0,4.6,0
LEAD-02547,Content download,Retail,11-50,VP/C-level,2,6,1.7,0,0,0.3,0
LEAD-02548,Content download,Retail,1000+,IC,2,1,2.1,0,0,10.1,0
LEAD-02549,Referral,Retail,11-50,VP/C-level,1,2,1.5,0,0,0.6,0
LEAD-02550,Website form,Healthcare,201-1000,Manager,2,5,2.3,0,1,2.4,0
LEAD-02551,Content download,Education,201-1000,IC,2,4,2.3,0,0,0.5,1
LEAD-02552,Website form,SaaS,201-1000,Manager,5,2,2.4,0,0,0.1,1
LEAD-02553,Cold outbound,Healthcare,51-200,IC,4,4,1.6,0,0,2.4,0
LEAD-02554,Cold outbound,Healthcare,1-10,Director,2,1,4.4,0,0,3.8,0
LEAD-02555,Referral,Retail,201-1000,Manager,4,3,6.7,1,0,2.1,0
LEAD-02556,Website form,Retail,51-200,IC,2,5,4.2,0,0,0.0,0
LEAD-02557,Webinar,Finance,11-50,Director,1,5,3.6,0,0,1.0,1
LEAD-02558,Cold outbound,Finance,1-10,Director,3,2,0.8,0,1,0.4,0
LEAD-02559,Content download,Finance,11-50,Manager,4,4,1.2,0,0,4.2,0
LEAD-02560,Referral,Finance,1-10,IC,0,2,1.8,0,0,0.4,0
LEAD-02561,Website form,Manufacturing,11-50,Manager,5,2,3.6,1,0,4.4,0
LEAD-02562,Website form,Finance,201-1000,Manager,2,5,3.1,0,0,2.9,0
LEAD-02563,Content download,Healthcare,201-1000,Manager,6,2,2.5,0,0,8.0,0
LEAD-02564,Webinar,Finance,201-1000,Director,0,3,3.6,0,0,6.4,0
LEAD-02565,Content download,Finance,201-1000,IC,5,2,1.2,0,0,0.9,0
LEAD-02566,Website form,Finance,1-10,IC,4,5,2.7,0,0,2.1,0
LEAD-02567,Content download,SaaS,11-50,Director,1,4,2.2,1,0,0.2,0
LEAD-02568,Website form,Education,11-50,Manager,4,2,3.4,0,0,5.3,0
LEAD-02569,Cold outbound,SaaS,1-10,Manager,4,2,1.5,1,1,8.3,0
LEAD-02570,Website form,Education,51-200,Director,2,3,0.8,0,0,4.7,0
LEAD-02571,Paid ad,Finance,11-50,IC,3,3,3.2,0,0,0.9,0
LEAD-02572,Webinar,Education,51-200,IC,0,5,0.4,0,0,10.3,0
LEAD-02573,Website form,Manufacturing,1000+,Manager,6,3,5.8,1,0,1.3,0
LEAD-02574,Content download,Manufacturing,51-200,IC,5,5,0.8,0,0,1.0,0
LEAD-02575,Content download,SaaS,1000+,IC,3,1,5.6,0,0,1.0,0
LEAD-02576,Referral,SaaS,11-50,Manager,4,6,2.3,0,1,0.5,1
LEAD-02577,Website form,Manufacturing,1-10,Manager,3,4,2.7,0,0,7.5,0
LEAD-02578,Content download,Healthcare,11-50,Director,4,5,1.1,0,0,1.8,0
LEAD-02579,Website form,SaaS,201-1000,Manager,3,3,5.7,0,0,0.3,0
LEAD-02580,Website form,Finance,201-1000,Manager,5,1,4.0,0,0,11.1,0
LEAD-02581,Paid ad,Finance,11-50,Director,10,1,6.3,0,0,4.2,0
LEAD-02582,Referral,Manufacturing,201-1000,IC,3,5,0.7,0,0,4.9,0
LEAD-02583,Cold outbound,SaaS,1-10,IC,6,7,2.7,1,1,9.1,0
LEAD-02584,Content download,SaaS,1-10,IC,3,2,5.2,0,0,0.5,0
LEAD-02585,Paid ad,Retail,11-50,Manager,5,2,3.1,0,0,0.1,0
LEAD-02586,Website form,SaaS,51-200,IC,3,5,1.4,0,0,0.4,0
LEAD-02587,Paid ad,Finance,51-200,Manager,5,2,7.7,0,0,7.1,0
LEAD-02588,Webinar,Education,51-200,Manager,4,9,0.5,0,0,0.0,0
LEAD-02589,Website form,Retail,11-50,Manager,2,2,0.5,0,0,3.0,0
LEAD-02590,Paid ad,Healthcare,51-200,VP/C-level,5,7,1.9,1,0,3.9,1
LEAD-02591,Webinar,SaaS,51-200,Manager,2,3,0.8,0,1,7.1,0
LEAD-02592,Webinar,Finance,51-200,IC,4,3,6.0,1,0,3.8,0
LEAD-02593,Content download,Finance,11-50,Director,5,0,4.2,0,1,7.8,0
LEAD-02594,Website form,Education,1-10,Manager,3,2,4.4,0,0,0.5,0
LEAD-02595,Webinar,Education,11-50,IC,6,5,1.2,0,1,2.0,0
LEAD-02596,Website form,Healthcare,51-200,VP/C-level,4,3,1.0,1,0,5.1,1
LEAD-02597,Paid ad,Education,51-200,IC,6,8,4.0,0,0,2.7,0
LEAD-02598,Content download,Healthcare,51-200,VP/C-level,2,6,2.6,0,0,4.7,0
LEAD-02599,Content download,Healthcare,11-50,Manager,4,3,6.3,0,0,0.3,0
LEAD-02600,Webinar,Healthcare,11-50,Manager,4,4,1.4,0,0,3.6,0
LEAD-02601,Webinar,Education,1-10,Manager,2,5,1.4,1,0,2.6,0
LEAD-02602,Referral,Manufacturing,51-200,IC,1,3,2.6,0,0,1.9,0
LEAD-02603,Webinar,Finance,201-1000,IC,3,4,1.2,0,1,0.3,0
LEAD-02604,Cold outbound,Retail,11-50,IC,1,8,7.0,0,0,10.9,0
LEAD-02605,Webinar,Healthcare,1-10,IC,7,6,1.8,0,0,3.8,0
LEAD-02606,Content download,Education,11-50,IC,5,5,1.0,0,0,1.6,0
LEAD-02607,Cold outbound,SaaS,51-200,IC,2,2,7.5,0,0,0.2,0
LEAD-02608,Content download,Manufacturing,11-50,IC,4,4,2.2,0,0,0.7,1
LEAD-02609,Website form,Finance,11-50,Director,3,4,1.2,0,0,3.9,0
LEAD-02610,Cold outbound,Healthcare,1000+,VP/C-level,2,2,2.6,0,0,1.8,0
LEAD-02611,Paid ad,Retail,201-1000,VP/C-level,5,1,1.7,0,0,0.5,0
LEAD-02612,Website form,Finance,1-10,IC,3,7,1.6,0,0,0.6,0
LEAD-02613,Website form,Education,1-10,IC,2,3,0.5,0,0,2.9,0
LEAD-02614,Website form,Healthcare,51-200,IC,3,7,3.0,0,1,0.9,1
LEAD-02615,Cold outbound,Education,11-50,Manager,4,1,1.3,0,0,3.3,0
LEAD-02616,Referral,Healthcare,201-1000,Manager,5,4,4.1,0,0,0.7,0
LEAD-02617,Referral,Education,201-1000,IC,3,7,1.5,0,0,0.2,0
LEAD-02618,Paid ad,Finance,1000+,VP/C-level,1,9,3.1,0,0,0.1,0
LEAD-02619,Website form,Manufacturing,1-10,Manager,6,0,1.6,0,0,3.0,0
LEAD-02620,Content download,Retail,51-200,IC,3,5,2.3,1,0,0.0,1
LEAD-02621,Referral,Manufacturing,1-10,Manager,2,5,0.8,0,0,12.2,0
LEAD-02622,Webinar,Healthcare,1-10,Manager,1,3,4.1,0,0,20.2,0
LEAD-02623,Cold outbound,Retail,51-200,VP/C-level,6,4,5.4,0,0,0.6,1
LEAD-02624,Cold outbound,Manufacturing,1-10,IC,5,6,2.5,0,0,0.7,0
LEAD-02625,Website form,Education,51-200,IC,1,4,1.4,0,0,3.8,0
LEAD-02626,Referral,SaaS,51-200,VP/C-level,4,3,3.1,1,0,8.1,1
LEAD-02627,Content download,Education,51-200,VP/C-level,2,3,2.9,0,0,1.2,0
LEAD-02628,Content download,Retail,11-50,Director,7,5,1.4,0,0,0.6,0
LEAD-02629,Webinar,Healthcare,1-10,IC,1,6,0.7,0,1,4.1,0
LEAD-02630,Content download,Retail,1-10,Manager,6,6,0.7,0,1,5.0,0
LEAD-02631,Cold outbound,Education,51-200,IC,1,7,4.2,1,0,4.9,0
LEAD-02632,Content download,SaaS,51-200,VP/C-level,7,5,1.9,1,0,1.1,1
LEAD-02633,Cold outbound,Manufacturing,201-1000,Director,3,4,0.8,0,0,2.1,0
LEAD-02634,Webinar,Manufacturing,11-50,Manager,4,5,2.4,0,0,4.4,0
LEAD-02635,Website form,Finance,1-10,IC,2,0,0.9,0,0,2.0,0
LEAD-02636,Cold outbound,Manufacturing,51-200,IC,9,2,1.1,0,0,5.8,0
LEAD-02637,Referral,Finance,11-50,Manager,3,6,4.8,0,1,0.5,1
LEAD-02638,Content download,Retail,11-50,IC,1,1,7.1,0,0,1.8,0
LEAD-02639,Website form,Education,51-200,Manager,6,5,1.7,1,0,1.2,0
LEAD-02640,Cold outbound,Manufacturing,1-10,Manager,1,2,2.0,0,0,0.8,0
LEAD-02641,Content download,Healthcare,51-200,Manager,5,6,6.3,0,1,0.2,1
LEAD-02642,Referral,Manufacturing,1000+,IC,2,3,4.0,0,1,1.2,0
LEAD-02643,Cold outbound,Manufacturing,1-10,Manager,4,2,1.3,1,0,0.2,0
LEAD-02644,Website form,Education,11-50,Manager,0,3,3.7,0,0,2.3,0
LEAD-02645,Paid ad,Healthcare,51-200,Director,0,2,1.5,0,0,0.8,1
LEAD-02646,Content download,Retail,11-50,IC,3,4,3.5,1,0,2.3,0
LEAD-02647,Cold outbound,Retail,201-1000,IC,0,4,1.5,0,0,1.7,0
LEAD-02648,Website form,Healthcare,1-10,Manager,2,3,2.9,0,0,0.2,0
LEAD-02649,Paid ad,Healthcare,51-200,Manager,2,4,1.3,0,0,0.3,0
LEAD-02650,Content download,Education,1-10,Director,2,7,2.2,0,0,6.4,0
LEAD-02651,Content download,Retail,1000+,Director,7,5,8.0,0,0,10.7,0
LEAD-02652,Paid ad,SaaS,1-10,VP/C-level,1,5,0.8,0,0,1.6,0
LEAD-02653,Cold outbound,SaaS,11-50,IC,0,6,2.7,0,0,1.5,0
LEAD-02654,Content download,Healthcare,1-10,IC,3,7,1.7,1,0,3.7,0
LEAD-02655,Website form,Education,201-1000,Director,2,4,3.3,0,0,2.1,1
LEAD-02656,Website form,SaaS,201-1000,IC,6,1,1.0,0,0,1.4,0
LEAD-02657,Content download,Finance,51-200,Manager,1,6,0.8,1,0,4.2,1
LEAD-02658,Referral,Manufacturing,51-200,IC,3,4,2.3,0,0,0.2,1
LEAD-02659,Content download,Education,11-50,Director,6,1,8.7,0,0,1.3,1
LEAD-02660,Webinar,Finance,11-50,VP/C-level,2,4,2.2,1,0,5.3,1
LEAD-02661,Cold outbound,Education,51-200,IC,6,5,1.0,0,0,0.8,0
LEAD-02662,Content download,Retail,11-50,Manager,3,3,3.7,1,0,3.4,1
LEAD-02663,Website form,Healthcare,1000+,IC,3,7,1.4,0,0,2.8,0
LEAD-02664,Paid ad,Healthcare,1-10,IC,1,2,1.5,0,0,6.8,0
LEAD-02665,Cold outbound,Finance,51-200,VP/C-level,1,3,4.7,0,0,7.9,0
LEAD-02666,Cold outbound,Education,201-1000,Director,3,7,2.7,1,0,0.8,0
LEAD-02667,Webinar,Education,51-200,Manager,3,2,2.9,0,0,2.2,1
LEAD-02668,Content download,Manufacturing,51-200,Manager,4,4,4.6,1,0,0.3,0
LEAD-02669,Content download,Education,201-1000,IC,3,9,0.3,0,1,2.0,0
LEAD-02670,Website form,Manufacturing,201-1000,Director,2,2,3.0,0,0,0.4,0
LEAD-02671,Website form,Healthcare,51-200,IC,3,3,1.4,0,0,0.4,0
LEAD-02672,Website form,SaaS,11-50,Director,2,6,1.2,0,0,1.0,0
LEAD-02673,Cold outbound,Manufacturing,11-50,VP/C-level,0,1,7.5,0,0,10.1,0
LEAD-02674,Cold outbound,Healthcare,11-50,VP/C-level,4,3,1.6,0,0,1.1,0
LEAD-02675,Content download,SaaS,11-50,IC,3,3,0.6,1,0,3.1,0
LEAD-02676,Referral,Education,201-1000,Director,5,3,0.5,1,1,6.5,1
LEAD-02677,Content download,Finance,1000+,Director,2,2,3.7,0,0,1.0,1
LEAD-02678,Paid ad,Healthcare,201-1000,IC,2,7,1.6,0,0,0.5,1
LEAD-02679,Webinar,Retail,201-1000,Director,5,4,3.0,0,0,0.3,1
LEAD-02680,Content download,SaaS,11-50,Director,3,5,0.3,1,0,2.5,0
LEAD-02681,Website form,SaaS,201-1000,Manager,3,3,0.2,0,0,0.2,0
LEAD-02682,Content download,Finance,11-50,IC,2,6,0.5,0,0,3.0,1
LEAD-02683,Website form,Healthcare,201-1000,IC,6,7,1.0,0,0,0.4,0
LEAD-02684,Website form,Finance,11-50,VP/C-level,1,3,1.9,0,0,2.5,0
LEAD-02685,Website form,Manufacturing,11-50,Manager,1,5,1.4,0,0,0.8,1
LEAD-02686,Webinar,Retail,51-200,IC,5,4,0.1,0,0,1.4,0
LEAD-02687,Content download,Education,51-200,VP/C-level,2,5,3.9,0,0,2.1,0
LEAD-02688,Website form,Manufacturing,11-50,IC,3,0,2.6,0,0,7.9,0
LEAD-02689,Content download,Education,1-10,Director,5,4,0.2,1,0,2.1,1
LEAD-02690,Webinar,Manufacturing,51-200,Manager,4,3,7.8,0,0,3.5,0
LEAD-02691,Website form,Finance,11-50,Director,5,1,7.1,1,0,3.2,0
LEAD-02692,Paid ad,SaaS,1-10,Director,5,2,5.5,0,0,0.1,0
LEAD-02693,Cold outbound,Healthcare,11-50,IC,4,4,3.5,0,0,1.5,0
LEAD-02694,Paid ad,SaaS,11-50,IC,3,5,2.1,0,0,7.0,0
LEAD-02695,Cold outbound,SaaS,51-200,VP/C-level,2,6,2.8,1,0,1.1,1
LEAD-02696,Website form,Manufacturing,11-50,IC,2,2,6.2,0,1,2.4,0
LEAD-02697,Website form,Finance,1-10,Director,5,9,1.2,0,0,1.3,1
LEAD-02698,Webinar,SaaS,11-50,Director,7,3,2.3,0,0,0.4,0
LEAD-02699,Webinar,SaaS,1-10,Director,3,3,2.6,0,0,1.8,1
LEAD-02700,Content download,Retail,51-200,Manager,4,3,3.8,0,0,5.4,0
LEAD-02701,Referral,Retail,1-10,IC,4,3,7.3,0,0,1.0,0
LEAD-02702,Webinar,Manufacturing,11-50,IC,3,5,1.0,0,0,1.5,1
LEAD-02703,Website form,Manufacturing,51-200,Director,4,2,1.8,0,1,1.5,1
LEAD-02704,Website form,Education,1-10,IC,3,7,3.1,1,0,0.6,0
LEAD-02705,Cold outbound,SaaS,201-1000,Manager,5,5,0.2,0,1,2.6,1
LEAD-02706,Content download,Retail,11-50,VP/C-level,6,3,0.7,0,0,9.6,0
LEAD-02707,Webinar,Healthcare,1000+,IC,1,8,4.4,0,0,7.9,0
LEAD-02708,Content download,Education,51-200,IC,2,2,3.0,0,0,5.9,0
LEAD-02709,Website form,Manufacturing,51-200,IC,4,4,3.6,0,1,7.0,0
LEAD-02710,Website form,Education,201-1000,Manager,2,4,6.6,0,0,7.9,0
LEAD-02711,Website form,SaaS,11-50,VP/C-level,4,4,2.3,0,1,0.3,1
LEAD-02712,Website form,Education,11-50,Director,3,3,0.9,1,0,0.7,0
LEAD-02713,Content download,Manufacturing,51-200,Manager,1,7,1.3,0,0,4.7,0
LEAD-02714,Referral,Healthcare,11-50,Manager,4,6,4.1,0,1,19.1,0
LEAD-02715,Website form,SaaS,201-1000,Director,5,4,3.0,1,0,4.8,1
LEAD-02716,Paid ad,Finance,1000+,IC,3,2,4.2,0,0,4.4,0
LEAD-02717,Content download,Education,201-1000,Director,1,3,1.3,0,1,2.7,0
LEAD-02718,Referral,Finance,51-200,IC,6,4,2.3,1,0,1.2,1
LEAD-02719,Cold outbound,Retail,11-50,IC,3,3,1.8,0,0,0.6,0
LEAD-02720,Cold outbound,Retail,51-200,IC,3,3,0.7,0,1,2.2,0
LEAD-02721,Paid ad,SaaS,11-50,Director,1,8,3.7,0,0,2.8,0
LEAD-02722,Website form,Education,51-200,IC,2,2,8.2,0,0,3.1,1
LEAD-02723,Webinar,Manufacturing,51-200,IC,3,6,3.2,0,0,1.3,0
LEAD-02724,Paid ad,Finance,51-200,Director,0,5,3.0,1,0,1.9,1
LEAD-02725,Website form,Retail,1000+,Director,3,3,1.9,0,0,9.1,0
LEAD-02726,Referral,Retail,11-50,VP/C-level,1,4,3.5,1,0,0.8,1
LEAD-02727,Paid ad,SaaS,1-10,Manager,3,2,9.2,0,0,1.7,0
LEAD-02728,Content download,Education,1000+,IC,4,5,0.4,1,0,1.4,0
LEAD-02729,Cold outbound,Retail,51-200,IC,1,3,0.8,1,0,1.0,0
LEAD-02730,Website form,Retail,51-200,Manager,0,1,2.2,1,0,0.8,0
LEAD-02731,Website form,Healthcare,11-50,VP/C-level,2,5,0.9,0,0,2.9,0
LEAD-02732,Website form,Manufacturing,11-50,Director,1,5,4.4,1,0,2.3,0
LEAD-02733,Webinar,Finance,11-50,Director,6,3,0.8,0,0,6.1,0
LEAD-02734,Cold outbound,SaaS,1-10,Manager,3,3,2.1,0,0,2.3,0
LEAD-02735,Cold outbound,Finance,1-10,Manager,0,5,4.4,0,0,5.0,0
LEAD-02736,Cold outbound,Retail,201-1000,IC,2,5,1.1,0,0,1.5,0
LEAD-02737,Content download,SaaS,11-50,IC,6,3,1.7,0,0,6.5,0
LEAD-02738,Website form,Education,1-10,Manager,4,4,2.2,0,0,2.6,0
LEAD-02739,Referral,SaaS,11-50,Manager,1,5,3.2,1,1,16.2,0
LEAD-02740,Content download,Retail,1-10,Manager,0,2,2.7,0,0,2.0,0
LEAD-02741,Website form,Education,51-200,IC,3,5,5.6,0,0,4.3,0
LEAD-02742,Referral,Retail,1-10,Director,2,4,2.9,0,0,3.7,0
LEAD-02743,Website form,Education,11-50,VP/C-level,2,4,5.2,0,1,0.2,1
LEAD-02744,Website form,Retail,11-50,IC,6,6,1.6,0,0,0.1,1
LEAD-02745,Cold outbound,Healthcare,51-200,VP/C-level,4,4,4.1,0,0,0.7,0
LEAD-02746,Cold outbound,Education,51-200,IC,2,6,3.8,0,0,0.3,0
LEAD-02747,Cold outbound,Manufacturing,11-50,Director,1,1,0.8,1,0,6.9,0
LEAD-02748,Referral,SaaS,201-1000,Manager,4,4,1.9,0,0,9.1,0
LEAD-02749,Content download,Healthcare,11-50,IC,2,2,3.6,1,0,1.1,1
LEAD-02750,Referral,Education,1-10,Manager,4,2,1.9,1,0,0.4,1
LEAD-02751,Referral,SaaS,1000+,IC,4,6,1.2,0,0,9.3,0
LEAD-02752,Webinar,SaaS,11-50,IC,3,4,0.7,1,0,13.6,0
LEAD-02753,Cold outbound,Retail,201-1000,IC,3,3,10.2,0,0,6.7,0
LEAD-02754,Website form,SaaS,11-50,Manager,3,2,2.5,0,0,5.0,0
LEAD-02755,Paid ad,Education,51-200,IC,3,2,5.7,0,0,2.1,0
LEAD-02756,Website form,SaaS,1-10,Manager,1,5,1.0,0,0,8.0,0
LEAD-02757,Paid ad,Retail,1-10,Director,2,3,2.3,0,0,0.7,1
LEAD-02758,Website form,Education,1-10,Manager,2,5,3.2,0,0,2.4,0
LEAD-02759,Content download,Healthcare,11-50,Manager,3,5,0.7,0,0,1.6,0
LEAD-02760,Content download,Healthcare,1-10,Manager,3,5,1.1,1,0,0.7,0
LEAD-02761,Content download,Education,1-10,Director,2,2,0.4,1,0,9.0,0
LEAD-02762,Webinar,Education,11-50,IC,2,2,0.8,0,0,0.4,0
LEAD-02763,Cold outbound,Healthcare,1-10,Director,3,4,1.4,0,0,0.3,0
LEAD-02764,Webinar,Retail,1000+,Manager,2,8,2.1,1,0,0.3,1
LEAD-02765,Website form,Retail,51-200,IC,2,1,1.1,1,0,3.1,0
LEAD-02766,Paid ad,Retail,11-50,Manager,5,4,3.8,0,0,3.8,0
LEAD-02767,Cold outbound,Healthcare,11-50,IC,3,2,0.6,0,1,3.6,0
LEAD-02768,Referral,Education,11-50,IC,5,3,2.9,0,0,0.8,0
LEAD-02769,Paid ad,Education,11-50,Director,2,6,1.7,0,1,4.1,0
LEAD-02770,Website form,SaaS,51-200,IC,3,4,0.5,0,0,0.2,0
LEAD-02771,Website form,Retail,11-50,Manager,2,3,4.8,1,0,3.7,0
LEAD-02772,Webinar,Education,11-50,IC,4,4,3.4,1,0,0.7,1
LEAD-02773,Webinar,Manufacturing,51-200,IC,1,6,6.5,1,0,1.4,0
LEAD-02774,Content download,Education,11-50,Manager,3,3,9.0,0,0,3.2,0
LEAD-02775,Referral,Retail,11-50,IC,6,6,2.8,0,0,0.3,1
LEAD-02776,Paid ad,Finance,11-50,Manager,2,3,0.9,0,1,0.6,1
LEAD-02777,Website form,Finance,201-1000,IC,3,6,3.2,0,1,2.6,0
LEAD-02778,Referral,Manufacturing,11-50,Manager,1,2,3.4,0,0,0.4,0
LEAD-02779,Content download,Manufacturing,11-50,IC,4,3,1.6,0,1,8.4,0
LEAD-02780,Website form,Finance,51-200,IC,1,1,1.5,1,0,3.3,0
LEAD-02781,Content download,SaaS,1000+,IC,1,5,1.4,0,0,2.0,1
LEAD-02782,Cold outbound,Manufacturing,11-50,Manager,5,7,1.4,0,0,0.4,0
LEAD-02783,Cold outbound,Retail,201-1000,IC,4,6,1.9,1,0,10.0,0
LEAD-02784,Cold outbound,Education,1-10,IC,2,3,0.7,0,0,0.8,0
LEAD-02785,Referral,Education,51-200,Director,4,2,1.3,0,0,4.9,0
LEAD-02786,Webinar,Education,201-1000,IC,2,3,5.2,0,0,6.3,0
LEAD-02787,Website form,Manufacturing,1-10,IC,1,3,2.0,0,0,7.3,0
LEAD-02788,Paid ad,SaaS,11-50,VP/C-level,4,4,5.3,0,0,0.4,1
LEAD-02789,Cold outbound,Retail,201-1000,VP/C-level,4,1,2.3,1,0,7.1,0
LEAD-02790,Referral,SaaS,1-10,VP/C-level,4,4,2.1,1,0,2.0,0
LEAD-02791,Cold outbound,Education,51-200,IC,1,3,0.6,0,0,0.4,0
LEAD-02792,Content download,Healthcare,51-200,IC,3,6,1.5,1,0,7.1,1
LEAD-02793,Content download,Education,11-50,IC,4,5,5.0,0,0,1.2,0
LEAD-02794,Paid ad,Education,51-200,IC,3,6,3.4,0,0,3.1,0
LEAD-02795,Cold outbound,Manufacturing,11-50,IC,3,2,7.8,0,0,3.5,0
LEAD-02796,Referral,Manufacturing,1-10,Director,1,6,1.5,0,0,0.4,0
LEAD-02797,Webinar,Finance,1000+,Manager,2,5,5.6,1,0,1.2,1
LEAD-02798,Website form,Finance,51-200,VP/C-level,2,5,2.2,1,1,0.6,1
LEAD-02799,Cold outbound,Education,201-1000,Manager,4,7,1.9,0,0,22.1,0
LEAD-02800,Cold outbound,SaaS,201-1000,IC,2,3,1.7,0,0,0.5,0
LEAD-02801,Cold outbound,SaaS,11-50,IC,2,4,0.3,0,0,1.6,0
LEAD-02802,Webinar,Healthcare,11-50,IC,3,5,1.7,1,0,3.0,0
LEAD-02803,Content download,SaaS,51-200,IC,5,8,1.4,0,1,4.0,1
LEAD-02804,Webinar,Finance,1-10,VP/C-level,4,4,1.6,0,0,0.4,1
LEAD-02805,Cold outbound,Finance,51-200,Manager,1,6,2.4,0,1,11.3,0
LEAD-02806,Referral,Retail,1-10,Manager,5,2,5.5,0,0,4.6,0
LEAD-02807,Website form,SaaS,1000+,Director,3,4,0.4,0,0,1.1,0
LEAD-02808,Website form,Retail,1-10,Director,5,2,2.7,1,0,1.1,1
LEAD-02809,Website form,Manufacturing,1000+,Director,3,5,5.4,0,0,0.5,0
LEAD-02810,Paid ad,Manufacturing,201-1000,Manager,4,5,1.2,0,1,1.0,1
LEAD-02811,Content download,Education,1-10,Manager,1,1,3.1,0,0,0.8,0
LEAD-02812,Website form,Healthcare,1000+,Manager,5,7,7.2,0,0,0.9,0
LEAD-02813,Website form,Retail,11-50,Manager,5,2,3.3,0,0,1.9,0
LEAD-02814,Website form,Retail,51-200,IC,5,2,1.5,0,0,9.7,0
LEAD-02815,Cold outbound,Manufacturing,11-50,VP/C-level,1,7,6.1,0,0,0.6,0
LEAD-02816,Paid ad,Healthcare,51-200,Director,4,3,1.7,0,1,9.3,0
LEAD-02817,Referral,Finance,1-10,VP/C-level,5,3,1.0,0,0,0.0,0
LEAD-02818,Referral,Manufacturing,1-10,Director,2,3,5.9,0,0,5.1,0
LEAD-02819,Content download,Healthcare,1-10,IC,6,6,8.4,0,0,0.0,0
LEAD-02820,Paid ad,Manufacturing,1000+,IC,4,1,4.3,0,0,1.1,0
LEAD-02821,Webinar,Healthcare,11-50,Director,3,3,1.0,0,1,10.2,0
LEAD-02822,Website form,Healthcare,51-200,IC,2,1,1.6,0,0,0.1,0
LEAD-02823,Content download,Manufacturing,1-10,Manager,3,5,3.2,0,0,1.5,0
LEAD-02824,Website form,SaaS,51-200,IC,6,5,3.7,0,0,0.5,0
LEAD-02825,Referral,SaaS,51-200,IC,1,1,0.5,0,0,1.9,0
LEAD-02826,Cold outbound,Finance,1-10,IC,3,2,2.2,0,0,7.7,0
LEAD-02827,Website form,Manufacturing,1000+,Manager,1,0,0.3,0,0,6.9,0
LEAD-02828,Website form,Healthcare,1-10,Director,2,2,1.1,1,0,2.7,0
LEAD-02829,Cold outbound,Retail,1-10,IC,2,4,1.8,0,0,4.3,1
LEAD-02830,Content download,Retail,1-10,Manager,3,4,1.2,0,0,1.0,0
LEAD-02831,Paid ad,Manufacturing,51-200,IC,4,5,3.4,0,0,10.0,0
LEAD-02832,Cold outbound,Healthcare,1-10,IC,3,5,1.5,0,0,1.8,0
LEAD-02833,Cold outbound,Healthcare,201-1000,Director,4,2,0.1,0,0,3.0,0
LEAD-02834,Paid ad,Healthcare,11-50,IC,2,2,8.8,0,0,4.5,0
LEAD-02835,Website form,Manufacturing,1-10,IC,6,4,3.0,0,0,3.9,0
LEAD-02836,Paid ad,Retail,11-50,Director,2,3,1.8,1,0,0.3,1
LEAD-02837,Cold outbound,Manufacturing,1-10,IC,4,3,5.4,0,0,5.4,0
LEAD-02838,Content download,Education,201-1000,Manager,2,3,3.8,0,0,0.9,0
LEAD-02839,Website form,Manufacturing,51-200,Director,6,2,1.3,0,0,0.3,0
LEAD-02840,Content download,Retail,51-200,IC,3,7,1.7,0,0,0.2,0
LEAD-02841,Webinar,Retail,51-200,IC,3,4,0.5,0,0,2.2,0
LEAD-02842,Cold outbound,Manufacturing,51-200,Director,0,8,0.9,0,0,1.8,0
LEAD-02843,Content download,Finance,11-50,Director,5,4,2.8,1,0,1.1,1
LEAD-02844,Content download,Education,1-10,Manager,2,4,5.9,0,0,1.8,0
LEAD-02845,Cold outbound,Healthcare,201-1000,VP/C-level,3,3,5.1,1,0,0.6,1
LEAD-02846,Cold outbound,Manufacturing,1-10,Manager,3,5,1.1,0,0,0.7,0
LEAD-02847,Webinar,Manufacturing,11-50,IC,4,8,3.5,1,0,2.8,1
LEAD-02848,Webinar,Retail,11-50,IC,4,6,1.8,1,0,4.1,1
LEAD-02849,Paid ad,Healthcare,1-10,IC,5,6,7.8,1,0,5.9,0
LEAD-02850,Cold outbound,Manufacturing,1-10,IC,3,2,2.0,0,0,4.3,0
LEAD-02851,Content download,Finance,201-1000,IC,2,2,1.1,1,0,1.2,0
LEAD-02852,Content download,Education,1-10,Director,4,2,1.5,1,0,5.3,0
LEAD-02853,Paid ad,Finance,1-10,Manager,2,4,3.6,0,0,2.3,0
LEAD-02854,Webinar,Manufacturing,1-10,IC,3,6,4.6,1,0,4.4,0
LEAD-02855,Website form,Manufacturing,1-10,Director,4,7,1.3,1,0,0.3,0
LEAD-02856,Webinar,SaaS,51-200,IC,2,1,0.8,0,0,3.3,0
LEAD-02857,Paid ad,Education,1-10,Director,5,6,1.0,0,0,1.1,0
LEAD-02858,Website form,Manufacturing,1-10,IC,3,8,4.2,0,0,2.9,0
LEAD-02859,Webinar,Education,11-50,Manager,4,4,4.8,0,1,0.7,0
LEAD-02860,Referral,Finance,51-200,VP/C-level,4,6,2.1,0,1,7.1,1
LEAD-02861,Referral,Education,51-200,Manager,4,4,1.3,0,0,2.7,0
LEAD-02862,Webinar,Manufacturing,1-10,IC,1,4,1.8,0,1,0.5,0
LEAD-02863,Cold outbound,Retail,11-50,IC,3,3,5.7,0,0,2.4,0
LEAD-02864,Cold outbound,Education,51-200,Director,3,5,0.5,0,0,2.0,0
LEAD-02865,Content download,SaaS,201-1000,Manager,3,2,2.4,0,0,0.7,0
LEAD-02866,Content download,Manufacturing,51-200,IC,4,6,1.0,0,0,2.6,0
LEAD-02867,Website form,Education,11-50,IC,2,4,0.4,1,0,1.5,0
LEAD-02868,Cold outbound,Education,201-1000,Manager,1,2,2.8,0,0,1.9,0
LEAD-02869,Cold outbound,Healthcare,201-1000,Manager,5,1,2.8,0,0,2.5,0
LEAD-02870,Webinar,Education,1-10,Manager,2,6,1.6,0,1,4.4,0
LEAD-02871,Content download,Education,11-50,IC,5,2,2.2,0,0,0.1,0
LEAD-02872,Website form,Manufacturing,1-10,VP/C-level,6,2,0.8,1,0,0.1,0
LEAD-02873,Content download,Education,1-10,IC,3,2,1.4,1,1,0.9,0
LEAD-02874,Content download,Education,1-10,VP/C-level,2,8,0.9,0,0,2.8,0
LEAD-02875,Content download,Manufacturing,11-50,Manager,2,2,3.5,0,0,3.3,0
LEAD-02876,Cold outbound,Education,1-10,IC,1,2,3.8,0,0,2.0,0
LEAD-02877,Paid ad,Manufacturing,1000+,Manager,2,2,3.0,0,0,7.0,0
LEAD-02878,Referral,Manufacturing,11-50,Director,2,2,2.7,0,0,2.7,0
LEAD-02879,Paid ad,Education,51-200,Director,3,3,3.9,0,0,3.4,0
LEAD-02880,Content download,Retail,1-10,Manager,3,5,3.2,0,0,3.3,0
LEAD-02881,Cold outbound,SaaS,11-50,IC,2,6,0.9,0,0,1.0,0
LEAD-02882,Website form,SaaS,51-200,Director,4,3,3.2,0,0,0.2,1
LEAD-02883,Website form,SaaS,11-50,Manager,1,6,5.4,0,1,1.6,0
LEAD-02884,Website form,SaaS,1-10,Manager,3,2,1.5,0,0,1.6,0
LEAD-02885,Content download,Finance,51-200,Manager,2,4,5.8,0,1,0.0,1
LEAD-02886,Referral,Manufacturing,1-10,IC,3,3,1.5,0,1,1.1,0
LEAD-02887,Cold outbound,Retail,11-50,IC,5,2,3.2,0,1,1.1,0
LEAD-02888,Webinar,Healthcare,1000+,IC,1,5,3.6,0,0,2.0,0
LEAD-02889,Paid ad,Healthcare,1-10,Manager,3,7,1.9,0,0,4.5,0
LEAD-02890,Cold outbound,Finance,51-200,Manager,5,2,0.7,0,0,3.1,1
LEAD-02891,Website form,SaaS,1-10,Manager,4,5,7.1,0,0,1.2,0
LEAD-02892,Webinar,Retail,11-50,Director,0,7,4.6,0,0,1.3,1
LEAD-02893,Website form,Healthcare,1-10,IC,4,3,1.1,0,0,0.3,0
LEAD-02894,Website form,SaaS,1-10,Director,1,5,1.3,0,0,1.6,0
LEAD-02895,Cold outbound,Healthcare,1-10,IC,2,2,4.0,0,0,1.2,0
LEAD-02896,Webinar,SaaS,11-50,Manager,6,2,1.4,1,1,5.3,1
LEAD-02897,Referral,Education,1-10,Manager,2,4,1.6,1,1,0.2,0
LEAD-02898,Cold outbound,Healthcare,51-200,VP/C-level,3,2,0.9,0,0,4.8,1
LEAD-02899,Webinar,Manufacturing,1-10,Director,4,2,3.2,0,1,4.5,0
LEAD-02900,Content download,Manufacturing,201-1000,IC,3,2,3.5,1,0,0.3,1
LEAD-02901,Webinar,Retail,51-200,Director,1,8,3.8,0,0,3.1,0
LEAD-02902,Website form,SaaS,11-50,Director,8,2,3.7,0,0,0.4,0
LEAD-02903,Content download,Healthcare,201-1000,Manager,3,3,1.4,0,0,1.0,0
LEAD-02904,Website form,Education,11-50,Director,4,8,2.1,1,0,3.6,0
LEAD-02905,Referral,Finance,1000+,IC,8,4,4.7,0,0,5.1,0
LEAD-02906,Content download,Healthcare,51-200,Manager,1,4,1.0,0,0,1.4,1
LEAD-02907,Content download,SaaS,201-1000,VP/C-level,0,5,1.8,0,0,3.1,0
LEAD-02908,Content download,Retail,1-10,IC,5,1,1.9,1,0,1.1,1
LEAD-02909,Content download,SaaS,1-10,Manager,3,2,4.0,0,0,0.0,0
LEAD-02910,Referral,Healthcare,11-50,Director,4,1,4.8,0,0,0.4,1
LEAD-02911,Website form,Healthcare,11-50,Director,1,4,4.8,0,0,0.6,0
LEAD-02912,Paid ad,Retail,1000+,IC,4,1,4.7,0,0,4.7,0
LEAD-02913,Cold outbound,Manufacturing,11-50,Manager,3,5,1.0,0,1,1.8,0
LEAD-02914,Website form,Education,51-200,Manager,0,6,0.9,0,0,3.5,0
LEAD-02915,Webinar,Finance,11-50,Manager,9,2,0.8,0,0,3.5,0
LEAD-02916,Website form,Healthcare,51-200,IC,2,6,3.3,0,0,1.5,0
LEAD-02917,Content download,Healthcare,1-10,Manager,6,5,0.8,0,0,1.9,1
LEAD-02918,Paid ad,SaaS,1-10,IC,1,2,0.8,0,0,5.4,0
LEAD-02919,Cold outbound,Manufacturing,1000+,IC,2,4,1.6,0,0,2.6,0
LEAD-02920,Content download,Manufacturing,1-10,VP/C-level,5,3,0.4,0,0,2.6,0
LEAD-02921,Cold outbound,SaaS,11-50,IC,3,3,1.8,0,0,4.7,0
LEAD-02922,Website form,Retail,11-50,Manager,2,7,1.9,0,0,2.1,1
LEAD-02923,Content download,Retail,1-10,Manager,5,3,4.2,1,0,4.1,0
LEAD-02924,Referral,SaaS,51-200,Manager,3,4,6.0,1,0,2.6,0
LEAD-02925,Website form,Education,1-10,IC,3,4,3.3,0,0,6.5,0
LEAD-02926,Referral,Retail,51-200,VP/C-level,2,4,0.3,0,0,5.3,0
LEAD-02927,Cold outbound,Finance,11-50,IC,2,2,4.0,0,0,3.0,0
LEAD-02928,Website form,Manufacturing,1-10,Manager,1,8,5.6,0,0,3.9,0
LEAD-02929,Webinar,Finance,1-10,IC,2,1,2.5,0,0,3.0,0
LEAD-02930,Referral,Healthcare,1-10,Director,4,7,1.2,1,0,0.2,0
LEAD-02931,Website form,SaaS,51-200,Director,2,2,6.7,0,0,1.2,0
LEAD-02932,Website form,Healthcare,11-50,IC,3,1,0.8,1,0,0.0,0
LEAD-02933,Referral,Manufacturing,51-200,IC,2,5,3.7,0,0,3.3,1
LEAD-02934,Cold outbound,Education,201-1000,Manager,0,7,0.6,0,0,4.5,0
LEAD-02935,Webinar,SaaS,1-10,Manager,4,3,2.2,0,0,3.5,0
LEAD-02936,Content download,Finance,1-10,IC,2,3,0.2,0,0,3.7,0
LEAD-02937,Paid ad,Healthcare,11-50,Manager,1,6,2.7,1,0,16.9,0
LEAD-02938,Referral,Retail,1-10,VP/C-level,1,1,1.1,0,1,2.0,1
LEAD-02939,Cold outbound,Healthcare,1-10,IC,3,9,3.1,0,0,0.3,0
LEAD-02940,Website form,Finance,11-50,IC,1,3,3.7,0,0,0.7,0
LEAD-02941,Content download,Retail,1-10,Manager,4,2,2.1,0,0,1.5,0
LEAD-02942,Cold outbound,Finance,11-50,Director,4,4,3.4,0,0,4.5,1
LEAD-02943,Paid ad,SaaS,51-200,Manager,3,4,1.2,1,0,0.3,1
LEAD-02944,Referral,Healthcare,51-200,IC,2,6,0.6,0,0,2.7,0
LEAD-02945,Referral,Manufacturing,1-10,VP/C-level,6,1,1.7,0,0,4.7,0
LEAD-02946,Content download,SaaS,1-10,IC,4,4,2.1,1,1,1.8,0
LEAD-02947,Content download,Healthcare,51-200,Director,3,4,0.6,0,0,1.8,0
LEAD-02948,Webinar,SaaS,11-50,IC,3,6,1.6,0,0,0.4,0
LEAD-02949,Content download,Retail,51-200,Manager,4,3,2.9,0,0,0.2,0
LEAD-02950,Referral,Manufacturing,201-1000,Director,4,4,0.7,1,0,6.2,0
LEAD-02951,Cold outbound,SaaS,1-10,Director,3,3,1.3,1,0,2.8,0
LEAD-02952,Cold outbound,Manufacturing,51-200,IC,1,3,2.5,1,0,2.6,0
LEAD-02953,Website form,Manufacturing,11-50,IC,3,3,0.4,0,1,2.4,1
LEAD-02954,Cold outbound,Healthcare,11-50,IC,2,6,2.2,0,0,1.6,0
LEAD-02955,Webinar,SaaS,51-200,Manager,5,6,3.2,0,1,0.6,1
LEAD-02956,Referral,Education,11-50,IC,3,5,2.4,0,0,0.4,0
LEAD-02957,Webinar,Manufacturing,1-10,IC,0,3,2.0,0,0,4.5,0
LEAD-02958,Paid ad,SaaS,1-10,Manager,6,4,2.4,0,0,6.8,0
LEAD-02959,Content download,Education,11-50,Director,2,3,5.8,0,0,0.3,0
LEAD-02960,Website form,Retail,51-200,Manager,2,2,1.1,0,0,0.1,0
LEAD-02961,Cold outbound,SaaS,1-10,Director,3,3,3.4,1,0,1.2,0
LEAD-02962,Cold outbound,SaaS,201-1000,Manager,2,4,3.0,0,0,0.5,0
LEAD-02963,Cold outbound,Retail,201-1000,Manager,5,5,2.0,0,0,0.9,0
LEAD-02964,Paid ad,SaaS,1-10,Director,4,4,2.4,1,0,0.5,1
LEAD-02965,Content download,Manufacturing,1-10,Manager,4,2,2.8,0,0,1.4,0
LEAD-02966,Website form,Healthcare,1-10,Director,1,5,1.4,1,0,2.9,0
LEAD-02967,Cold outbound,Education,11-50,IC,2,2,1.3,0,0,1.4,0
LEAD-02968,Content download,SaaS,11-50,Manager,5,4,2.4,1,1,1.7,0
LEAD-02969,Paid ad,Manufacturing,1-10,Director,4,3,2.0,1,1,3.3,1
LEAD-02970,Webinar,SaaS,51-200,Manager,4,1,3.7,0,0,7.2,1
LEAD-02971,Webinar,Retail,1-10,IC,5,3,3.2,0,0,3.1,0
LEAD-02972,Cold outbound,Retail,1-10,IC,4,3,1.4,1,0,1.1,0
LEAD-02973,Cold outbound,Healthcare,201-1000,IC,2,5,2.1,0,1,4.9,0
LEAD-02974,Paid ad,Finance,201-1000,Manager,3,2,4.4,0,0,1.9,0
LEAD-02975,Content download,Healthcare,201-1000,Director,4,3,1.2,1,0,9.2,0
LEAD-02976,Website form,Retail,11-50,Director,2,4,3.1,1,1,0.0,1
LEAD-02977,Webinar,Healthcare,1-10,IC,0,4,1.0,0,0,4.0,0
LEAD-02978,Referral,Manufacturing,11-50,IC,4,3,1.4,0,0,2.2,1
LEAD-02979,Referral,SaaS,51-200,IC,3,1,1.8,0,0,4.1,0
LEAD-02980,Website form,Retail,1-10,Director,1,5,2.6,1,1,0.6,1
LEAD-02981,Website form,Healthcare,51-200,IC,3,3,1.6,0,0,0.7,0
LEAD-02982,Website form,Manufacturing,11-50,VP/C-level,0,3,3.6,0,1,6.4,0
LEAD-02983,Referral,Education,1000+,IC,3,2,2.5,0,0,0.9,0
LEAD-02984,Content download,SaaS,1-10,Manager,4,5,3.5,0,0,3.9,0
LEAD-02985,Content download,Healthcare,1-10,Director,1,0,1.3,1,0,3.2,0
LEAD-02986,Webinar,Finance,11-50,VP/C-level,4,1,2.6,0,1,5.8,1
LEAD-02987,Website form,Retail,51-200,IC,5,5,3.5,0,0,6.1,0
LEAD-02988,Cold outbound,Manufacturing,51-200,IC,5,4,4.1,1,0,7.4,1
LEAD-02989,Referral,Finance,1-10,IC,5,4,2.4,0,0,0.3,0
LEAD-02990,Content download,Manufacturing,11-50,IC,2,7,1.7,0,1,0.8,1
LEAD-02991,Paid ad,Finance,51-200,Manager,1,3,2.6,0,0,2.0,1
LEAD-02992,Content download,Education,51-200,IC,3,7,3.7,0,0,0.0,0
LEAD-02993,Webinar,Education,1-10,IC,4,2,1.6,0,0,0.3,0
LEAD-02994,Paid ad,Education,11-50,Director,7,2,2.0,0,0,0.2,0
LEAD-02995,Webinar,SaaS,51-200,Manager,2,6,1.6,0,0,1.2,0
LEAD-02996,Referral,Education,201-1000,IC,2,2,1.1,0,0,0.1,0
LEAD-02997,Cold outbound,Manufacturing,51-200,Manager,2,10,0.7,0,0,4.4,0
LEAD-02998,Webinar,SaaS,11-50,Director,1,3,6.2,0,1,1.7,0
LEAD-02999,Cold outbound,Education,201-1000,IC,1,3,1.7,0,0,0.5,0
LEAD-03000,Website form,Manufacturing,11-50,IC,5,3,0.6,0,0,3.0,0
LEAD-03001,Webinar,SaaS,51-200,Manager,5,4,1.3,0,1,4.6,1
LEAD-03002,Paid ad,Manufacturing,51-200,Manager,2,4,2.4,0,0,3.0,0
LEAD-03003,Content download,Manufacturing,11-50,IC,3,6,0.5,0,0,0.2,0
LEAD-03004,Paid ad,Finance,51-200,Manager,1,5,1.8,0,0,5.3,0
LEAD-03005,Website form,Retail,1-10,VP/C-level,4,4,4.2,0,0,0.3,0
LEAD-03006,Content download,Manufacturing,1-10,IC,2,9,2.4,0,0,3.4,0
LEAD-03007,Cold outbound,SaaS,11-50,IC,4,6,1.1,0,0,2.2,1
LEAD-03008,Content download,Healthcare,51-200,IC,2,7,5.3,0,0,2.3,0
LEAD-03009,Content download,Retail,51-200,Director,3,3,4.1,0,0,0.4,1
LEAD-03010,Website form,Retail,51-200,IC,2,5,1.4,0,0,2.0,0
LEAD-03011,Cold outbound,Healthcare,51-200,IC,4,6,5.9,0,1,0.2,1
LEAD-03012,Referral,Healthcare,201-1000,VP/C-level,4,6,1.8,0,0,12.2,1
LEAD-03013,Content download,Retail,51-200,IC,2,5,1.7,0,0,0.4,0
LEAD-03014,Website form,Retail,1-10,IC,1,5,2.9,0,0,0.2,0
LEAD-03015,Website form,Manufacturing,201-1000,VP/C-level,4,5,3.6,0,0,12.4,0
LEAD-03016,Content download,Finance,201-1000,Manager,7,5,1.6,1,0,0.4,0
LEAD-03017,Website form,Education,201-1000,Manager,3,3,2.1,0,1,0.3,1
LEAD-03018,Cold outbound,Manufacturing,11-50,Manager,0,1,0.9,0,0,2.4,0
LEAD-03019,Webinar,Finance,51-200,Manager,4,10,3.3,1,0,0.3,1
LEAD-03020,Website form,SaaS,51-200,IC,6,6,0.7,0,1,2.9,0
LEAD-03021,Website form,Education,51-200,IC,4,9,2.4,0,0,1.8,1
LEAD-03022,Referral,Retail,51-200,IC,0,4,3.5,0,0,5.0,0
LEAD-03023,Website form,Finance,51-200,Manager,3,0,3.3,0,0,2.5,0
LEAD-03024,Referral,Manufacturing,1-10,Manager,5,4,3.9,1,0,0.8,0
LEAD-03025,Content download,Healthcare,201-1000,IC,2,2,1.1,0,0,0.0,0
LEAD-03026,Paid ad,Manufacturing,1-10,Manager,3,8,0.8,0,0,0.9,0
LEAD-03027,Referral,Finance,1-10,Director,4,2,4.9,1,0,2.9,0
LEAD-03028,Website form,Retail,11-50,Manager,5,3,1.4,0,0,4.2,0
LEAD-03029,Cold outbound,SaaS,1-10,VP/C-level,3,9,3.8,0,0,1.5,0
LEAD-03030,Cold outbound,Manufacturing,1-10,IC,2,3,0.9,0,0,5.2,0
LEAD-03031,Referral,Retail,1-10,IC,2,5,1.9,0,0,7.1,0
LEAD-03032,Content download,Education,1-10,VP/C-level,6,4,5.5,1,0,4.5,0
LEAD-03033,Website form,Healthcare,51-200,IC,6,2,1.6,1,0,3.7,0
LEAD-03034,Webinar,SaaS,201-1000,IC,2,4,2.6,0,0,0.3,0
LEAD-03035,Webinar,Finance,201-1000,IC,2,3,3.6,0,0,0.4,0
LEAD-03036,Website form,Retail,201-1000,IC,6,2,2.5,0,1,2.1,0
LEAD-03037,Paid ad,Retail,51-200,VP/C-level,3,3,1.1,0,0,1.7,1
LEAD-03038,Paid ad,Healthcare,1-10,Manager,3,2,2.1,1,0,0.3,1
LEAD-03039,Referral,Retail,11-50,IC,4,6,4.4,0,0,2.7,0
LEAD-03040,Cold outbound,Retail,11-50,IC,1,2,4.6,0,0,6.8,0
LEAD-03041,Paid ad,Healthcare,201-1000,IC,7,3,0.6,0,0,2.9,0
LEAD-03042,Referral,Education,201-1000,Director,2,7,5.1,0,0,1.4,0
LEAD-03043,Cold outbound,Retail,1-10,Manager,5,4,0.5,0,0,2.5,0
LEAD-03044,Paid ad,Finance,1-10,Director,1,6,5.1,1,0,1.0,0
LEAD-03045,Website form,SaaS,201-1000,Manager,1,6,1.6,1,0,2.5,0
LEAD-03046,Paid ad,Retail,1-10,IC,4,4,1.9,0,0,0.4,0
LEAD-03047,Website form,Finance,51-200,Manager,5,3,2.2,0,0,3.3,0
LEAD-03048,Webinar,Finance,1000+,Manager,4,5,4.6,0,0,0.8,0
LEAD-03049,Website form,Education,1-10,Director,3,3,1.0,0,0,2.3,0
LEAD-03050,Referral,Retail,51-200,Manager,4,3,11.0,0,0,2.6,0
LEAD-03051,Webinar,Finance,1-10,IC,5,4,4.6,0,0,1.0,0
LEAD-03052,Content download,Manufacturing,11-50,IC,5,3,1.5,1,0,19.0,1
LEAD-03053,Webinar,Healthcare,11-50,IC,4,5,2.2,0,0,2.1,1
LEAD-03054,Cold outbound,Manufacturing,201-1000,IC,5,2,6.0,0,1,4.0,0
LEAD-03055,Content download,Healthcare,51-200,Director,3,3,2.9,0,0,4.3,0
LEAD-03056,Cold outbound,Finance,1-10,IC,2,5,1.4,0,0,0.3,0
LEAD-03057,Webinar,Education,51-200,Manager,2,5,2.7,1,1,0.2,0
LEAD-03058,Webinar,Healthcare,1-10,IC,5,4,2.2,0,0,3.8,0
LEAD-03059,Cold outbound,Finance,1-10,VP/C-level,6,4,2.8,0,0,3.6,0
LEAD-03060,Cold outbound,Education,1-10,IC,6,2,4.8,0,0,1.9,0
LEAD-03061,Referral,Healthcare,1-10,Manager,5,3,2.3,0,0,1.1,0
LEAD-03062,Website form,Education,201-1000,VP/C-level,0,3,4.2,0,0,9.4,0
LEAD-03063,Cold outbound,Finance,51-200,IC,5,3,3.1,0,0,2.2,0
LEAD-03064,Content download,Retail,51-200,Manager,4,6,1.1,0,0,0.6,0
LEAD-03065,Content download,SaaS,11-50,Director,3,4,3.2,0,0,4.5,0
LEAD-03066,Referral,Manufacturing,201-1000,Manager,6,3,0.7,0,0,1.8,0
LEAD-03067,Website form,Retail,11-50,IC,5,4,0.5,1,0,0.1,1
LEAD-03068,Cold outbound,Finance,51-200,Manager,3,3,0.9,0,0,3.6,0
LEAD-03069,Referral,Manufacturing,51-200,IC,4,6,3.3,0,0,0.1,0
LEAD-03070,Website form,Manufacturing,1-10,Director,4,3,2.9,0,0,11.2,0
LEAD-03071,Cold outbound,SaaS,1-10,VP/C-level,2,8,1.0,0,1,0.7,0
LEAD-03072,Paid ad,Manufacturing,11-50,IC,2,4,2.4,0,0,1.6,0
LEAD-03073,Webinar,Retail,11-50,Manager,3,2,2.5,0,0,1.4,0
LEAD-03074,Cold outbound,Retail,51-200,Manager,3,4,1.7,0,0,1.1,0
LEAD-03075,Cold outbound,Manufacturing,201-1000,Director,2,4,1.9,1,0,7.6,1
LEAD-03076,Webinar,Retail,11-50,IC,0,6,4.8,1,0,0.5,0
LEAD-03077,Referral,Finance,201-1000,Director,3,4,0.5,0,0,5.6,0
LEAD-03078,Webinar,Finance,1-10,Director,1,2,1.9,0,0,5.4,0
LEAD-03079,Website form,SaaS,51-200,Director,5,4,6.5,0,1,5.0,0
LEAD-03080,Cold outbound,Healthcare,1-10,Director,1,1,6.2,1,0,1.4,1
LEAD-03081,Cold outbound,Manufacturing,1-10,Director,3,4,2.5,0,0,0.5,0
LEAD-03082,Paid ad,SaaS,11-50,IC,2,3,4.9,0,0,3.2,0
LEAD-03083,Website form,Manufacturing,11-50,VP/C-level,4,3,4.1,0,0,3.5,0
LEAD-03084,Content download,Finance,11-50,Manager,2,6,8.0,0,0,4.2,0
LEAD-03085,Referral,Finance,1-10,Manager,2,3,2.0,0,0,5.9,0
LEAD-03086,Content download,Finance,51-200,IC,1,7,1.0,0,0,2.1,0
LEAD-03087,Referral,Healthcare,201-1000,IC,1,5,0.9,0,0,0.1,0
LEAD-03088,Cold outbound,Manufacturing,1-10,Manager,6,3,3.1,0,1,13.2,0
LEAD-03089,Referral,Education,1-10,IC,3,3,2.1,0,0,6.3,0
LEAD-03090,Cold outbound,Retail,1000+,Manager,6,2,1.8,1,0,3.9,0
LEAD-03091,Website form,Retail,1-10,Director,6,7,2.6,1,0,4.1,0
LEAD-03092,Website form,Finance,1-10,Manager,2,3,3.4,0,1,0.2,0
LEAD-03093,Website form,SaaS,201-1000,IC,2,2,2.5,0,0,6.0,0
LEAD-03094,Cold outbound,Finance,51-200,VP/C-level,3,3,1.4,0,0,9.1,0
LEAD-03095,Paid ad,Education,51-200,Manager,6,1,2.7,0,0,0.3,0
LEAD-03096,Paid ad,SaaS,51-200,IC,2,3,3.4,0,0,4.6,0
LEAD-03097,Cold outbound,Manufacturing,1-10,Manager,6,4,1.5,0,0,2.3,0
LEAD-03098,Website form,Retail,1-10,Manager,0,3,1.3,0,1,2.9,0
LEAD-03099,Referral,Education,201-1000,Manager,5,6,1.7,0,0,4.1,0
LEAD-03100,Content download,Finance,51-200,Director,2,1,4.9,0,0,3.0,0
LEAD-03101,Paid ad,Healthcare,1-10,Manager,4,2,0.6,0,0,1.3,0
LEAD-03102,Website form,Finance,201-1000,Director,2,3,1.1,0,0,3.1,1
LEAD-03103,Cold outbound,Education,201-1000,Director,4,5,3.5,0,0,2.0,0
LEAD-03104,Cold outbound,Retail,51-200,Manager,3,2,1.8,0,0,3.4,0
LEAD-03105,Website form,Education,201-1000,Manager,1,4,1.7,0,0,1.7,0
LEAD-03106,Website form,Finance,11-50,IC,3,5,1.2,0,0,2.8,0
LEAD-03107,Website form,Manufacturing,51-200,Manager,1,3,2.6,1,0,3.7,0
LEAD-03108,Cold outbound,Healthcare,1-10,Manager,4,4,3.0,0,0,0.4,0
LEAD-03109,Website form,Education,1-10,Director,3,5,0.9,0,1,4.2,0
LEAD-03110,Content download,Healthcare,11-50,IC,0,3,2.4,1,0,2.1,0
LEAD-03111,Webinar,Education,11-50,Manager,1,6,0.3,0,0,2.2,0
LEAD-03112,Content download,Healthcare,11-50,Manager,3,1,1.4,0,0,0.1,0
LEAD-03113,Website form,Manufacturing,11-50,Director,6,5,3.4,1,1,8.8,1
LEAD-03114,Website form,Manufacturing,201-1000,Manager,10,2,1.9,0,0,0.7,1
LEAD-03115,Website form,Finance,1000+,Manager,3,2,2.3,0,0,7.8,0
LEAD-03116,Cold outbound,Retail,11-50,Director,1,5,3.0,0,0,3.5,0
LEAD-03117,Content download,Education,201-1000,Manager,3,7,2.0,1,0,0.5,0
LEAD-03118,Referral,Finance,1-10,IC,7,2,2.8,0,0,0.2,0
LEAD-03119,Webinar,Retail,51-200,VP/C-level,1,3,6.0,0,0,1.4,0
LEAD-03120,Website form,Finance,1-10,IC,3,2,3.6,0,1,0.3,0
LEAD-03121,Website form,Healthcare,51-200,Director,2,2,1.4,0,0,2.5,0
LEAD-03122,Website form,Finance,201-1000,IC,2,3,1.4,1,0,12.4,1
LEAD-03123,Referral,Education,11-50,Manager,2,1,0.6,0,0,5.6,0
LEAD-03124,Paid ad,SaaS,201-1000,IC,1,1,2.7,0,0,2.4,0
LEAD-03125,Cold outbound,Manufacturing,1-10,Manager,1,6,0.5,0,0,3.9,0
LEAD-03126,Content download,Healthcare,11-50,Director,3,2,3.9,0,0,1.7,0
LEAD-03127,Cold outbound,SaaS,51-200,Manager,2,3,7.7,0,0,0.8,0
LEAD-03128,Website form,Finance,1-10,Director,9,4,0.9,0,0,3.2,0
LEAD-03129,Cold outbound,Healthcare,11-50,Director,2,7,2.1,0,0,4.1,0
LEAD-03130,Paid ad,Finance,51-200,Director,1,2,1.1,0,0,2.4,0
LEAD-03131,Website form,Finance,1-10,Manager,5,3,2.0,0,0,7.1,0
LEAD-03132,Cold outbound,Manufacturing,11-50,IC,4,3,2.4,0,0,2.4,0
LEAD-03133,Webinar,Finance,1-10,IC,3,6,3.0,1,1,2.2,1
LEAD-03134,Paid ad,Education,51-200,Manager,2,3,2.3,0,0,6.0,0
LEAD-03135,Webinar,Finance,11-50,Director,6,4,0.7,0,1,6.2,1
LEAD-03136,Webinar,Retail,51-200,Manager,3,4,5.7,0,0,3.0,0
LEAD-03137,Website form,Retail,11-50,Manager,4,6,1.4,0,0,0.1,0
LEAD-03138,Webinar,Retail,51-200,IC,2,1,3.3,0,0,7.5,0
LEAD-03139,Referral,Retail,11-50,Manager,1,3,0.5,0,0,4.0,0
LEAD-03140,Website form,Healthcare,201-1000,Manager,4,3,3.3,0,0,0.9,0
LEAD-03141,Cold outbound,Finance,1000+,Manager,3,4,5.1,0,0,0.3,0
LEAD-03142,Content download,Education,51-200,Manager,2,5,4.3,0,0,0.2,1
LEAD-03143,Content download,Finance,51-200,VP/C-level,2,6,4.1,0,0,2.0,0
LEAD-03144,Referral,SaaS,1-10,Director,5,4,3.7,1,0,5.2,0
LEAD-03145,Referral,Healthcare,11-50,Director,5,5,4.0,0,0,0.4,0
LEAD-03146,Paid ad,SaaS,201-1000,Director,4,2,1.6,0,0,0.0,0
LEAD-03147,Website form,Manufacturing,51-200,Manager,5,1,6.3,0,1,6.8,0
LEAD-03148,Content download,Manufacturing,1-10,Director,2,1,3.5,0,1,1.9,1
LEAD-03149,Content download,Healthcare,1-10,Manager,6,6,1.8,0,0,5.3,0
LEAD-03150,Website form,Finance,1-10,VP/C-level,2,3,2.7,1,0,5.4,0
LEAD-03151,Website form,Finance,51-200,Manager,2,7,2.7,0,0,1.6,1
LEAD-03152,Cold outbound,Retail,11-50,Manager,5,3,0.6,0,0,0.3,0
LEAD-03153,Cold outbound,Retail,1-10,IC,3,7,4.8,0,0,1.2,0
LEAD-03154,Webinar,SaaS,11-50,IC,2,7,1.5,0,0,3.4,0
LEAD-03155,Website form,SaaS,11-50,IC,3,9,1.0,1,0,0.2,1
LEAD-03156,Website form,SaaS,11-50,IC,3,8,1.2,0,0,3.1,0
LEAD-03157,Website form,SaaS,51-200,Director,1,5,2.5,0,0,1.0,0
LEAD-03158,Content download,Retail,201-1000,Director,5,5,2.4,0,0,1.4,0
LEAD-03159,Content download,Healthcare,201-1000,Director,2,5,3.9,0,0,4.7,1
LEAD-03160,Referral,SaaS,1-10,VP/C-level,2,5,2.5,0,0,0.6,0
LEAD-03161,Webinar,SaaS,1-10,Director,3,2,1.9,0,0,7.3,0
LEAD-03162,Website form,Finance,51-200,Manager,1,2,0.3,1,0,3.3,0
LEAD-03163,Cold outbound,Finance,201-1000,IC,4,8,1.9,0,0,2.7,0
LEAD-03164,Website form,Education,51-200,IC,1,1,2.6,0,1,1.4,1
LEAD-03165,Content download,Retail,51-200,Director,3,3,2.2,0,0,0.4,1
LEAD-03166,Website form,Retail,51-200,Manager,4,2,2.3,0,0,5.4,0
LEAD-03167,Website form,Education,1-10,IC,2,5,3.3,0,0,12.9,0
LEAD-03168,Website form,Education,1000+,Director,5,4,7.5,1,0,0.9,0
LEAD-03169,Content download,SaaS,201-1000,IC,3,4,2.0,1,0,2.3,0
LEAD-03170,Paid ad,Education,1-10,Manager,4,4,4.0,0,0,2.7,0
LEAD-03171,Cold outbound,Retail,11-50,IC,2,5,3.7,0,0,2.4,0
LEAD-03172,Paid ad,Finance,51-200,IC,3,4,9.5,0,0,0.6,0
LEAD-03173,Website form,Finance,11-50,VP/C-level,1,5,5.4,1,1,0.2,1
LEAD-03174,Cold outbound,Retail,51-200,VP/C-level,3,2,1.3,0,0,2.5,1
LEAD-03175,Paid ad,Healthcare,1-10,Manager,1,2,5.8,0,0,3.1,0
LEAD-03176,Paid ad,Retail,11-50,IC,6,5,1.4,1,0,0.8,1
LEAD-03177,Content download,Education,51-200,IC,3,3,3.2,0,0,2.8,0
LEAD-03178,Website form,SaaS,1-10,VP/C-level,5,4,2.0,1,0,5.8,0
LEAD-03179,Webinar,Healthcare,11-50,VP/C-level,3,3,0.4,0,0,1.8,0
LEAD-03180,Content download,Retail,11-50,Director,4,4,3.7,0,0,2.0,0
LEAD-03181,Referral,SaaS,11-50,Manager,2,4,5.0,1,0,3.0,0
LEAD-03182,Cold outbound,Manufacturing,201-1000,IC,3,2,2.2,0,0,2.2,0
LEAD-03183,Cold outbound,Manufacturing,51-200,IC,2,3,1.6,1,0,0.7,0
LEAD-03184,Content download,Healthcare,11-50,Director,3,7,1.9,0,1,2.2,0
LEAD-03185,Referral,Finance,11-50,IC,1,3,1.3,0,0,0.8,0
LEAD-03186,Content download,Finance,51-200,IC,3,4,3.7,0,0,1.7,0
LEAD-03187,Webinar,Finance,11-50,Manager,3,3,2.9,0,1,2.4,1
LEAD-03188,Content download,Finance,51-200,Director,3,1,0.3,0,0,10.6,0
LEAD-03189,Referral,Healthcare,1-10,IC,7,4,2.7,0,1,4.4,0
LEAD-03190,Webinar,Healthcare,1-10,Manager,6,4,1.1,0,0,1.9,0
LEAD-03191,Referral,Healthcare,51-200,Director,3,7,1.5,0,0,2.0,0
LEAD-03192,Webinar,SaaS,1-10,IC,3,3,3.0,0,0,0.6,1
LEAD-03193,Paid ad,Retail,11-50,Manager,5,3,2.4,0,0,1.7,0
LEAD-03194,Website form,Finance,1-10,Manager,3,2,2.3,1,1,0.3,1
LEAD-03195,Website form,Retail,1-10,Manager,5,5,1.0,0,0,0.2,0
LEAD-03196,Website form,SaaS,11-50,IC,4,4,1.4,0,0,3.0,0
LEAD-03197,Website form,Healthcare,1000+,Manager,2,4,2.6,0,0,7.4,0
LEAD-03198,Referral,Manufacturing,11-50,Manager,3,3,1.1,0,0,5.8,1
LEAD-03199,Referral,Manufacturing,1-10,IC,6,5,1.8,0,0,1.6,0
LEAD-03200,Website form,Education,51-200,Director,6,5,3.4,0,1,5.2,1
LEAD-03201,Website form,Manufacturing,1-10,IC,3,2,1.7,0,0,1.6,0
LEAD-03202,Website form,Healthcare,201-1000,IC,2,4,1.9,1,0,3.6,0
LEAD-03203,Cold outbound,Retail,11-50,IC,3,2,3.3,1,0,4.5,0
LEAD-03204,Referral,Retail,51-200,VP/C-level,2,4,2.5,1,0,0.8,0
LEAD-03205,Paid ad,Finance,11-50,IC,2,4,5.5,0,0,3.6,1
LEAD-03206,Webinar,Education,201-1000,Manager,4,3,0.9,0,1,2.0,0
LEAD-03207,Website form,Retail,1-10,Manager,5,4,2.0,0,0,3.1,0
LEAD-03208,Cold outbound,Manufacturing,201-1000,IC,4,7,1.3,1,0,0.2,0
LEAD-03209,Content download,SaaS,201-1000,Director,4,4,2.1,0,1,4.7,1
LEAD-03210,Content download,Healthcare,1000+,Director,0,4,4.1,1,0,3.9,0
LEAD-03211,Website form,Education,201-1000,Director,4,0,2.2,1,0,3.7,0
LEAD-03212,Content download,Retail,11-50,IC,3,6,3.1,0,0,0.3,0
LEAD-03213,Cold outbound,Education,51-200,IC,0,7,4.3,0,0,0.4,0
LEAD-03214,Website form,Manufacturing,1000+,Director,1,4,3.0,0,1,0.6,1
LEAD-03215,Website form,Retail,1000+,VP/C-level,1,1,2.7,1,0,4.6,0
LEAD-03216,Website form,Healthcare,1000+,Manager,5,4,1.8,0,1,0.1,0
LEAD-03217,Webinar,Healthcare,11-50,IC,0,4,2.1,0,0,4.0,0
LEAD-03218,Website form,Healthcare,201-1000,Manager,4,5,1.7,0,0,1.6,0
LEAD-03219,Referral,SaaS,11-50,Director,4,6,3.5,0,1,1.6,1
LEAD-03220,Paid ad,SaaS,11-50,IC,4,3,4.5,0,0,0.2,1
LEAD-03221,Webinar,Manufacturing,11-50,Director,1,4,4.0,0,0,6.4,0
LEAD-03222,Content download,Education,51-200,VP/C-level,2,5,1.2,0,1,0.4,0
LEAD-03223,Webinar,Retail,51-200,IC,4,5,0.3,0,0,3.8,0
LEAD-03224,Cold outbound,SaaS,11-50,Manager,3,1,1.7,1,0,1.7,1
LEAD-03225,Webinar,Manufacturing,1-10,Director,2,5,3.9,0,1,2.0,0
LEAD-03226,Website form,SaaS,11-50,Manager,5,2,3.0,0,0,9.1,0
LEAD-03227,Content download,Manufacturing,1-10,IC,2,4,0.6,0,1,0.1,0
LEAD-03228,Website form,SaaS,1-10,Manager,2,6,1.8,0,0,1.6,0
LEAD-03229,Cold outbound,SaaS,51-200,Manager,1,4,1.9,1,0,3.0,0
LEAD-03230,Website form,Manufacturing,201-1000,Director,3,2,1.8,0,0,1.1,0
LEAD-03231,Website form,Manufacturing,51-200,IC,5,5,5.7,0,0,1.1,0
LEAD-03232,Paid ad,Healthcare,11-50,Director,4,7,0.4,0,0,0.9,0
LEAD-03233,Website form,Education,1-10,VP/C-level,2,3,1.9,1,0,2.9,0
LEAD-03234,Website form,SaaS,1-10,IC,2,4,0.6,0,0,4.4,0
LEAD-03235,Content download,SaaS,51-200,Manager,3,5,3.4,1,0,11.9,0
LEAD-03236,Website form,Manufacturing,11-50,IC,3,5,0.8,0,0,0.9,1
LEAD-03237,Website form,Manufacturing,51-200,IC,4,2,1.1,0,0,1.9,0
LEAD-03238,Cold outbound,Finance,11-50,Manager,2,6,1.1,0,0,5.8,0
LEAD-03239,Content download,Finance,1-10,Manager,4,3,0.7,0,0,1.2,1
LEAD-03240,Content download,Finance,51-200,Director,0,4,1.0,0,1,1.7,1
LEAD-03241,Content download,Education,11-50,Director,1,0,2.3,0,0,3.8,0
LEAD-03242,Cold outbound,SaaS,1000+,Manager,1,7,3.1,0,0,2.3,0
LEAD-03243,Cold outbound,Education,51-200,IC,3,2,1.4,0,1,0.1,0
LEAD-03244,Referral,Education,51-200,IC,0,4,1.7,1,0,3.9,0
LEAD-03245,Cold outbound,Education,201-1000,IC,0,4,0.8,0,1,1.3,1
LEAD-03246,Website form,Finance,1-10,Director,3,3,2.8,0,0,5.9,0
LEAD-03247,Website form,Finance,11-50,IC,5,2,3.3,0,0,7.1,0
LEAD-03248,Website form,Healthcare,11-50,Director,3,1,0.2,0,1,12.2,0
LEAD-03249,Website form,Retail,11-50,Manager,2,5,5.9,0,0,0.7,0
LEAD-03250,Referral,Manufacturing,51-200,IC,3,4,3.4,0,0,3.4,0
LEAD-03251,Cold outbound,Education,11-50,Director,6,5,1.8,0,0,2.4,0
LEAD-03252,Webinar,Retail,1-10,Director,2,4,4.4,1,0,0.4,0
LEAD-03253,Cold outbound,Manufacturing,201-1000,Manager,2,4,4.4,0,1,3.5,0
LEAD-03254,Website form,Finance,201-1000,IC,2,3,5.4,1,0,10.9,0
LEAD-03255,Website form,SaaS,11-50,IC,2,3,1.9,0,0,0.4,0
LEAD-03256,Content download,Healthcare,1-10,Manager,4,3,2.7,0,0,4.5,0
LEAD-03257,Cold outbound,Education,11-50,IC,3,3,3.0,1,0,4.6,0
LEAD-03258,Content download,Retail,1-10,VP/C-level,2,1,2.0,0,0,6.4,0
LEAD-03259,Website form,Retail,1-10,IC,1,4,1.2,0,0,1.5,0
LEAD-03260,Cold outbound,Finance,1-10,Manager,1,1,0.6,0,0,0.5,0
LEAD-03261,Cold outbound,Finance,1-10,IC,2,5,1.1,0,0,6.0,0
LEAD-03262,Webinar,Healthcare,11-50,Director,2,3,2.7,0,1,1.7,0
LEAD-03263,Paid ad,Retail,1-10,IC,2,2,3.1,1,1,1.3,0
LEAD-03264,Website form,SaaS,11-50,IC,4,4,0.2,0,0,4.4,1
LEAD-03265,Website form,Finance,1-10,Manager,4,7,1.6,0,0,2.8,0
LEAD-03266,Referral,SaaS,51-200,Manager,2,2,1.2,0,0,0.2,0
LEAD-03267,Cold outbound,Education,1-10,IC,5,5,2.2,0,0,1.3,0
LEAD-03268,Website form,Manufacturing,201-1000,Manager,6,3,4.0,0,0,2.0,1
LEAD-03269,Content download,SaaS,201-1000,Manager,2,7,2.4,1,0,2.9,0
LEAD-03270,Webinar,SaaS,1-10,Director,2,1,1.9,1,0,1.6,0
LEAD-03271,Cold outbound,SaaS,1-10,IC,6,4,1.5,0,0,0.0,0
LEAD-03272,Referral,Healthcare,1-10,IC,3,5,3.1,0,0,3.5,0
LEAD-03273,Content download,Retail,11-50,Manager,0,9,1.3,0,0,1.6,0
LEAD-03274,Website form,Education,51-200,IC,4,4,2.2,0,1,2.3,0
LEAD-03275,Cold outbound,SaaS,1-10,Director,1,2,2.0,1,0,13.8,1
LEAD-03276,Website form,SaaS,11-50,Manager,6,5,1.9,0,0,6.2,0
LEAD-03277,Content download,Manufacturing,201-1000,Director,0,7,1.2,0,0,0.9,0
LEAD-03278,Website form,Retail,201-1000,Manager,1,6,1.8,0,0,0.7,1
LEAD-03279,Cold outbound,Education,11-50,Director,5,4,4.9,0,1,2.0,0
LEAD-03280,Content download,SaaS,51-200,Manager,2,2,1.0,0,1,2.5,1
LEAD-03281,Website form,Education,11-50,IC,1,6,1.1,0,0,3.6,0
LEAD-03282,Website form,SaaS,11-50,IC,3,6,1.7,0,0,2.2,0
LEAD-03283,Cold outbound,Education,1000+,Manager,4,4,2.3,0,0,17.3,0
LEAD-03284,Website form,Education,201-1000,Director,2,8,3.3,0,0,2.2,0
LEAD-03285,Content download,Retail,51-200,Manager,6,7,1.3,0,0,3.8,0
LEAD-03286,Website form,Education,1-10,Manager,2,4,2.5,1,0,0.4,0
LEAD-03287,Website form,Healthcare,51-200,IC,3,6,2.0,0,0,1.5,0
LEAD-03288,Paid ad,Manufacturing,1-10,IC,4,4,1.8,0,0,4.8,0
LEAD-03289,Content download,Finance,11-50,Manager,4,3,1.1,0,0,14.2,0
LEAD-03290,Referral,Retail,201-1000,Director,6,6,6.0,1,1,0.9,1
LEAD-03291,Webinar,Retail,1-10,Manager,3,5,0.7,0,0,0.6,0
LEAD-03292,Website form,Retail,11-50,Manager,5,1,3.5,0,0,3.1,0
LEAD-03293,Webinar,SaaS,51-200,Manager,1,5,1.3,0,0,1.8,0
LEAD-03294,Website form,SaaS,1000+,Director,3,6,6.0,0,0,0.8,0
LEAD-03295,Paid ad,Healthcare,201-1000,VP/C-level,4,5,2.4,0,0,0.4,0
LEAD-03296,Content download,SaaS,11-50,Manager,2,3,4.5,0,1,11.8,0
LEAD-03297,Paid ad,Manufacturing,201-1000,IC,1,4,1.0,0,0,12.5,0
LEAD-03298,Website form,SaaS,51-200,IC,4,2,0.4,0,0,0.2,0
LEAD-03299,Website form,SaaS,51-200,Manager,3,1,4.7,1,0,1.1,0
LEAD-03300,Cold outbound,SaaS,1-10,IC,6,6,1.5,0,0,2.2,0
LEAD-03301,Website form,Finance,51-200,Manager,4,2,0.6,0,0,0.4,0
LEAD-03302,Website form,Retail,1-10,Manager,5,4,3.0,1,0,1.1,1
LEAD-03303,Content download,Manufacturing,1-10,Director,4,6,4.1,0,0,3.1,1
LEAD-03304,Webinar,Manufacturing,11-50,VP/C-level,3,7,5.6,0,0,0.9,0
LEAD-03305,Cold outbound,Manufacturing,51-200,VP/C-level,4,5,2.2,0,0,1.3,1
LEAD-03306,Webinar,Education,1-10,IC,5,3,2.3,0,1,6.1,0
LEAD-03307,Cold outbound,Education,51-200,Director,2,2,1.5,0,0,1.1,0
LEAD-03308,Cold outbound,Finance,51-200,Director,1,8,0.5,1,0,0.1,1
LEAD-03309,Webinar,Education,201-1000,IC,2,7,2.3,0,0,0.7,0
LEAD-03310,Website form,Manufacturing,11-50,IC,1,6,1.8,0,0,3.9,0
LEAD-03311,Cold outbound,Manufacturing,11-50,IC,3,6,1.2,0,0,6.5,0
LEAD-03312,Website form,Education,11-50,Manager,3,7,0.7,0,1,1.3,0
LEAD-03313,Website form,Retail,51-200,Manager,3,3,0.5,0,1,2.5,0
LEAD-03314,Website form,Retail,1-10,IC,4,8,2.3,1,0,5.0,0
LEAD-03315,Webinar,Education,201-1000,Manager,2,4,7.1,1,0,4.8,0
LEAD-03316,Paid ad,Education,1000+,Manager,2,3,1.2,0,0,1.8,0
LEAD-03317,Website form,Finance,51-200,IC,2,2,4.2,0,0,2.2,1
LEAD-03318,Referral,SaaS,11-50,Manager,1,6,3.2,0,0,0.5,0
LEAD-03319,Website form,Manufacturing,201-1000,Manager,4,3,1.5,0,1,5.4,1
LEAD-03320,Website form,Healthcare,51-200,Manager,0,5,3.7,0,0,0.6,0
LEAD-03321,Webinar,SaaS,1-10,VP/C-level,3,5,2.7,0,0,9.6,0
LEAD-03322,Webinar,Manufacturing,1-10,Director,5,3,3.9,0,0,2.0,0
LEAD-03323,Website form,Finance,11-50,Director,6,4,3.7,0,0,2.0,0
LEAD-03324,Paid ad,Finance,201-1000,IC,2,4,4.0,0,0,2.5,0
LEAD-03325,Paid ad,Education,201-1000,IC,3,3,0.3,0,0,1.9,0
LEAD-03326,Website form,Finance,1000+,IC,2,3,1.1,1,0,5.0,0
LEAD-03327,Webinar,Finance,201-1000,Manager,3,3,1.6,0,1,0.6,0
LEAD-03328,Website form,Education,11-50,Director,6,5,1.9,0,0,0.9,0
LEAD-03329,Website form,Manufacturing,51-200,Director,4,10,2.3,0,0,4.4,0
LEAD-03330,Referral,Retail,51-200,Manager,3,3,3.6,0,0,3.7,1
LEAD-03331,Website form,SaaS,1-10,IC,4,3,1.9,0,0,4.3,0
LEAD-03332,Website form,SaaS,51-200,VP/C-level,2,4,1.8,0,0,5.3,0
LEAD-03333,Website form,SaaS,51-200,Manager,3,4,5.8,0,0,2.0,1
LEAD-03334,Website form,SaaS,201-1000,IC,5,2,12.3,1,0,0.8,0
LEAD-03335,Cold outbound,Manufacturing,1-10,Director,1,5,1.9,0,0,0.9,0
LEAD-03336,Paid ad,Manufacturing,1-10,IC,6,7,5.6,0,0,0.7,1
LEAD-03337,Website form,Manufacturing,51-200,Director,2,3,2.7,1,1,2.9,1
LEAD-03338,Referral,Finance,1-10,Manager,4,3,1.4,0,0,0.5,0
LEAD-03339,Referral,SaaS,11-50,IC,3,6,0.5,0,0,3.2,0
LEAD-03340,Content download,Education,11-50,IC,2,6,2.0,0,0,0.3,1
LEAD-03341,Referral,Healthcare,201-1000,VP/C-level,3,3,5.2,1,0,0.7,1
LEAD-03342,Cold outbound,Retail,1-10,IC,6,1,3.9,0,1,0.2,0
LEAD-03343,Cold outbound,Manufacturing,201-1000,VP/C-level,2,4,1.8,0,0,2.7,0
LEAD-03344,Content download,Healthcare,51-200,VP/C-level,1,3,4.2,0,0,1.5,0
LEAD-03345,Content download,SaaS,11-50,IC,5,4,2.6,0,0,0.5,0
LEAD-03346,Content download,SaaS,1-10,Director,3,4,2.7,1,0,0.3,0
LEAD-03347,Cold outbound,Manufacturing,1-10,Manager,1,3,2.8,0,0,0.3,0
LEAD-03348,Website form,SaaS,11-50,Manager,9,3,2.2,0,1,1.0,0
LEAD-03349,Cold outbound,Healthcare,1000+,IC,4,3,1.8,0,0,0.6,0
LEAD-03350,Cold outbound,SaaS,201-1000,Director,3,5,1.9,1,1,4.8,0
LEAD-03351,Content download,SaaS,11-50,Director,2,3,1.0,0,0,8.9,0
LEAD-03352,Website form,SaaS,51-200,Manager,1,5,2.4,0,0,7.6,0
LEAD-03353,Paid ad,Manufacturing,201-1000,Director,4,2,0.7,0,0,9.0,0
LEAD-03354,Referral,SaaS,11-50,VP/C-level,3,5,1.4,1,0,1.1,0
LEAD-03355,Referral,Manufacturing,1-10,IC,3,6,4.1,0,0,0.7,0
LEAD-03356,Webinar,Finance,1-10,IC,0,9,4.4,0,1,2.0,0
LEAD-03357,Webinar,Manufacturing,1-10,IC,2,3,4.1,1,0,2.9,0
LEAD-03358,Website form,Manufacturing,51-200,Manager,4,7,2.3,1,0,12.3,0
LEAD-03359,Website form,Manufacturing,11-50,Manager,1,3,3.6,1,1,3.2,0
LEAD-03360,Referral,Healthcare,51-200,Manager,1,8,2.3,1,0,3.5,0
LEAD-03361,Content download,Finance,51-200,Manager,3,2,3.0,0,0,2.1,0
LEAD-03362,Content download,Education,51-200,Director,4,6,1.1,0,0,2.4,0
LEAD-03363,Paid ad,SaaS,201-1000,Director,2,3,3.5,0,0,3.9,0
LEAD-03364,Content download,Healthcare,11-50,IC,2,5,3.2,0,0,0.7,0
LEAD-03365,Website form,Finance,1-10,Manager,5,6,4.9,0,0,1.5,0
LEAD-03366,Website form,Healthcare,51-200,Director,2,5,4.4,0,0,4.5,0
LEAD-03367,Website form,Healthcare,51-200,Manager,4,2,1.3,0,1,4.3,0
LEAD-03368,Content download,Retail,51-200,Manager,3,3,2.9,0,0,2.5,0
LEAD-03369,Website form,SaaS,1-10,Manager,5,2,0.3,0,0,1.1,0
LEAD-03370,Referral,Healthcare,51-200,IC,4,4,0.7,0,0,0.1,0
LEAD-03371,Website form,SaaS,11-50,Manager,6,5,8.1,0,0,4.3,1
LEAD-03372,Website form,Retail,51-200,VP/C-level,0,5,2.2,0,1,8.6,1
LEAD-03373,Cold outbound,Retail,1-10,Manager,6,4,0.6,0,0,6.8,0
LEAD-03374,Content download,Finance,11-50,Manager,4,2,1.1,0,0,0.0,0
LEAD-03375,Content download,Retail,1-10,IC,2,3,1.1,1,0,1.1,0
LEAD-03376,Webinar,Healthcare,1-10,Manager,3,5,2.6,1,0,3.6,0
LEAD-03377,Website form,SaaS,1-10,IC,4,3,2.0,0,0,4.5,0
LEAD-03378,Content download,SaaS,11-50,Director,3,4,2.5,1,0,2.3,0
LEAD-03379,Content download,Retail,51-200,Manager,4,4,1.0,1,0,1.7,1
LEAD-03380,Referral,Finance,1-10,IC,7,2,0.6,0,0,2.4,0
LEAD-03381,Referral,Finance,51-200,IC,5,2,0.7,1,0,0.1,0
LEAD-03382,Paid ad,Retail,51-200,Manager,4,5,2.6,0,0,2.1,0
LEAD-03383,Paid ad,SaaS,51-200,Director,6,3,3.0,0,0,5.1,0
LEAD-03384,Referral,Manufacturing,51-200,Director,2,5,1.6,0,0,0.8,1
LEAD-03385,Paid ad,Education,51-200,Manager,3,2,1.5,0,0,2.5,0
LEAD-03386,Webinar,Manufacturing,11-50,Director,2,6,3.3,0,1,6.2,0
LEAD-03387,Referral,Healthcare,51-200,IC,2,2,2.4,1,0,2.6,0
LEAD-03388,Content download,Retail,11-50,Manager,4,4,0.3,0,0,1.3,0
LEAD-03389,Cold outbound,Retail,11-50,IC,3,5,5.6,0,1,4.4,0
LEAD-03390,Content download,Finance,11-50,Director,5,5,4.4,1,0,2.1,1
LEAD-03391,Referral,Healthcare,11-50,Director,1,4,2.7,0,0,0.5,0
LEAD-03392,Content download,Manufacturing,51-200,IC,2,5,2.8,0,0,2.1,1
LEAD-03393,Referral,Education,201-1000,VP/C-level,2,6,2.2,0,0,0.3,0
LEAD-03394,Cold outbound,Healthcare,1-10,IC,2,5,0.7,1,0,1.0,0
LEAD-03395,Webinar,SaaS,1000+,IC,3,8,6.2,0,0,6.6,0
LEAD-03396,Content download,Healthcare,11-50,Director,3,3,2.8,0,0,3.8,0
LEAD-03397,Paid ad,SaaS,1-10,Director,3,1,1.9,1,1,7.9,1
LEAD-03398,Cold outbound,Healthcare,11-50,Manager,4,6,5.0,1,0,3.3,0
LEAD-03399,Content download,Manufacturing,11-50,IC,3,2,2.7,0,0,5.2,1
LEAD-03400,Website form,Retail,11-50,Manager,5,2,3.6,1,0,3.6,0
LEAD-03401,Referral,Healthcare,51-200,Director,5,2,1.0,0,0,3.6,0
LEAD-03402,Website form,Finance,1-10,IC,5,2,3.1,1,1,2.5,1
LEAD-03403,Website form,Manufacturing,1-10,IC,3,7,1.7,0,0,0.5,0
LEAD-03404,Cold outbound,SaaS,11-50,IC,5,4,5.2,0,0,2.9,0
LEAD-03405,Webinar,Healthcare,201-1000,Director,7,2,1.9,0,0,6.7,0
LEAD-03406,Cold outbound,SaaS,201-1000,IC,2,7,3.3,0,0,1.2,0
LEAD-03407,Cold outbound,Retail,1-10,IC,2,2,1.5,0,0,10.8,0
LEAD-03408,Cold outbound,Finance,201-1000,IC,2,3,1.8,1,1,0.5,0
LEAD-03409,Webinar,Healthcare,1-10,Director,2,0,2.9,1,0,7.5,0
LEAD-03410,Website form,Healthcare,1-10,IC,4,2,1.8,0,0,0.2,0
LEAD-03411,Website form,Education,1000+,IC,3,2,3.4,0,0,2.7,0
LEAD-03412,Cold outbound,Manufacturing,11-50,Manager,3,3,2.8,0,0,1.1,0
LEAD-03413,Cold outbound,SaaS,11-50,Director,3,3,3.6,0,0,12.9,0
LEAD-03414,Paid ad,Manufacturing,201-1000,Director,0,3,2.5,1,0,5.7,0
LEAD-03415,Cold outbound,Healthcare,11-50,IC,9,4,4.6,0,0,16.6,0
LEAD-03416,Cold outbound,SaaS,11-50,IC,1,3,4.5,0,0,3.0,0
LEAD-03417,Content download,Finance,201-1000,Manager,9,8,0.9,0,0,0.6,0
LEAD-03418,Webinar,Education,11-50,VP/C-level,3,5,2.8,0,0,0.9,0
LEAD-03419,Website form,Manufacturing,11-50,IC,3,2,7.6,0,1,4.2,1
LEAD-03420,Website form,Retail,11-50,Manager,5,6,2.2,1,1,6.1,0
LEAD-03421,Cold outbound,SaaS,1-10,IC,4,3,2.2,0,0,3.1,0
LEAD-03422,Website form,Retail,51-200,IC,4,5,3.7,0,0,4.3,0
LEAD-03423,Website form,Finance,11-50,IC,7,4,8.4,0,0,2.3,0
LEAD-03424,Webinar,Healthcare,51-200,Manager,5,7,1.8,0,0,10.7,1
LEAD-03425,Paid ad,Finance,51-200,Manager,2,5,1.1,0,1,2.4,0
LEAD-03426,Content download,SaaS,1-10,Director,1,3,2.2,1,0,0.7,1
LEAD-03427,Website form,Healthcare,11-50,Manager,2,4,3.3,0,0,1.5,0
LEAD-03428,Content download,Manufacturing,1-10,Manager,0,6,1.4,0,0,4.6,0
LEAD-03429,Referral,SaaS,11-50,Manager,4,2,1.3,0,0,2.7,0
LEAD-03430,Cold outbound,Manufacturing,1-10,VP/C-level,0,4,3.1,0,0,4.8,0
LEAD-03431,Webinar,Healthcare,11-50,IC,3,3,4.8,0,0,0.9,0
LEAD-03432,Content download,Healthcare,1-10,IC,3,8,1.7,0,1,6.1,0
LEAD-03433,Cold outbound,Finance,11-50,VP/C-level,4,4,2.7,1,0,3.1,0
LEAD-03434,Paid ad,Education,1-10,Manager,4,6,0.9,0,0,7.3,0
LEAD-03435,Website form,Healthcare,51-200,IC,3,7,2.3,0,0,2.1,0
LEAD-03436,Website form,Healthcare,11-50,Manager,5,6,1.6,1,0,0.2,0
LEAD-03437,Website form,SaaS,11-50,Manager,2,7,0.6,0,0,5.1,0
LEAD-03438,Cold outbound,Healthcare,51-200,IC,4,3,1.9,0,0,0.4,0
LEAD-03439,Webinar,SaaS,51-200,Manager,2,6,2.4,1,0,0.9,0
LEAD-03440,Cold outbound,Finance,51-200,IC,1,1,3.1,0,0,3.7,0
LEAD-03441,Paid ad,Education,11-50,Director,1,7,2.0,0,0,4.8,0
LEAD-03442,Webinar,Retail,51-200,Manager,6,7,0.9,0,0,2.0,0
LEAD-03443,Website form,Manufacturing,51-200,Manager,4,1,3.1,1,0,0.8,0
LEAD-03444,Cold outbound,Retail,51-200,Manager,4,1,2.6,0,0,0.8,0
LEAD-03445,Website form,Healthcare,1-10,IC,3,2,2.5,0,0,0.8,0
LEAD-03446,Website form,Education,201-1000,IC,3,2,2.5,1,1,1.4,0
LEAD-03447,Content download,Education,201-1000,IC,4,4,2.2,0,0,1.7,0
LEAD-03448,Content download,Education,11-50,IC,2,7,2.1,0,0,2.4,0
LEAD-03449,Webinar,Retail,201-1000,IC,6,5,3.3,0,0,1.9,0
LEAD-03450,Content download,Education,11-50,Director,2,4,2.3,0,0,0.7,0
LEAD-03451,Referral,Retail,51-200,Manager,5,5,0.4,0,0,3.2,1
LEAD-03452,Paid ad,Finance,11-50,Director,3,8,4.7,0,0,9.2,0
LEAD-03453,Website form,SaaS,11-50,IC,4,4,5.8,0,0,5.4,0
LEAD-03454,Content download,SaaS,11-50,IC,2,2,4.5,0,1,0.4,1
LEAD-03455,Website form,Healthcare,1-10,IC,4,1,1.3,1,0,1.4,0
LEAD-03456,Website form,Healthcare,11-50,IC,3,4,0.5,0,0,5.0,0
LEAD-03457,Website form,Retail,1-10,IC,6,3,1.7,1,0,1.9,0
LEAD-03458,Cold outbound,Education,51-200,Director,8,2,0.7,0,1,4.2,1
LEAD-03459,Content download,Education,11-50,IC,2,2,3.0,0,0,5.5,0
LEAD-03460,Webinar,Manufacturing,1000+,IC,4,3,1.8,0,0,4.5,0
LEAD-03461,Paid ad,Retail,201-1000,Director,4,6,1.6,0,0,3.0,0
LEAD-03462,Referral,Retail,1-10,Director,2,9,0.8,0,0,1.1,0
LEAD-03463,Cold outbound,Retail,201-1000,Manager,4,3,0.9,0,0,5.5,1
LEAD-03464,Content download,SaaS,1-10,IC,6,7,3.9,0,0,1.1,0
LEAD-03465,Website form,Education,51-200,IC,5,3,0.2,1,0,2.2,0
LEAD-03466,Paid ad,SaaS,201-1000,IC,2,2,1.3,0,0,0.8,0
LEAD-03467,Content download,Education,51-200,Director,2,4,0.7,0,0,2.7,0
LEAD-03468,Website form,Finance,201-1000,Director,3,6,2.6,0,0,12.6,1
LEAD-03469,Webinar,Healthcare,1000+,IC,0,4,0.5,0,0,3.6,0
LEAD-03470,Cold outbound,Education,11-50,Manager,4,4,1.9,0,0,6.5,0
LEAD-03471,Paid ad,Manufacturing,51-200,Director,2,1,0.3,0,0,1.7,1
LEAD-03472,Website form,Finance,11-50,Manager,2,3,2.9,1,0,0.4,0
LEAD-03473,Cold outbound,Healthcare,201-1000,Director,1,4,5.2,0,0,1.5,0
LEAD-03474,Website form,Education,11-50,IC,2,6,1.1,0,0,7.3,0
LEAD-03475,Content download,Finance,1-10,IC,6,7,4.0,1,0,7.9,1
LEAD-03476,Content download,Education,51-200,Manager,2,5,1.1,0,1,4.3,1
LEAD-03477,Referral,Finance,51-200,IC,2,10,6.9,1,0,5.9,0
LEAD-03478,Content download,SaaS,1-10,VP/C-level,0,2,1.5,1,0,1.7,0
LEAD-03479,Website form,SaaS,51-200,IC,2,3,2.7,1,0,0.9,0
LEAD-03480,Paid ad,Healthcare,1-10,Manager,5,4,2.7,0,0,2.1,0
LEAD-03481,Cold outbound,Education,201-1000,Director,0,8,6.1,0,0,0.3,0
LEAD-03482,Website form,Retail,51-200,Manager,0,4,1.2,0,0,8.0,0
LEAD-03483,Content download,SaaS,11-50,IC,4,5,1.0,0,1,2.3,0
LEAD-03484,Cold outbound,Manufacturing,11-50,IC,2,1,3.9,0,1,10.6,0
LEAD-03485,Content download,Healthcare,51-200,Manager,4,4,0.6,0,1,0.2,0
LEAD-03486,Webinar,SaaS,11-50,IC,2,6,2.7,1,1,4.1,0
LEAD-03487,Website form,Manufacturing,51-200,Manager,3,2,0.8,0,0,12.0,0
LEAD-03488,Paid ad,SaaS,11-50,IC,3,3,0.7,1,0,3.5,1
LEAD-03489,Website form,Education,1-10,IC,5,5,1.8,0,1,1.2,0
LEAD-03490,Website form,Manufacturing,11-50,Manager,3,3,2.6,0,0,2.4,0
LEAD-03491,Website form,Healthcare,1-10,IC,3,1,5.6,0,0,6.8,0
LEAD-03492,Cold outbound,Retail,11-50,IC,6,6,1.6,0,0,2.9,0
LEAD-03493,Referral,Manufacturing,51-200,IC,3,4,2.6,0,0,4.9,0
LEAD-03494,Paid ad,Education,11-50,Director,3,4,2.7,0,0,1.3,0
LEAD-03495,Webinar,SaaS,1-10,IC,4,7,0.6,0,0,0.1,0
LEAD-03496,Content download,Healthcare,201-1000,Director,5,4,1.6,0,0,0.5,0
LEAD-03497,Webinar,Manufacturing,1000+,Director,4,7,2.2,0,0,0.8,0
LEAD-03498,Cold outbound,SaaS,1-10,Manager,3,3,2.4,0,1,0.6,0
LEAD-03499,Cold outbound,Manufacturing,1-10,Manager,5,6,4.9,0,0,4.9,0
LEAD-03500,Content download,Healthcare,1000+,Director,5,3,1.3,1,0,0.1,0
LEAD-03501,Content download,Retail,201-1000,Director,4,3,0.5,1,0,0.5,1
LEAD-03502,Content download,Education,51-200,Director,1,7,2.6,0,0,1.3,0
LEAD-03503,Webinar,Education,11-50,Director,1,2,1.3,0,0,3.5,0
LEAD-03504,Paid ad,SaaS,51-200,IC,3,5,4.5,0,1,6.6,0
LEAD-03505,Referral,Education,1-10,IC,5,9,0.7,0,0,1.2,0
LEAD-03506,Paid ad,Healthcare,201-1000,Director,1,3,2.7,0,1,6.0,1
LEAD-03507,Cold outbound,Healthcare,51-200,Manager,2,0,1.3,0,0,0.9,0
LEAD-03508,Website form,Retail,1-10,VP/C-level,1,3,3.7,1,0,11.5,0
LEAD-03509,Content download,Education,11-50,IC,5,0,5.3,1,0,2.9,0
LEAD-03510,Content download,SaaS,201-1000,Director,5,2,1.8,0,0,0.4,0
LEAD-03511,Referral,Healthcare,1-10,Director,4,4,2.1,0,1,12.0,0
LEAD-03512,Website form,Education,201-1000,Manager,2,4,2.5,0,0,2.5,1
LEAD-03513,Content download,SaaS,1-10,IC,5,5,7.8,0,1,2.2,1
LEAD-03514,Referral,SaaS,1-10,IC,1,4,1.3,0,0,1.4,0
LEAD-03515,Webinar,Finance,1-10,Manager,5,3,1.9,0,0,3.6,0
LEAD-03516,Cold outbound,Healthcare,1-10,Manager,3,3,1.3,0,0,3.2,0
LEAD-03517,Webinar,SaaS,51-200,IC,4,4,2.9,0,0,3.9,0
LEAD-03518,Webinar,Manufacturing,11-50,Manager,4,4,0.6,0,0,1.8,0
LEAD-03519,Referral,SaaS,1-10,IC,1,5,0.4,0,0,0.1,0
LEAD-03520,Paid ad,Manufacturing,1-10,VP/C-level,4,2,1.5,0,0,0.1,0
LEAD-03521,Paid ad,Manufacturing,11-50,IC,3,3,1.8,0,0,0.3,0
LEAD-03522,Paid ad,Manufacturing,11-50,IC,2,4,1.3,0,0,0.6,0
LEAD-03523,Webinar,Finance,201-1000,Manager,3,6,1.0,0,0,3.1,0
LEAD-03524,Referral,Manufacturing,1-10,IC,5,7,1.7,1,0,5.3,1
LEAD-03525,Paid ad,Education,11-50,IC,2,7,1.3,0,0,0.6,0
LEAD-03526,Referral,Finance,11-50,VP/C-level,3,2,1.5,0,0,0.1,1
LEAD-03527,Website form,Finance,1-10,IC,3,7,0.2,1,0,0.6,0
LEAD-03528,Content download,Retail,1-10,Director,1,6,1.8,0,0,1.2,0
LEAD-03529,Webinar,Retail,11-50,IC,4,3,1.3,0,0,4.6,0
LEAD-03530,Cold outbound,Education,51-200,Manager,4,7,1.6,0,0,1.6,0
LEAD-03531,Website form,SaaS,1-10,Director,4,1,1.2,0,0,3.3,0
LEAD-03532,Paid ad,Education,201-1000,IC,3,3,1.1,0,0,1.7,0
LEAD-03533,Website form,Manufacturing,1-10,Director,3,1,0.9,0,0,3.4,0
LEAD-03534,Cold outbound,Healthcare,1000+,Manager,3,7,6.4,0,0,1.1,0
LEAD-03535,Cold outbound,Education,201-1000,VP/C-level,2,3,3.8,0,0,0.5,0
LEAD-03536,Referral,Healthcare,51-200,Director,0,4,1.6,0,0,0.0,0
LEAD-03537,Cold outbound,Healthcare,1-10,IC,1,1,5.0,0,1,1.6,0
LEAD-03538,Website form,Retail,1-10,IC,3,1,4.4,0,0,6.3,0
LEAD-03539,Cold outbound,SaaS,1-10,IC,1,5,2.9,0,0,5.2,0
LEAD-03540,Content download,Healthcare,11-50,Manager,3,2,3.1,1,0,0.2,1
LEAD-03541,Webinar,SaaS,1-10,IC,5,1,2.8,1,0,1.7,0
LEAD-03542,Cold outbound,Retail,51-200,Director,2,5,1.6,0,0,2.2,0
LEAD-03543,Website form,Finance,51-200,Manager,4,4,0.6,1,0,2.2,0
LEAD-03544,Content download,Healthcare,11-50,IC,2,1,3.8,1,0,1.7,0
LEAD-03545,Webinar,SaaS,51-200,VP/C-level,3,4,3.1,0,0,13.5,0
LEAD-03546,Website form,Education,11-50,IC,3,5,1.9,0,0,2.0,0
LEAD-03547,Referral,Manufacturing,1-10,IC,2,4,4.7,0,0,2.3,1
LEAD-03548,Website form,Retail,201-1000,IC,2,3,3.8,0,0,2.0,0
LEAD-03549,Content download,Education,1-10,Director,5,6,2.1,0,0,5.9,0
LEAD-03550,Website form,Healthcare,1-10,Manager,2,1,0.7,1,1,0.4,0
LEAD-03551,Paid ad,Manufacturing,1-10,Manager,2,4,1.4,0,0,0.1,0
LEAD-03552,Cold outbound,Healthcare,1-10,Manager,5,3,3.3,1,1,4.5,0
LEAD-03553,Cold outbound,Finance,1-10,IC,4,5,1.3,1,0,2.9,0
LEAD-03554,Content download,Healthcare,1-10,Director,1,3,1.4,0,0,5.4,0
LEAD-03555,Website form,Education,201-1000,Director,2,2,2.5,0,0,0.3,0
LEAD-03556,Website form,Education,11-50,IC,4,4,1.0,0,0,2.6,0
LEAD-03557,Cold outbound,Healthcare,1-10,Director,3,2,1.5,0,0,2.7,0
LEAD-03558,Cold outbound,Healthcare,11-50,IC,3,5,0.3,0,0,1.7,0
LEAD-03559,Cold outbound,Education,1-10,IC,4,3,0.7,0,0,5.2,0
LEAD-03560,Cold outbound,Education,201-1000,IC,2,3,1.5,0,1,2.0,0
LEAD-03561,Website form,Retail,11-50,IC,4,6,1.1,0,0,3.8,0
LEAD-03562,Webinar,Finance,201-1000,IC,3,2,2.2,0,1,6.7,0
LEAD-03563,Cold outbound,SaaS,51-200,Manager,1,6,0.8,0,0,0.3,0
LEAD-03564,Referral,Manufacturing,1-10,IC,3,5,3.4,0,0,2.6,0
LEAD-03565,Website form,Manufacturing,51-200,Director,0,5,5.5,1,0,0.7,1
LEAD-03566,Cold outbound,SaaS,11-50,Manager,1,6,4.4,1,1,8.0,0
LEAD-03567,Cold outbound,Manufacturing,1-10,Director,5,3,3.5,0,0,3.4,0
LEAD-03568,Referral,Manufacturing,11-50,Director,1,8,0.2,0,0,3.7,0
LEAD-03569,Cold outbound,Finance,1-10,Manager,6,4,2.5,0,1,4.3,0
LEAD-03570,Content download,SaaS,11-50,Manager,5,6,4.9,1,1,2.8,1
LEAD-03571,Content download,Retail,1-10,IC,6,6,1.2,0,0,1.0,0
LEAD-03572,Paid ad,Education,11-50,IC,2,4,1.1,0,0,1.3,0
LEAD-03573,Content download,Healthcare,11-50,IC,1,3,4.2,0,0,0.2,0
LEAD-03574,Website form,Finance,201-1000,IC,3,5,1.4,0,0,2.6,0
LEAD-03575,Cold outbound,Manufacturing,1-10,Manager,3,0,6.0,0,0,2.1,0
LEAD-03576,Referral,Manufacturing,1-10,Director,1,6,6.5,0,0,2.0,0
LEAD-03577,Content download,Manufacturing,1000+,Manager,2,6,5.7,0,0,3.7,0
LEAD-03578,Webinar,Education,11-50,Director,3,4,1.4,1,0,0.4,1
LEAD-03579,Cold outbound,Education,1-10,IC,7,5,4.5,1,0,0.1,0
LEAD-03580,Cold outbound,Finance,51-200,IC,7,3,1.1,0,0,1.6,1
LEAD-03581,Content download,Education,51-200,Director,2,3,1.2,0,0,2.0,0
LEAD-03582,Cold outbound,SaaS,51-200,Manager,4,5,3.0,0,0,8.4,0
LEAD-03583,Cold outbound,Finance,1-10,Director,4,3,2.1,1,0,3.0,0
LEAD-03584,Cold outbound,Finance,1-10,IC,1,6,0.1,0,0,0.5,0
LEAD-03585,Website form,Education,51-200,Manager,2,6,1.7,0,1,3.0,0
LEAD-03586,Webinar,Retail,11-50,IC,2,6,1.2,1,0,9.6,0
LEAD-03587,Content download,Education,11-50,Manager,0,8,3.3,0,0,3.1,0
LEAD-03588,Cold outbound,Healthcare,11-50,Director,1,4,0.9,0,0,0.6,0
LEAD-03589,Website form,Retail,11-50,Manager,3,5,1.3,0,0,0.7,0
LEAD-03590,Website form,Finance,1-10,IC,1,5,6.8,0,0,1.9,0
LEAD-03591,Cold outbound,Finance,1000+,IC,2,7,1.3,0,0,1.4,0
LEAD-03592,Content download,Education,11-50,Manager,6,1,6.1,0,0,2.5,0
LEAD-03593,Cold outbound,Finance,51-200,Director,2,6,2.8,0,0,6.2,0
LEAD-03594,Content download,Manufacturing,1-10,IC,4,5,0.8,1,0,3.5,1
LEAD-03595,Referral,SaaS,1-10,Director,3,3,1.6,0,0,3.0,0
LEAD-03596,Cold outbound,Retail,11-50,IC,3,3,6.8,1,0,0.9,0
LEAD-03597,Paid ad,Healthcare,11-50,Manager,4,4,1.3,1,0,2.1,0
LEAD-03598,Content download,Manufacturing,1-10,Manager,4,4,2.2,0,1,9.2,0
LEAD-03599,Website form,Manufacturing,1000+,Manager,1,1,3.7,0,0,0.1,0
LEAD-03600,Paid ad,Healthcare,51-200,VP/C-level,2,5,3.6,0,0,3.7,0
LEAD-03601,Content download,Finance,11-50,Manager,1,4,1.3,0,0,0.4,0
LEAD-03602,Webinar,SaaS,1000+,IC,5,3,1.4,0,0,2.5,0
LEAD-03603,Content download,Healthcare,51-200,IC,2,5,1.1,0,0,0.6,0
LEAD-03604,Webinar,Education,1000+,Manager,6,7,2.9,0,0,3.3,0
LEAD-03605,Paid ad,Manufacturing,1-10,Manager,4,5,2.4,0,0,3.4,0
LEAD-03606,Referral,SaaS,11-50,IC,8,2,1.3,0,1,1.6,0
LEAD-03607,Cold outbound,SaaS,11-50,IC,3,7,5.5,0,0,1.2,0
LEAD-03608,Content download,Education,201-1000,Director,2,4,0.8,0,1,2.9,1
LEAD-03609,Website form,Retail,1-10,Manager,3,6,5.1,0,0,18.9,0
LEAD-03610,Website form,Finance,1-10,IC,0,3,4.8,0,0,14.2,0
LEAD-03611,Website form,Education,201-1000,IC,2,3,2.6,1,0,4.1,1
LEAD-03612,Paid ad,Finance,201-1000,IC,5,1,2.4,1,0,2.1,0
LEAD-03613,Content download,Finance,11-50,Manager,1,3,0.6,0,0,1.8,0
LEAD-03614,Webinar,SaaS,51-200,IC,3,4,1.5,0,0,0.5,0
LEAD-03615,Content download,Manufacturing,11-50,IC,3,5,1.4,1,0,2.5,0
LEAD-03616,Referral,Manufacturing,1-10,IC,0,8,4.3,0,0,2.1,1
LEAD-03617,Website form,Manufacturing,51-200,Director,2,2,1.9,1,1,4.5,1
LEAD-03618,Content download,Retail,51-200,Manager,1,4,0.5,0,0,0.5,0
LEAD-03619,Content download,SaaS,201-1000,Manager,2,1,1.2,0,0,5.9,0
LEAD-03620,Website form,Retail,1000+,Director,5,4,0.0,0,0,3.0,0
LEAD-03621,Webinar,SaaS,1-10,VP/C-level,0,5,3.4,0,1,0.7,0
LEAD-03622,Website form,Education,1000+,IC,1,2,0.8,0,0,2.3,0
LEAD-03623,Website form,Manufacturing,11-50,VP/C-level,3,2,0.2,0,0,2.4,0
LEAD-03624,Cold outbound,Finance,1-10,IC,0,4,0.2,0,1,0.3,0
LEAD-03625,Cold outbound,Retail,1-10,IC,1,1,4.0,0,0,0.4,0
LEAD-03626,Cold outbound,SaaS,201-1000,Manager,4,3,0.8,0,0,8.7,0
LEAD-03627,Referral,Finance,11-50,Director,4,4,0.5,0,0,1.4,0
LEAD-03628,Website form,SaaS,11-50,IC,1,4,4.9,1,0,1.8,1
LEAD-03629,Cold outbound,Finance,1-10,Director,2,7,1.5,0,0,0.3,0
LEAD-03630,Cold outbound,Finance,51-200,IC,0,4,7.0,0,0,2.0,0
LEAD-03631,Content download,SaaS,11-50,Manager,4,5,2.5,0,0,1.1,0
LEAD-03632,Referral,Education,1-10,IC,3,1,1.8,0,0,2.0,0
LEAD-03633,Content download,Retail,51-200,IC,1,2,6.2,0,0,0.0,0
LEAD-03634,Website form,Retail,11-50,Manager,2,1,4.7,0,0,1.7,0
LEAD-03635,Content download,Manufacturing,1-10,VP/C-level,4,7,1.2,0,0,3.0,0
LEAD-03636,Webinar,Retail,1000+,IC,1,7,2.2,0,0,0.9,0
LEAD-03637,Content download,Manufacturing,1-10,Director,0,5,0.4,0,1,0.5,0
LEAD-03638,Website form,Healthcare,1-10,IC,3,5,2.8,0,0,1.2,0
LEAD-03639,Cold outbound,Healthcare,201-1000,Director,0,5,3.3,1,1,4.4,1
LEAD-03640,Website form,Retail,51-200,VP/C-level,5,3,1.0,0,0,2.1,0
LEAD-03641,Cold outbound,Finance,1-10,IC,0,3,6.4,0,0,4.8,0
LEAD-03642,Referral,Finance,51-200,Director,1,6,3.7,0,0,5.3,1
LEAD-03643,Webinar,Education,11-50,IC,2,3,3.9,0,1,3.0,0
LEAD-03644,Webinar,Retail,1000+,IC,2,3,2.2,1,0,1.7,0
LEAD-03645,Cold outbound,Manufacturing,1-10,VP/C-level,1,5,2.0,0,0,3.9,0
LEAD-03646,Paid ad,Finance,11-50,IC,4,7,3.3,0,0,0.4,0
LEAD-03647,Webinar,Manufacturing,51-200,Manager,3,2,1.9,0,0,4.3,0
LEAD-03648,Cold outbound,Education,11-50,IC,1,2,2.8,1,0,4.3,0
LEAD-03649,Cold outbound,Manufacturing,1-10,IC,4,7,3.6,1,0,1.2,0
LEAD-03650,Website form,Retail,11-50,Manager,1,5,1.2,0,0,0.1,0
LEAD-03651,Cold outbound,Finance,51-200,Director,6,7,1.9,0,0,3.2,0
LEAD-03652,Paid ad,SaaS,1000+,Director,3,3,2.1,0,0,5.7,0
LEAD-03653,Website form,Education,1-10,IC,1,4,1.6,1,0,10.2,1
LEAD-03654,Website form,Manufacturing,11-50,Director,2,2,2.6,0,0,1.9,0
LEAD-03655,Website form,Education,201-1000,Director,4,6,4.4,0,0,3.5,0
LEAD-03656,Content download,Retail,1000+,IC,1,5,2.2,0,0,0.0,0
LEAD-03657,Cold outbound,SaaS,1-10,IC,4,4,3.7,1,0,7.7,0
LEAD-03658,Content download,Healthcare,201-1000,IC,2,2,0.9,0,0,1.1,0
LEAD-03659,Content download,Education,201-1000,Manager,1,5,4.5,0,0,4.8,1
LEAD-03660,Website form,Finance,51-200,IC,4,2,0.3,0,0,1.8,0
LEAD-03661,Referral,Healthcare,51-200,Manager,2,2,1.6,1,0,4.7,0
LEAD-03662,Website form,Education,1-10,Director,2,3,2.4,0,0,1.8,0
LEAD-03663,Paid ad,Healthcare,51-200,IC,1,1,2.5,0,0,1.2,0
LEAD-03664,Website form,SaaS,11-50,Manager,4,7,4.8,1,0,2.3,1
LEAD-03665,Webinar,SaaS,11-50,IC,2,8,1.2,0,0,1.0,0
LEAD-03666,Content download,SaaS,11-50,IC,2,5,1.6,0,0,0.1,0
LEAD-03667,Cold outbound,SaaS,1-10,IC,8,3,0.7,0,0,6.7,0
LEAD-03668,Content download,Retail,51-200,Manager,5,4,3.5,0,0,1.4,0
LEAD-03669,Cold outbound,Healthcare,201-1000,Manager,2,3,1.2,0,0,0.3,0
LEAD-03670,Paid ad,Education,201-1000,IC,3,3,0.6,1,0,2.0,0
LEAD-03671,Referral,Manufacturing,201-1000,Director,6,6,1.5,0,0,0.5,0
LEAD-03672,Cold outbound,Healthcare,51-200,IC,1,2,0.5,1,0,1.0,0
LEAD-03673,Cold outbound,Retail,1000+,Director,4,1,3.1,0,0,2.6,1
LEAD-03674,Content download,Retail,51-200,Director,7,2,3.9,0,1,1.2,0
LEAD-03675,Website form,Finance,1-10,Manager,1,4,1.4,0,0,3.2,0
LEAD-03676,Cold outbound,Education,51-200,Manager,5,4,1.0,0,0,4.7,0
LEAD-03677,Cold outbound,Retail,11-50,Director,6,2,1.8,0,0,3.8,0
LEAD-03678,Webinar,Education,1-10,IC,4,5,0.9,0,0,0.6,0
LEAD-03679,Cold outbound,Manufacturing,201-1000,VP/C-level,2,3,1.2,0,1,4.7,0
LEAD-03680,Cold outbound,Retail,1-10,Manager,2,2,0.4,0,0,1.3,0
LEAD-03681,Website form,Healthcare,11-50,Manager,1,3,0.6,0,0,0.8,0
LEAD-03682,Content download,Manufacturing,1-10,Director,1,2,1.1,1,0,9.7,0
LEAD-03683,Cold outbound,Healthcare,11-50,IC,4,4,5.8,0,0,4.4,0
LEAD-03684,Cold outbound,Education,51-200,VP/C-level,2,2,4.9,0,0,1.8,0
LEAD-03685,Content download,Healthcare,11-50,Manager,1,3,5.4,0,0,2.9,0
LEAD-03686,Cold outbound,Retail,1-10,Manager,2,4,3.0,0,0,1.9,0
LEAD-03687,Content download,Finance,1-10,Director,5,8,2.0,0,0,5.9,0
LEAD-03688,Cold outbound,Healthcare,201-1000,IC,2,9,4.1,0,0,6.6,1
LEAD-03689,Cold outbound,Retail,201-1000,IC,1,7,5.0,0,1,1.0,0
LEAD-03690,Content download,Finance,201-1000,IC,2,2,3.5,1,0,1.3,0
LEAD-03691,Paid ad,Retail,201-1000,Manager,2,2,1.9,0,0,10.2,0
LEAD-03692,Paid ad,Education,51-200,Manager,1,5,3.1,0,0,0.9,1
LEAD-03693,Website form,Manufacturing,1-10,Director,5,8,4.8,0,0,0.9,1
LEAD-03694,Paid ad,Manufacturing,201-1000,Director,1,0,3.5,0,0,0.8,0
LEAD-03695,Content download,Education,201-1000,IC,7,1,5.4,0,0,1.2,0
LEAD-03696,Webinar,Retail,201-1000,Director,3,2,4.2,0,0,2.1,0
LEAD-03697,Website form,Education,1-10,Director,1,3,2.0,0,0,0.6,0
LEAD-03698,Webinar,Finance,1-10,Manager,2,4,1.2,0,0,4.2,0
LEAD-03699,Cold outbound,Retail,1-10,IC,4,2,1.3,0,0,4.2,0
LEAD-03700,Cold outbound,Healthcare,1000+,Manager,4,6,3.2,1,0,7.4,1
LEAD-03701,Cold outbound,Manufacturing,51-200,Manager,3,5,3.0,0,0,2.6,0
LEAD-03702,Paid ad,Finance,1-10,IC,3,3,2.1,0,0,0.2,0
LEAD-03703,Cold outbound,Manufacturing,1-10,Manager,2,5,3.1,0,0,2.5,0
LEAD-03704,Referral,Manufacturing,1-10,Manager,3,0,3.6,0,0,3.2,0
LEAD-03705,Content download,Retail,1-10,Manager,3,4,2.6,1,1,7.8,0
LEAD-03706,Content download,Healthcare,1-10,Manager,2,5,3.4,1,0,2.7,0
LEAD-03707,Website form,Manufacturing,11-50,IC,5,4,1.2,1,0,20.0,0
LEAD-03708,Content download,Retail,201-1000,IC,7,4,0.9,1,0,1.2,0
LEAD-03709,Cold outbound,SaaS,11-50,Manager,5,2,4.5,1,0,4.9,0
LEAD-03710,Content download,Healthcare,51-200,Director,5,4,4.6,1,0,2.3,1
LEAD-03711,Website form,Retail,11-50,Manager,2,4,6.7,0,1,4.0,0
LEAD-03712,Content download,Education,1-10,VP/C-level,4,1,3.7,0,0,2.5,0
LEAD-03713,Paid ad,Healthcare,1-10,IC,4,4,3.2,1,0,1.9,0
LEAD-03714,Cold outbound,Healthcare,11-50,IC,3,5,0.3,0,0,2.6,0
LEAD-03715,Website form,Healthcare,11-50,Manager,3,0,3.9,0,0,5.8,0
LEAD-03716,Referral,Healthcare,201-1000,IC,2,3,5.0,0,0,2.0,0
LEAD-03717,Cold outbound,Retail,1-10,IC,1,4,8.0,0,0,4.6,0
LEAD-03718,Content download,Healthcare,201-1000,VP/C-level,3,4,2.0,0,1,1.6,0
LEAD-03719,Cold outbound,Healthcare,11-50,Manager,3,3,0.6,0,0,0.6,0
LEAD-03720,Content download,Manufacturing,11-50,Manager,2,2,4.7,0,0,0.1,1
LEAD-03721,Referral,Healthcare,11-50,IC,5,4,3.0,0,0,3.0,0
LEAD-03722,Website form,Education,1-10,IC,5,6,2.4,1,1,9.3,1
LEAD-03723,Paid ad,SaaS,1-10,VP/C-level,7,7,1.3,1,0,0.6,1
LEAD-03724,Content download,Manufacturing,201-1000,Manager,3,4,0.9,0,1,1.4,1
LEAD-03725,Cold outbound,Healthcare,51-200,IC,3,4,5.9,0,0,2.7,0
LEAD-03726,Website form,Education,201-1000,Director,1,5,8.5,0,0,3.0,0
LEAD-03727,Referral,Healthcare,51-200,Manager,0,3,1.2,0,0,11.3,0
LEAD-03728,Cold outbound,SaaS,1-10,Director,0,2,6.7,0,0,9.4,0
LEAD-03729,Paid ad,Manufacturing,1-10,IC,3,3,5.8,1,0,3.3,0
LEAD-03730,Website form,Retail,51-200,IC,3,3,1.1,1,0,0.2,0
LEAD-03731,Content download,Healthcare,51-200,IC,2,4,4.1,0,0,0.7,0
LEAD-03732,Website form,Manufacturing,201-1000,Manager,3,0,3.9,0,1,2.1,1
LEAD-03733,Paid ad,Manufacturing,51-200,Director,1,5,1.6,1,0,0.9,1
LEAD-03734,Referral,Finance,11-50,IC,3,3,5.4,1,1,0.8,1
LEAD-03735,Content download,Retail,1-10,Director,7,4,0.5,0,0,2.3,0
LEAD-03736,Cold outbound,Manufacturing,51-200,Manager,8,1,5.4,0,0,0.3,0
LEAD-03737,Cold outbound,Retail,1-10,IC,3,1,3.8,0,0,5.2,0
LEAD-03738,Website form,Finance,51-200,IC,5,5,4.0,1,1,1.7,1
LEAD-03739,Content download,Education,11-50,IC,1,3,1.4,0,0,0.3,0
LEAD-03740,Cold outbound,SaaS,201-1000,Director,5,3,4.0,0,0,0.2,0
LEAD-03741,Content download,Finance,201-1000,Manager,6,1,0.5,0,1,11.3,0
LEAD-03742,Cold outbound,Healthcare,1-10,IC,0,5,5.6,0,0,0.5,0
LEAD-03743,Cold outbound,Healthcare,1-10,Director,7,2,3.3,1,0,0.6,0
LEAD-03744,Paid ad,Education,1000+,IC,5,4,1.6,1,0,3.2,0
LEAD-03745,Cold outbound,Retail,51-200,Manager,3,5,7.1,1,0,5.7,1
LEAD-03746,Cold outbound,Finance,51-200,IC,3,6,1.4,0,0,2.9,0
LEAD-03747,Content download,Retail,51-200,IC,5,7,0.2,0,0,0.6,0
LEAD-03748,Referral,Healthcare,51-200,Manager,5,5,1.7,1,0,2.7,0
LEAD-03749,Cold outbound,Finance,11-50,Director,0,5,4.3,0,0,3.3,0
LEAD-03750,Webinar,Finance,11-50,IC,6,4,5.1,0,1,3.5,0
LEAD-03751,Website form,Finance,11-50,IC,1,7,0.8,0,0,1.6,0
LEAD-03752,Content download,Manufacturing,11-50,IC,3,4,2.2,1,0,6.5,0
LEAD-03753,Referral,Retail,1-10,Director,0,6,2.1,0,0,5.8,0
LEAD-03754,Webinar,Healthcare,11-50,Director,4,5,3.0,0,0,0.0,0
LEAD-03755,Cold outbound,Finance,51-200,Director,2,5,6.1,0,0,0.4,0
LEAD-03756,Website form,Healthcare,51-200,Manager,5,5,1.3,0,0,0.4,0
LEAD-03757,Website form,Manufacturing,51-200,VP/C-level,3,3,4.4,0,0,6.8,0
LEAD-03758,Webinar,Healthcare,201-1000,VP/C-level,3,6,2.1,0,0,0.4,0
LEAD-03759,Website form,Finance,11-50,IC,7,5,0.9,0,0,12.8,0
LEAD-03760,Website form,SaaS,1-10,Manager,3,3,2.3,0,0,3.3,0
LEAD-03761,Cold outbound,Finance,1-10,Manager,0,3,3.0,0,0,1.4,0
LEAD-03762,Cold outbound,Retail,201-1000,IC,2,2,2.6,0,0,2.2,0
LEAD-03763,Website form,Retail,51-200,IC,0,2,4.2,1,0,1.0,1
LEAD-03764,Website form,Education,11-50,IC,1,2,0.5,1,1,0.6,1
LEAD-03765,Cold outbound,Education,1-10,Manager,4,4,3.1,0,0,3.1,0
LEAD-03766,Paid ad,Manufacturing,1000+,Manager,2,6,5.5,1,0,1.2,0
LEAD-03767,Website form,Manufacturing,51-200,IC,0,5,3.4,0,0,0.0,0
LEAD-03768,Paid ad,Education,201-1000,Director,3,3,5.6,0,0,3.2,0
LEAD-03769,Paid ad,Manufacturing,11-50,IC,4,2,3.8,0,0,7.0,0
LEAD-03770,Cold outbound,Finance,11-50,IC,10,4,1.0,0,0,8.3,0
LEAD-03771,Cold outbound,Manufacturing,11-50,IC,5,7,1.2,0,1,8.0,0
LEAD-03772,Content download,Finance,11-50,IC,5,5,2.8,0,0,2.0,0
LEAD-03773,Content download,Healthcare,11-50,Manager,0,3,2.0,0,1,5.8,0
LEAD-03774,Cold outbound,Healthcare,11-50,IC,2,1,0.3,0,0,5.0,0
LEAD-03775,Cold outbound,Finance,51-200,IC,1,6,3.3,0,0,0.0,0
LEAD-03776,Cold outbound,Retail,11-50,IC,2,1,7.3,0,0,2.8,0
LEAD-03777,Webinar,Retail,51-200,Manager,4,5,3.7,0,0,2.2,1
LEAD-03778,Content download,SaaS,51-200,Manager,3,6,0.3,0,0,3.0,0
LEAD-03779,Content download,SaaS,1-10,Manager,5,2,2.8,0,0,3.6,0
LEAD-03780,Website form,SaaS,11-50,VP/C-level,5,3,1.3,0,0,0.7,1
LEAD-03781,Webinar,Healthcare,51-200,Manager,3,1,0.5,0,0,0.8,0
LEAD-03782,Website form,Finance,11-50,Manager,4,0,1.3,0,0,7.1,0
LEAD-03783,Content download,Education,11-50,IC,1,3,1.4,0,0,6.5,0
LEAD-03784,Content download,Retail,201-1000,IC,4,5,0.8,0,0,1.5,0
LEAD-03785,Website form,Manufacturing,11-50,IC,5,7,0.5,0,0,6.1,0
LEAD-03786,Content download,SaaS,11-50,Manager,4,5,5.3,0,0,1.8,0
LEAD-03787,Cold outbound,Retail,1-10,Manager,1,3,0.4,0,1,0.1,0
LEAD-03788,Paid ad,SaaS,1-10,IC,3,1,3.8,1,0,0.2,0
LEAD-03789,Cold outbound,Healthcare,51-200,Director,3,2,4.4,0,1,10.2,0
LEAD-03790,Website form,Finance,201-1000,IC,3,6,4.8,0,0,1.0,0
LEAD-03791,Webinar,Finance,11-50,Manager,2,3,1.3,0,0,0.1,0
LEAD-03792,Cold outbound,Education,1-10,VP/C-level,4,8,3.7,0,0,3.1,0
LEAD-03793,Paid ad,Manufacturing,201-1000,IC,3,3,2.1,0,0,5.9,0
LEAD-03794,Content download,Healthcare,11-50,Director,4,7,6.7,0,0,0.3,0
LEAD-03795,Website form,Manufacturing,1-10,Manager,1,8,3.2,0,1,9.6,0
LEAD-03796,Referral,SaaS,11-50,Manager,4,2,1.2,0,0,0.0,0
LEAD-03797,Content download,Healthcare,51-200,IC,6,1,2.4,0,0,3.0,0
LEAD-03798,Content download,Healthcare,1-10,IC,3,5,1.6,1,1,3.0,1
LEAD-03799,Webinar,SaaS,11-50,IC,3,5,1.5,1,0,0.5,0
LEAD-03800,Referral,Manufacturing,11-50,Manager,1,4,4.6,0,0,2.6,0
LEAD-03801,Referral,Retail,51-200,IC,1,4,1.9,0,0,2.4,1
LEAD-03802,Paid ad,Education,11-50,IC,3,1,1.1,0,1,1.6,0
LEAD-03803,Referral,Finance,1-10,IC,6,4,2.8,0,0,2.1,0
LEAD-03804,Webinar,SaaS,51-200,IC,4,7,1.4,0,0,2.9,0
LEAD-03805,Content download,Finance,51-200,VP/C-level,0,3,1.1,1,0,0.0,0
LEAD-03806,Cold outbound,Finance,11-50,IC,4,3,1.2,0,0,3.4,0
LEAD-03807,Referral,Education,51-200,VP/C-level,0,1,1.1,1,1,4.4,0
LEAD-03808,Website form,Education,51-200,VP/C-level,6,3,2.9,0,1,2.6,1
LEAD-03809,Referral,Education,51-200,Director,3,3,1.9,1,0,3.0,0
LEAD-03810,Cold outbound,Manufacturing,11-50,Manager,4,4,2.9,1,0,1.9,1
LEAD-03811,Cold outbound,Retail,11-50,Manager,5,4,2.7,0,0,0.4,1
LEAD-03812,Content download,Manufacturing,51-200,Manager,3,3,0.9,0,0,0.7,0
LEAD-03813,Cold outbound,Manufacturing,201-1000,IC,3,2,8.1,0,0,1.3,0
LEAD-03814,Cold outbound,SaaS,1-10,VP/C-level,1,5,4.1,1,0,2.3,0
LEAD-03815,Referral,Healthcare,51-200,Director,6,5,0.5,0,0,3.2,0
LEAD-03816,Website form,Manufacturing,11-50,VP/C-level,4,7,2.3,0,1,0.8,0
LEAD-03817,Paid ad,SaaS,1-10,Manager,2,3,1.9,0,0,0.1,0
LEAD-03818,Website form,Education,1000+,Manager,1,5,0.9,0,0,1.6,0
LEAD-03819,Website form,Education,11-50,IC,1,5,3.6,0,0,2.4,0
LEAD-03820,Website form,SaaS,51-200,Manager,0,3,1.0,1,0,5.5,0
LEAD-03821,Website form,Manufacturing,201-1000,VP/C-level,2,3,7.4,0,0,0.3,1
LEAD-03822,Webinar,Healthcare,1-10,Director,2,6,0.9,1,0,2.8,0
LEAD-03823,Content download,Education,51-200,Director,5,3,1.0,0,0,0.1,0
LEAD-03824,Website form,Education,11-50,IC,3,2,4.3,1,0,14.5,0
LEAD-03825,Referral,Finance,11-50,Manager,3,6,1.6,0,0,1.8,0
LEAD-03826,Referral,Manufacturing,51-200,IC,1,5,5.6,0,0,0.6,0
LEAD-03827,Content download,Manufacturing,1-10,IC,1,4,3.3,1,0,0.1,1
LEAD-03828,Webinar,Education,201-1000,Manager,3,5,0.8,1,0,1.7,0
LEAD-03829,Cold outbound,Finance,11-50,IC,1,9,1.6,0,0,14.5,0
LEAD-03830,Content download,Finance,1000+,IC,3,1,0.4,1,0,0.9,0
LEAD-03831,Website form,Retail,51-200,VP/C-level,5,5,4.2,0,0,2.3,0
LEAD-03832,Website form,SaaS,51-200,Director,3,5,2.1,0,0,0.8,0
LEAD-03833,Webinar,Retail,11-50,Manager,4,2,1.7,0,0,1.4,0
LEAD-03834,Cold outbound,Education,11-50,IC,5,5,0.8,0,0,0.8,0
LEAD-03835,Website form,SaaS,201-1000,VP/C-level,0,2,5.4,0,0,5.0,0
LEAD-03836,Paid ad,SaaS,11-50,VP/C-level,4,2,5.2,1,0,1.5,0
LEAD-03837,Paid ad,Education,11-50,Manager,6,4,2.5,0,0,5.2,0
LEAD-03838,Cold outbound,SaaS,1-10,IC,4,5,4.5,0,0,0.0,0
LEAD-03839,Website form,Finance,201-1000,VP/C-level,2,1,3.3,0,0,0.1,0
LEAD-03840,Cold outbound,Education,11-50,IC,3,5,4.0,1,0,5.1,0
LEAD-03841,Content download,Education,51-200,Manager,3,5,1.0,0,0,2.2,0
LEAD-03842,Website form,Education,1-10,Manager,2,6,1.3,0,0,0.0,0
LEAD-03843,Cold outbound,SaaS,1-10,IC,5,7,0.5,0,0,3.1,0
LEAD-03844,Referral,Finance,11-50,IC,1,7,4.1,1,0,0.5,1
LEAD-03845,Referral,Education,51-200,Manager,1,3,6.2,0,0,3.9,0
LEAD-03846,Website form,SaaS,201-1000,IC,2,6,3.2,0,0,2.9,0
LEAD-03847,Cold outbound,Retail,1-10,Director,3,2,6.0,0,0,5.1,0
LEAD-03848,Content download,Healthcare,51-200,Manager,6,5,3.6,0,0,0.4,0
LEAD-03849,Website form,Retail,1-10,Director,2,4,1.1,1,0,0.6,1
LEAD-03850,Cold outbound,Retail,51-200,IC,2,4,0.8,0,1,1.2,0
LEAD-03851,Cold outbound,Education,11-50,IC,0,5,4.4,0,0,1.1,0
LEAD-03852,Referral,SaaS,1-10,Manager,0,5,3.7,0,0,3.4,0
LEAD-03853,Content download,Manufacturing,1000+,IC,3,3,4.1,1,0,4.8,1
LEAD-03854,Website form,Education,51-200,Director,3,2,5.3,1,0,3.7,1
LEAD-03855,Cold outbound,Healthcare,201-1000,IC,5,3,2.7,0,0,4.2,0
LEAD-03856,Website form,Finance,51-200,IC,2,2,1.3,0,0,5.1,0
LEAD-03857,Website form,Manufacturing,11-50,IC,4,2,4.8,0,1,4.7,1
LEAD-03858,Content download,Healthcare,201-1000,IC,2,5,7.5,0,1,2.4,1
LEAD-03859,Content download,Healthcare,1-10,Manager,2,5,6.0,0,0,0.4,1
LEAD-03860,Paid ad,Manufacturing,1-10,IC,4,1,2.3,0,0,1.7,0
LEAD-03861,Content download,Education,201-1000,Manager,2,3,0.4,0,0,0.6,0
LEAD-03862,Referral,Manufacturing,1-10,Manager,4,4,4.0,0,0,3.2,0
LEAD-03863,Website form,Education,11-50,Director,3,1,1.8,0,0,2.1,0
LEAD-03864,Website form,Manufacturing,51-200,IC,0,3,1.2,1,0,8.9,0
LEAD-03865,Content download,Manufacturing,1-10,VP/C-level,5,3,0.4,0,0,5.6,0
LEAD-03866,Website form,Retail,1-10,Manager,4,1,2.7,0,1,1.0,1
LEAD-03867,Paid ad,Manufacturing,51-200,Director,5,2,2.0,0,0,1.7,0
LEAD-03868,Webinar,Healthcare,11-50,Director,2,4,2.8,1,0,0.9,1
LEAD-03869,Paid ad,Manufacturing,51-200,IC,2,7,2.3,0,1,5.6,0
LEAD-03870,Cold outbound,Retail,1-10,VP/C-level,7,4,0.5,0,0,0.5,0
LEAD-03871,Paid ad,SaaS,11-50,Manager,3,7,1.8,1,1,1.4,1
LEAD-03872,Referral,Healthcare,11-50,IC,2,6,2.4,0,1,1.8,0
LEAD-03873,Paid ad,Education,51-200,Director,2,3,4.7,0,0,4.4,0
LEAD-03874,Referral,Healthcare,51-200,Manager,3,2,1.0,0,0,2.3,0
LEAD-03875,Website form,Education,11-50,Director,1,3,4.1,0,0,3.6,0
LEAD-03876,Webinar,SaaS,11-50,Manager,3,7,1.1,0,0,4.8,1
LEAD-03877,Webinar,Manufacturing,1-10,Manager,3,3,2.3,0,0,0.7,0
LEAD-03878,Cold outbound,Education,1-10,VP/C-level,4,2,4.8,0,0,3.2,0
LEAD-03879,Webinar,Retail,11-50,Manager,2,4,7.0,1,0,0.2,0
LEAD-03880,Cold outbound,Manufacturing,51-200,Manager,6,6,1.4,0,1,7.3,1
LEAD-03881,Cold outbound,Finance,11-50,VP/C-level,2,2,2.0,0,0,7.9,0
LEAD-03882,Website form,Retail,1-10,IC,6,7,2.4,0,0,11.7,0
LEAD-03883,Cold outbound,Finance,201-1000,Director,3,5,0.7,1,1,2.8,0
LEAD-03884,Webinar,Healthcare,1-10,IC,5,6,5.9,0,0,11.6,0
LEAD-03885,Paid ad,Retail,51-200,IC,7,5,1.7,0,0,0.5,0
LEAD-03886,Cold outbound,Manufacturing,51-200,IC,2,5,1.0,1,0,6.4,0
LEAD-03887,Referral,SaaS,201-1000,Director,2,5,0.4,0,0,4.4,1
LEAD-03888,Cold outbound,SaaS,1000+,VP/C-level,3,3,0.7,0,0,2.7,0
LEAD-03889,Webinar,Education,51-200,Manager,2,6,0.5,0,0,2.5,1
LEAD-03890,Paid ad,Education,1-10,IC,1,6,2.4,0,0,0.8,0
LEAD-03891,Paid ad,Healthcare,1-10,Manager,4,5,5.3,0,0,10.7,0
LEAD-03892,Cold outbound,Finance,51-200,IC,6,5,2.4,0,0,0.4,1
LEAD-03893,Content download,Education,11-50,IC,1,2,5.3,1,1,3.5,0
LEAD-03894,Cold outbound,Education,201-1000,Manager,8,5,4.4,1,0,2.5,0
LEAD-03895,Website form,Healthcare,11-50,IC,1,6,2.4,0,0,2.4,0
LEAD-03896,Paid ad,Healthcare,1-10,IC,3,4,5.7,1,1,0.5,1
LEAD-03897,Website form,Finance,11-50,IC,1,6,0.9,0,0,5.3,0
LEAD-03898,Cold outbound,Finance,1-10,IC,5,4,5.7,0,0,11.0,0
LEAD-03899,Cold outbound,SaaS,11-50,Director,8,2,2.5,0,0,0.6,0
LEAD-03900,Webinar,Finance,11-50,Manager,5,1,0.6,0,0,0.9,1
LEAD-03901,Website form,Education,51-200,IC,5,5,2.1,0,0,0.6,0
LEAD-03902,Website form,Manufacturing,1-10,VP/C-level,4,7,1.0,0,0,0.3,1
LEAD-03903,Paid ad,Retail,1-10,Director,3,6,0.7,0,0,4.0,0
LEAD-03904,Paid ad,Education,51-200,Director,2,4,1.6,0,0,4.3,0
LEAD-03905,Cold outbound,Finance,51-200,IC,3,3,1.3,0,0,1.1,0
LEAD-03906,Cold outbound,Education,1-10,VP/C-level,8,4,5.1,1,0,0.3,1
LEAD-03907,Webinar,Finance,11-50,VP/C-level,1,5,1.7,0,0,0.0,0
LEAD-03908,Content download,SaaS,11-50,IC,4,5,0.5,0,0,0.5,0
LEAD-03909,Content download,SaaS,1-10,Manager,5,1,1.1,0,0,3.6,0
LEAD-03910,Referral,Manufacturing,11-50,Director,5,5,0.9,0,1,2.2,1
LEAD-03911,Cold outbound,SaaS,201-1000,Director,3,5,1.6,0,0,7.0,0
LEAD-03912,Paid ad,Healthcare,1-10,Manager,0,5,0.8,0,0,4.5,0
LEAD-03913,Referral,Education,51-200,IC,4,5,0.5,1,0,1.4,1
LEAD-03914,Content download,Education,11-50,IC,3,5,2.6,1,1,6.5,0
LEAD-03915,Webinar,SaaS,201-1000,Manager,1,4,4.8,0,0,1.1,0
LEAD-03916,Paid ad,SaaS,51-200,Director,2,3,1.8,0,0,3.6,0
LEAD-03917,Content download,Healthcare,51-200,IC,4,3,2.5,0,0,1.8,0
LEAD-03918,Referral,Education,201-1000,Manager,2,2,2.6,0,0,1.2,1
LEAD-03919,Content download,Finance,1-10,Director,0,6,2.6,0,0,1.3,0
LEAD-03920,Paid ad,Manufacturing,201-1000,Manager,3,3,4.7,0,0,2.3,0
LEAD-03921,Website form,Finance,1-10,Director,4,4,2.1,0,0,1.2,1
LEAD-03922,Website form,Healthcare,1000+,Manager,5,6,4.5,1,0,1.7,0
LEAD-03923,Website form,Retail,201-1000,IC,4,5,3.2,1,0,0.5,1
LEAD-03924,Webinar,Retail,51-200,Director,1,5,1.8,0,0,0.6,0
LEAD-03925,Content download,Retail,201-1000,Manager,1,0,1.4,0,0,2.9,0
LEAD-03926,Paid ad,Healthcare,11-50,IC,3,3,1.9,1,1,0.4,0
LEAD-03927,Webinar,Manufacturing,11-50,IC,2,4,3.1,1,0,6.1,0
LEAD-03928,Paid ad,Education,11-50,IC,3,5,2.6,0,0,2.4,0
LEAD-03929,Webinar,Education,201-1000,IC,2,2,4.6,0,0,1.9,0
LEAD-03930,Content download,SaaS,51-200,Director,3,5,1.1,0,0,0.5,0
LEAD-03931,Website form,SaaS,1-10,IC,6,5,2.8,0,0,0.8,1
LEAD-03932,Paid ad,Finance,51-200,IC,3,2,3.3,0,1,2.9,1
LEAD-03933,Webinar,Healthcare,1-10,VP/C-level,5,6,0.3,1,0,0.2,1
LEAD-03934,Webinar,SaaS,1-10,IC,6,1,1.6,0,0,7.0,0
LEAD-03935,Referral,Retail,201-1000,Manager,1,7,0.7,0,0,1.9,0
LEAD-03936,Webinar,Education,11-50,Director,2,2,1.0,1,0,0.7,0
LEAD-03937,Website form,Manufacturing,51-200,IC,3,5,2.9,0,0,1.8,0
LEAD-03938,Cold outbound,Education,1-10,VP/C-level,3,5,1.6,0,0,2.0,0
LEAD-03939,Website form,Finance,11-50,IC,1,3,2.9,1,1,1.0,1
LEAD-03940,Content download,Education,11-50,Manager,4,8,3.6,1,0,0.0,1
LEAD-03941,Referral,Finance,1-10,Manager,3,3,1.7,0,0,4.1,0
LEAD-03942,Cold outbound,Retail,51-200,IC,2,6,0.2,0,0,2.6,0
LEAD-03943,Paid ad,Finance,1-10,Director,2,3,0.6,0,0,3.0,0
LEAD-03944,Cold outbound,Education,51-200,Manager,3,3,0.9,0,0,2.9,0
LEAD-03945,Cold outbound,Finance,51-200,IC,4,6,3.9,1,0,0.1,0
LEAD-03946,Paid ad,Healthcare,11-50,Director,2,5,1.0,1,0,6.5,0
LEAD-03947,Cold outbound,Manufacturing,201-1000,IC,1,4,1.9,1,0,0.7,0
LEAD-03948,Cold outbound,SaaS,51-200,IC,3,4,4.9,0,0,0.1,0
LEAD-03949,Website form,Education,51-200,VP/C-level,3,5,0.8,1,0,4.5,1
LEAD-03950,Referral,SaaS,1-10,IC,3,4,3.2,1,0,1.6,0
LEAD-03951,Cold outbound,SaaS,51-200,Manager,2,7,2.7,1,1,3.1,1
LEAD-03952,Content download,Manufacturing,51-200,Director,4,3,0.7,0,0,0.3,0
LEAD-03953,Content download,Manufacturing,1-10,IC,1,6,5.1,0,0,3.7,0
LEAD-03954,Cold outbound,Education,51-200,Director,4,1,2.3,0,0,6.5,0
LEAD-03955,Content download,Finance,1-10,Director,2,5,1.3,0,1,4.7,0
LEAD-03956,Cold outbound,Manufacturing,11-50,Director,0,1,1.4,0,0,4.7,0
LEAD-03957,Referral,Manufacturing,1-10,Director,1,2,4.6,0,0,1.6,0
LEAD-03958,Website form,SaaS,1000+,VP/C-level,3,3,0.7,0,0,6.3,0
LEAD-03959,Content download,Retail,51-200,Director,3,3,4.2,1,0,0.3,1
LEAD-03960,Content download,Healthcare,11-50,Director,3,4,2.2,0,0,1.9,0
LEAD-03961,Website form,Healthcare,1-10,IC,3,3,1.8,0,0,0.2,0
LEAD-03962,Website form,SaaS,201-1000,IC,6,0,1.4,0,1,4.5,0
LEAD-03963,Content download,Healthcare,51-200,IC,8,4,1.5,1,0,0.3,1
LEAD-03964,Website form,SaaS,51-200,Manager,4,6,1.9,1,0,0.3,0
LEAD-03965,Referral,Education,1-10,Manager,4,5,3.7,1,0,3.6,0
LEAD-03966,Webinar,Education,1-10,IC,5,7,4.5,0,0,0.4,0
LEAD-03967,Paid ad,Retail,1-10,Manager,4,1,4.6,1,0,0.6,0
LEAD-03968,Cold outbound,Retail,1-10,IC,4,5,3.8,0,1,0.1,0
LEAD-03969,Cold outbound,SaaS,1-10,Director,0,3,0.7,0,0,6.4,0
LEAD-03970,Webinar,Education,1-10,Manager,5,5,3.1,1,0,0.7,1
LEAD-03971,Website form,Finance,201-1000,IC,4,3,5.0,0,0,0.1,0
LEAD-03972,Content download,Manufacturing,51-200,Director,3,3,4.7,1,0,3.8,1
LEAD-03973,Cold outbound,Education,1-10,IC,1,2,0.8,1,0,5.5,1
LEAD-03974,Cold outbound,Education,11-50,IC,3,5,2.6,0,0,2.5,0
LEAD-03975,Website form,Manufacturing,1000+,Director,2,4,2.6,0,0,0.4,0
LEAD-03976,Cold outbound,Finance,1-10,IC,2,4,3.0,0,0,2.0,0
LEAD-03977,Paid ad,Retail,11-50,Director,2,4,5.6,0,0,3.2,0
LEAD-03978,Website form,SaaS,1-10,VP/C-level,3,2,1.7,0,0,0.7,0
LEAD-03979,Paid ad,SaaS,51-200,IC,5,3,3.3,0,0,0.4,0
LEAD-03980,Website form,Manufacturing,11-50,Manager,1,3,1.8,0,0,0.7,0
LEAD-03981,Content download,Retail,1-10,VP/C-level,4,1,2.9,1,0,3.3,0
LEAD-03982,Paid ad,Education,11-50,IC,3,1,0.7,0,1,0.2,0
LEAD-03983,Cold outbound,Manufacturing,201-1000,Manager,4,3,0.9,0,1,8.9,0
LEAD-03984,Referral,Retail,201-1000,IC,3,3,0.5,0,0,7.2,0
LEAD-03985,Website form,Education,11-50,IC,0,3,1.5,0,0,1.2,0
LEAD-03986,Content download,Finance,1-10,IC,2,4,2.3,1,0,0.7,0
LEAD-03987,Paid ad,Manufacturing,1-10,Manager,3,9,4.3,0,0,1.3,0
LEAD-03988,Website form,Manufacturing,11-50,Director,3,6,6.5,0,0,1.4,1
LEAD-03989,Cold outbound,Finance,1-10,IC,3,5,1.3,0,0,1.5,0
LEAD-03990,Website form,Manufacturing,51-200,IC,1,6,0.8,0,0,1.2,0
LEAD-03991,Referral,Education,1-10,IC,3,1,1.8,1,0,5.0,1
LEAD-03992,Content download,Finance,51-200,IC,2,3,3.0,0,1,6.2,0
LEAD-03993,Cold outbound,Manufacturing,1000+,IC,0,2,5.7,1,0,0.5,1
LEAD-03994,Webinar,Education,11-50,VP/C-level,1,2,3.4,0,0,5.1,0
LEAD-03995,Cold outbound,Education,201-1000,VP/C-level,8,3,1.6,0,0,0.9,0
LEAD-03996,Paid ad,Finance,1-10,Director,3,2,0.9,1,0,1.1,0
LEAD-03997,Cold outbound,Education,1-10,Director,4,5,2.6,0,1,2.2,1
LEAD-03998,Cold outbound,Healthcare,1-10,IC,1,5,2.9,0,1,3.2,0
LEAD-03999,Cold outbound,Healthcare,51-200,VP/C-level,7,6,2.9,0,0,0.6,1
LEAD-04000,Cold outbound,Manufacturing,1-10,Manager,4,3,3.3,1,0,2.6,0
LEAD-04001,Content download,Healthcare,11-50,Manager,5,6,3.8,0,0,5.7,0
LEAD-04002,Paid ad,SaaS,11-50,IC,6,5,1.1,0,0,6.2,0
LEAD-04003,Webinar,Manufacturing,1-10,Manager,2,0,3.4,0,0,2.6,0
LEAD-04004,Referral,Retail,201-1000,Director,7,5,2.8,0,0,0.5,0
LEAD-04005,Website form,Retail,1000+,IC,7,2,3.5,0,0,3.2,0
LEAD-04006,Content download,Retail,11-50,IC,9,6,2.1,1,1,0.5,1
LEAD-04007,Paid ad,Education,1-10,Director,1,3,2.3,0,0,10.2,0
LEAD-04008,Content download,Healthcare,11-50,IC,1,3,3.0,0,0,1.9,0
LEAD-04009,Content download,Healthcare,51-200,Manager,1,6,6.4,0,0,5.3,0
LEAD-04010,Website form,SaaS,51-200,IC,3,5,0.4,1,0,3.8,1
LEAD-04011,Cold outbound,Healthcare,1000+,VP/C-level,5,4,2.5,0,0,0.6,0
LEAD-04012,Website form,Healthcare,11-50,Manager,3,5,2.6,1,0,0.6,1
LEAD-04013,Content download,Retail,1-10,Director,1,6,7.6,0,0,1.0,0
LEAD-04014,Website form,Education,1-10,IC,4,4,0.8,1,1,1.2,1
LEAD-04015,Cold outbound,Finance,11-50,Manager,3,4,5.3,1,0,3.0,0
LEAD-04016,Cold outbound,Retail,1-10,Manager,3,2,2.2,0,0,5.6,0
LEAD-04017,Website form,Education,1-10,Director,5,1,1.1,0,1,3.5,1
LEAD-04018,Cold outbound,Retail,11-50,VP/C-level,4,2,3.2,1,0,4.4,1
LEAD-04019,Paid ad,Retail,11-50,Director,1,1,1.1,0,0,2.6,0
LEAD-04020,Cold outbound,SaaS,1-10,Manager,0,5,2.0,0,0,2.4,0
LEAD-04021,Content download,Finance,1-10,IC,5,8,4.6,0,0,0.2,0
LEAD-04022,Website form,SaaS,1-10,IC,1,3,1.1,0,1,4.9,0
LEAD-04023,Website form,Retail,1-10,Manager,5,10,0.4,0,1,1.1,0
LEAD-04024,Webinar,Finance,1-10,Manager,2,7,3.5,0,0,3.4,0
LEAD-04025,Cold outbound,Education,11-50,Manager,8,4,1.8,0,0,1.7,0
LEAD-04026,Website form,Retail,51-200,Manager,6,8,1.8,0,0,0.1,0
LEAD-04027,Website form,SaaS,11-50,IC,3,3,4.0,0,0,4.5,0
LEAD-04028,Cold outbound,Healthcare,51-200,IC,5,6,1.6,0,0,3.0,0
LEAD-04029,Webinar,Finance,11-50,Director,2,9,3.1,0,1,5.5,1
LEAD-04030,Website form,Finance,1-10,Manager,1,1,2.1,0,0,7.9,0
LEAD-04031,Referral,Finance,1-10,IC,5,0,1.7,0,0,1.2,0
LEAD-04032,Cold outbound,Manufacturing,11-50,IC,6,4,5.0,1,0,1.1,0
LEAD-04033,Content download,Manufacturing,201-1000,Manager,3,8,1.0,0,0,3.9,0
LEAD-04034,Paid ad,Education,201-1000,Manager,2,6,3.4,0,0,0.8,0
LEAD-04035,Referral,Manufacturing,1-10,Director,2,3,1.5,0,0,2.0,0
LEAD-04036,Cold outbound,Finance,11-50,Director,4,2,4.1,0,0,1.0,0
LEAD-04037,Website form,Education,1-10,IC,2,2,1.0,0,0,15.7,0
LEAD-04038,Website form,Manufacturing,201-1000,Manager,2,7,9.6,0,0,0.7,0
LEAD-04039,Website form,Manufacturing,51-200,Manager,2,5,1.4,0,0,0.1,0
LEAD-04040,Content download,Finance,11-50,IC,1,5,1.3,1,0,0.6,0
LEAD-04041,Cold outbound,Education,51-200,Manager,1,6,1.3,1,0,0.1,1
LEAD-04042,Cold outbound,Finance,1-10,Manager,1,7,2.6,1,0,8.4,0
LEAD-04043,Paid ad,Healthcare,51-200,Manager,0,2,2.9,0,0,7.0,0
LEAD-04044,Referral,Retail,11-50,IC,4,1,1.5,0,0,0.6,0
LEAD-04045,Website form,Finance,11-50,IC,2,5,7.6,0,0,1.2,0
LEAD-04046,Content download,Finance,1-10,Director,5,6,2.7,0,0,9.7,0
LEAD-04047,Content download,Finance,201-1000,IC,1,5,3.2,0,0,1.6,0
LEAD-04048,Website form,Finance,51-200,Manager,2,3,2.7,0,0,4.4,1
LEAD-04049,Cold outbound,SaaS,11-50,Manager,5,4,2.7,1,0,3.0,0
LEAD-04050,Website form,SaaS,201-1000,IC,1,4,1.9,0,0,1.1,0
LEAD-04051,Referral,Education,51-200,Manager,4,4,2.3,0,0,0.2,0
LEAD-04052,Paid ad,Education,51-200,VP/C-level,7,4,3.0,0,0,0.6,0
LEAD-04053,Cold outbound,Education,11-50,IC,3,2,2.2,0,0,1.0,0
LEAD-04054,Website form,Healthcare,201-1000,Manager,4,4,3.5,0,0,2.6,0
LEAD-04055,Referral,Finance,1000+,IC,5,2,0.5,0,0,0.0,0
LEAD-04056,Website form,Retail,1-10,Manager,2,1,0.9,0,0,2.5,0
LEAD-04057,Cold outbound,Manufacturing,11-50,IC,3,4,4.9,0,0,2.9,0
LEAD-04058,Paid ad,Retail,51-200,Manager,2,4,3.3,0,0,3.1,0
LEAD-04059,Webinar,Education,11-50,IC,2,1,2.3,0,1,0.3,1
LEAD-04060,Webinar,SaaS,11-50,Director,1,6,3.6,0,0,0.1,0
LEAD-04061,Cold outbound,Finance,11-50,IC,3,4,5.5,0,0,1.5,0
LEAD-04062,Cold outbound,Retail,51-200,Manager,7,5,3.9,1,1,1.6,1
LEAD-04063,Content download,Healthcare,11-50,Manager,3,6,4.5,0,0,0.6,0
LEAD-04064,Cold outbound,Manufacturing,1-10,IC,2,5,1.9,0,0,11.0,0
LEAD-04065,Referral,SaaS,1-10,Manager,2,3,4.1,0,1,3.4,1
LEAD-04066,Cold outbound,SaaS,51-200,Manager,1,1,2.1,0,0,5.2,0
LEAD-04067,Cold outbound,SaaS,11-50,IC,3,7,2.4,0,0,3.8,0
LEAD-04068,Content download,Manufacturing,51-200,IC,4,8,3.2,0,0,6.6,0
LEAD-04069,Cold outbound,Retail,1-10,Director,1,5,3.4,0,0,1.4,0
LEAD-04070,Cold outbound,Education,1-10,IC,2,4,4.2,0,0,0.0,0
LEAD-04071,Content download,Retail,51-200,Manager,3,8,2.0,1,0,2.8,1
LEAD-04072,Content download,Manufacturing,1-10,Manager,2,3,2.2,1,1,5.4,1
LEAD-04073,Website form,Healthcare,1-10,Director,3,6,2.5,0,0,3.3,0
LEAD-04074,Website form,Manufacturing,1-10,IC,2,4,2.1,0,0,0.3,0
LEAD-04075,Paid ad,Manufacturing,1-10,Manager,2,5,5.1,0,0,0.9,0
LEAD-04076,Referral,Healthcare,201-1000,Director,4,6,1.7,0,1,3.8,0
LEAD-04077,Website form,Manufacturing,51-200,VP/C-level,1,3,3.5,0,0,1.2,0
LEAD-04078,Website form,Finance,51-200,Manager,1,4,3.1,1,0,2.7,0
LEAD-04079,Cold outbound,Manufacturing,11-50,IC,8,5,4.9,0,1,2.7,0
LEAD-04080,Referral,Retail,51-200,Manager,3,5,0.9,1,0,1.1,0
LEAD-04081,Webinar,Education,1-10,Manager,2,6,2.8,0,0,2.1,0
LEAD-04082,Content download,SaaS,11-50,IC,3,5,0.6,1,0,0.7,0
LEAD-04083,Cold outbound,Manufacturing,11-50,Director,2,4,3.0,1,0,1.8,0
LEAD-04084,Referral,SaaS,11-50,IC,4,3,0.5,1,0,5.9,0
LEAD-04085,Content download,Education,1-10,Manager,6,5,3.2,0,0,0.7,0
LEAD-04086,Cold outbound,Healthcare,51-200,Manager,3,5,2.2,0,1,5.5,0
LEAD-04087,Website form,Education,11-50,Manager,4,6,2.4,0,0,10.0,0
LEAD-04088,Website form,Finance,11-50,Manager,3,4,1.5,1,0,0.7,0
LEAD-04089,Website form,Healthcare,1-10,Manager,4,5,0.9,0,0,10.5,0
LEAD-04090,Paid ad,Education,11-50,Director,4,2,1.8,0,0,4.1,0
LEAD-04091,Website form,Education,51-200,Director,5,5,3.5,0,0,2.8,1
LEAD-04092,Paid ad,Retail,51-200,IC,1,4,2.1,0,0,0.6,0
LEAD-04093,Content download,Education,11-50,Director,4,4,2.4,0,0,1.4,0
LEAD-04094,Webinar,Healthcare,11-50,IC,6,0,2.4,0,0,5.8,0
LEAD-04095,Webinar,Manufacturing,1-10,Director,1,7,4.2,0,0,2.1,0
LEAD-04096,Webinar,Retail,1-10,IC,6,5,1.7,0,0,3.6,0
LEAD-04097,Website form,Finance,1-10,IC,3,5,0.9,0,0,0.6,0
LEAD-04098,Webinar,SaaS,201-1000,Director,3,4,1.8,0,0,1.0,0
LEAD-04099,Website form,Manufacturing,51-200,IC,2,4,0.5,0,0,0.6,0
LEAD-04100,Cold outbound,SaaS,11-50,Director,2,4,2.7,0,0,10.3,0
LEAD-04101,Content download,Finance,1-10,IC,6,3,2.3,0,0,4.9,0
LEAD-04102,Cold outbound,Healthcare,11-50,IC,1,6,1.3,0,0,4.5,0
LEAD-04103,Website form,Finance,11-50,Manager,3,8,1.6,0,0,3.8,1
LEAD-04104,Website form,Finance,1-10,VP/C-level,3,5,6.1,0,0,8.3,0
LEAD-04105,Cold outbound,Healthcare,1-10,Manager,4,3,2.2,0,0,4.5,0
LEAD-04106,Website form,Manufacturing,1-10,Director,1,4,2.3,1,0,1.7,1
LEAD-04107,Webinar,SaaS,51-200,Director,6,1,1.4,1,0,7.2,0
LEAD-04108,Cold outbound,Retail,201-1000,IC,4,3,3.4,0,0,0.6,0
LEAD-04109,Website form,Manufacturing,11-50,Director,3,3,2.5,1,0,0.7,0
LEAD-04110,Website form,Retail,51-200,Director,3,2,4.6,0,0,3.4,1
LEAD-04111,Cold outbound,SaaS,11-50,IC,2,5,5.9,0,0,5.2,0
LEAD-04112,Cold outbound,Healthcare,11-50,IC,1,4,1.1,0,0,1.0,0
LEAD-04113,Content download,Education,11-50,VP/C-level,1,6,1.0,0,0,2.9,1
LEAD-04114,Content download,Healthcare,201-1000,IC,4,4,0.4,0,0,0.6,0
LEAD-04115,Website form,Retail,11-50,IC,3,7,2.8,0,0,6.6,0
LEAD-04116,Webinar,Retail,201-1000,Director,3,4,1.5,0,0,4.9,0
LEAD-04117,Referral,Education,11-50,Director,0,3,0.9,0,0,0.6,0
LEAD-04118,Website form,Retail,11-50,VP/C-level,1,5,2.1,0,0,1.1,0
LEAD-04119,Webinar,Education,51-200,Director,1,3,2.3,0,0,3.8,0
LEAD-04120,Cold outbound,Retail,201-1000,Director,1,4,4.4,0,0,3.1,0
LEAD-04121,Cold outbound,Retail,1-10,Manager,2,3,1.9,0,0,7.2,0
LEAD-04122,Content download,SaaS,51-200,IC,1,6,1.6,0,0,0.6,0
LEAD-04123,Website form,Healthcare,1-10,Manager,4,5,1.9,0,0,7.8,0
LEAD-04124,Website form,Finance,1-10,VP/C-level,2,3,3.8,0,0,1.1,1
LEAD-04125,Webinar,Healthcare,1-10,IC,3,3,3.7,0,0,1.3,0
LEAD-04126,Content download,Retail,11-50,VP/C-level,1,6,4.4,1,0,1.8,0
LEAD-04127,Paid ad,SaaS,201-1000,IC,5,3,1.1,0,0,2.2,1
LEAD-04128,Website form,Healthcare,201-1000,Manager,2,3,0.4,1,0,2.5,0
LEAD-04129,Website form,Finance,11-50,Manager,3,3,0.2,0,0,2.1,0
LEAD-04130,Cold outbound,Healthcare,1-10,IC,4,6,2.7,0,0,0.6,0
LEAD-04131,Content download,Manufacturing,11-50,Director,5,4,0.2,0,0,9.6,0
LEAD-04132,Referral,Manufacturing,1-10,Manager,2,5,3.0,0,0,2.2,0
LEAD-04133,Website form,Manufacturing,51-200,Manager,1,4,4.2,1,0,0.3,0
LEAD-04134,Referral,Manufacturing,1-10,Manager,5,5,2.4,0,0,6.0,0
LEAD-04135,Website form,Finance,11-50,IC,2,2,1.5,1,1,0.2,0
LEAD-04136,Website form,Finance,1-10,Director,2,5,2.9,0,0,3.6,0
LEAD-04137,Website form,Finance,11-50,Director,3,4,3.4,0,0,9.8,0
LEAD-04138,Referral,Education,1-10,Manager,7,4,2.6,0,0,2.9,1
LEAD-04139,Content download,Healthcare,1-10,Manager,8,5,0.4,0,0,1.4,1
LEAD-04140,Content download,Healthcare,1-10,VP/C-level,4,4,1.4,0,0,5.0,0
LEAD-04141,Website form,Education,11-50,Manager,3,3,1.4,1,0,1.6,0
LEAD-04142,Referral,Manufacturing,51-200,IC,1,3,1.6,0,0,9.1,0
LEAD-04143,Website form,Healthcare,11-50,IC,3,9,1.8,0,0,3.7,0
LEAD-04144,Webinar,SaaS,201-1000,IC,1,3,1.3,0,0,7.1,0
LEAD-04145,Referral,Retail,11-50,IC,1,3,2.8,0,0,0.4,0
LEAD-04146,Content download,Finance,201-1000,IC,0,5,0.9,0,0,5.9,1
LEAD-04147,Website form,Healthcare,1-10,Manager,1,2,3.4,0,0,2.0,0
LEAD-04148,Paid ad,Retail,1000+,IC,1,3,1.2,1,0,0.1,0
LEAD-04149,Paid ad,SaaS,11-50,IC,5,4,1.1,0,0,6.1,0
LEAD-04150,Website form,SaaS,1-10,Manager,0,2,3.1,0,0,0.6,0
LEAD-04151,Cold outbound,Manufacturing,11-50,Manager,2,6,1.8,0,1,0.2,0
LEAD-04152,Website form,Manufacturing,11-50,IC,4,3,4.6,0,0,3.4,0
LEAD-04153,Content download,Manufacturing,51-200,Manager,4,2,2.6,0,1,0.3,0
LEAD-04154,Website form,Manufacturing,201-1000,IC,1,5,1.2,0,0,2.1,0
LEAD-04155,Content download,Education,11-50,Manager,5,5,0.6,0,0,2.4,0
LEAD-04156,Website form,SaaS,11-50,IC,7,4,2.4,1,0,4.9,0
LEAD-04157,Website form,Healthcare,1-10,Manager,2,2,2.6,1,0,5.3,0
LEAD-04158,Cold outbound,Healthcare,1-10,Manager,1,2,3.0,0,0,3.3,0
LEAD-04159,Paid ad,Retail,11-50,Manager,3,4,0.6,0,0,1.3,0
LEAD-04160,Webinar,Education,201-1000,IC,3,2,2.0,0,0,15.9,0
LEAD-04161,Webinar,Manufacturing,1-10,Manager,4,2,0.6,0,0,0.2,0
LEAD-04162,Content download,Healthcare,11-50,Manager,1,2,1.1,0,0,0.0,0
LEAD-04163,Cold outbound,Healthcare,1-10,IC,6,4,3.3,0,0,0.3,0
LEAD-04164,Content download,Retail,51-200,Manager,2,2,5.6,0,0,2.4,0
LEAD-04165,Website form,SaaS,51-200,Director,2,3,3.1,0,0,0.2,0
LEAD-04166,Cold outbound,Retail,11-50,Manager,3,5,2.6,1,0,0.3,0
LEAD-04167,Cold outbound,Manufacturing,51-200,IC,4,5,0.1,0,0,2.0,0
LEAD-04168,Webinar,Manufacturing,201-1000,IC,4,2,2.8,0,0,6.8,0
LEAD-04169,Content download,Retail,1-10,Manager,1,7,2.8,0,0,0.3,1
LEAD-04170,Content download,Finance,51-200,Director,5,5,4.8,0,1,0.2,0
LEAD-04171,Website form,Education,11-50,Manager,1,4,1.1,0,0,4.9,0
LEAD-04172,Content download,Retail,1-10,Director,5,8,1.5,0,0,1.3,0
LEAD-04173,Webinar,Education,1-10,IC,2,1,2.2,0,0,2.2,0
LEAD-04174,Webinar,Finance,1-10,Director,1,1,1.2,1,0,2.6,0
LEAD-04175,Website form,Healthcare,51-200,Manager,5,1,5.4,0,0,1.6,0
LEAD-04176,Content download,Finance,51-200,IC,4,7,1.2,0,0,0.8,0
LEAD-04177,Webinar,Manufacturing,1-10,Director,2,2,0.8,0,0,1.0,1
LEAD-04178,Webinar,Healthcare,51-200,Director,0,2,6.2,0,0,2.2,0
LEAD-04179,Website form,Finance,1-10,IC,5,1,5.5,0,0,0.3,0
LEAD-04180,Referral,SaaS,11-50,Manager,3,3,1.3,0,0,4.7,0
LEAD-04181,Website form,Finance,1-10,Director,2,7,2.3,1,0,1.7,0
LEAD-04182,Webinar,Retail,11-50,Manager,4,8,2.5,0,0,14.2,0
LEAD-04183,Content download,Finance,1-10,VP/C-level,4,4,7.0,0,0,8.7,1
LEAD-04184,Content download,Education,1-10,Manager,1,3,2.6,0,0,5.3,0
LEAD-04185,Website form,Healthcare,1-10,Manager,4,5,1.7,0,0,1.0,0
LEAD-04186,Website form,Education,1000+,Director,3,1,0.7,0,0,3.3,0
LEAD-04187,Website form,Finance,201-1000,IC,0,5,1.7,0,1,4.9,0
LEAD-04188,Content download,Education,1-10,IC,3,4,2.3,0,0,0.8,0
LEAD-04189,Content download,Healthcare,11-50,IC,2,4,3.5,0,0,10.5,0
LEAD-04190,Website form,Healthcare,1-10,IC,2,5,1.8,0,0,1.9,0
LEAD-04191,Cold outbound,Education,11-50,Director,1,4,3.1,0,1,0.2,0
LEAD-04192,Website form,Healthcare,1-10,Manager,3,4,6.2,0,0,0.3,0
LEAD-04193,Website form,SaaS,51-200,IC,3,5,3.9,0,1,7.3,0
LEAD-04194,Content download,Retail,201-1000,Manager,5,3,5.2,0,1,1.7,1
LEAD-04195,Website form,Retail,1-10,Manager,3,13,1.0,1,0,2.8,1
LEAD-04196,Cold outbound,SaaS,51-200,Director,3,9,0.2,0,0,3.9,0
LEAD-04197,Content download,SaaS,201-1000,Manager,4,7,2.9,0,0,0.6,1
LEAD-04198,Website form,Manufacturing,201-1000,IC,1,2,3.2,0,0,16.5,0
LEAD-04199,Referral,SaaS,11-50,Manager,3,0,0.7,0,0,3.4,0
LEAD-04200,Webinar,SaaS,1-10,Manager,2,1,2.9,1,0,0.9,1
LEAD-04201,Webinar,Finance,1-10,Manager,2,8,2.0,0,0,4.7,0
LEAD-04202,Website form,Healthcare,201-1000,Manager,4,6,0.5,1,0,1.0,0
LEAD-04203,Cold outbound,Healthcare,51-200,IC,2,3,1.7,1,0,4.6,0
LEAD-04204,Content download,Retail,201-1000,IC,3,4,2.1,0,0,2.4,0
LEAD-04205,Webinar,Healthcare,201-1000,Director,2,2,2.5,1,1,3.0,0
LEAD-04206,Webinar,Healthcare,1-10,IC,3,3,3.4,1,0,6.7,0
LEAD-04207,Website form,Manufacturing,201-1000,IC,3,0,1.3,1,0,2.8,0
LEAD-04208,Content download,Manufacturing,201-1000,Manager,2,3,2.0,0,0,9.1,0
LEAD-04209,Website form,Retail,11-50,Manager,3,3,3.1,0,0,0.1,1
LEAD-04210,Paid ad,Finance,1-10,VP/C-level,5,5,2.1,0,0,5.1,0
LEAD-04211,Cold outbound,Finance,201-1000,Manager,3,7,3.9,0,0,0.5,0
LEAD-04212,Paid ad,Retail,1000+,Director,6,4,1.4,0,0,0.0,0
LEAD-04213,Webinar,SaaS,51-200,Manager,3,4,2.6,0,0,3.8,0
LEAD-04214,Referral,Retail,1-10,Director,4,4,2.0,0,0,0.3,0
LEAD-04215,Website form,SaaS,51-200,Director,2,2,5.1,0,0,5.9,0
LEAD-04216,Webinar,Finance,201-1000,Manager,2,2,0.6,0,1,0.7,1
LEAD-04217,Cold outbound,SaaS,11-50,IC,4,2,3.1,0,0,1.4,0
LEAD-04218,Referral,Healthcare,1-10,Director,1,4,1.6,0,0,0.4,0
LEAD-04219,Content download,Retail,51-200,IC,2,2,2.0,0,0,9.1,0
LEAD-04220,Referral,Healthcare,11-50,IC,2,2,2.5,0,0,1.4,0
LEAD-04221,Paid ad,Education,201-1000,Manager,2,3,1.3,0,1,0.2,0
LEAD-04222,Website form,Manufacturing,1000+,Manager,4,4,1.2,1,0,7.0,0
LEAD-04223,Website form,Education,1-10,Manager,3,3,0.2,1,0,2.3,0
LEAD-04224,Paid ad,SaaS,51-200,Manager,2,3,2.3,0,0,7.8,0
LEAD-04225,Website form,Education,1-10,IC,3,1,2.5,0,1,1.3,0
LEAD-04226,Website form,Manufacturing,11-50,IC,1,2,0.6,0,1,0.6,0
LEAD-04227,Referral,Healthcare,51-200,Director,7,5,3.9,0,0,6.8,1
LEAD-04228,Cold outbound,Retail,1-10,Manager,1,3,4.1,0,0,2.0,0
LEAD-04229,Cold outbound,Finance,11-50,IC,8,4,1.7,0,0,5.5,0
LEAD-04230,Website form,Manufacturing,51-200,Manager,3,2,5.0,0,0,1.9,0
LEAD-04231,Referral,Manufacturing,11-50,Manager,6,3,2.5,0,1,0.1,0
LEAD-04232,Content download,Education,51-200,Manager,1,5,0.2,0,0,0.7,1
LEAD-04233,Paid ad,Retail,11-50,Manager,2,5,6.7,0,0,0.0,1
LEAD-04234,Cold outbound,Healthcare,51-200,IC,4,5,3.9,0,0,1.1,0
LEAD-04235,Cold outbound,Retail,201-1000,IC,1,2,1.4,1,0,3.0,0
LEAD-04236,Website form,Retail,1-10,VP/C-level,1,8,1.0,0,1,8.3,1
LEAD-04237,Paid ad,Finance,201-1000,Director,2,1,2.3,0,0,2.7,0
LEAD-04238,Website form,Education,1-10,Manager,4,6,1.1,1,1,1.8,0
LEAD-04239,Paid ad,Finance,51-200,VP/C-level,3,3,0.5,0,0,1.5,0
LEAD-04240,Webinar,Finance,11-50,IC,3,5,5.7,0,0,7.5,0
LEAD-04241,Content download,Retail,11-50,IC,4,4,1.0,1,0,0.8,0
LEAD-04242,Webinar,Retail,201-1000,IC,5,4,0.6,0,0,4.5,0
LEAD-04243,Website form,Healthcare,1-10,IC,5,3,3.2,0,0,2.1,1
LEAD-04244,Content download,SaaS,201-1000,Director,4,8,0.8,1,0,2.5,1
LEAD-04245,Webinar,Retail,11-50,IC,3,4,0.2,0,0,0.2,0
LEAD-04246,Cold outbound,Manufacturing,51-200,IC,2,5,2.5,0,0,10.3,0
LEAD-04247,Cold outbound,Healthcare,51-200,Manager,2,7,2.4,1,0,2.7,1
LEAD-04248,Website form,Healthcare,11-50,IC,2,4,0.7,0,1,1.4,1
LEAD-04249,Website form,Education,11-50,IC,4,5,1.7,0,0,1.8,0
LEAD-04250,Cold outbound,Healthcare,201-1000,IC,1,4,2.6,0,0,4.7,0
LEAD-04251,Website form,Finance,51-200,Manager,2,6,1.7,1,0,2.4,1
LEAD-04252,Website form,Healthcare,51-200,Manager,3,7,3.5,0,1,4.1,1
LEAD-04253,Webinar,Finance,1000+,Manager,2,6,4.1,1,0,0.0,0
LEAD-04254,Website form,Finance,201-1000,Manager,4,5,5.4,0,0,4.9,0
LEAD-04255,Referral,Manufacturing,1-10,IC,3,3,1.5,0,0,1.8,0
LEAD-04256,Website form,Education,11-50,Manager,4,5,0.7,0,0,0.1,0
LEAD-04257,Webinar,Healthcare,1000+,IC,3,4,2.1,0,0,0.3,0
LEAD-04258,Webinar,Healthcare,51-200,Manager,5,2,0.7,0,0,1.9,0
LEAD-04259,Content download,Finance,11-50,Manager,1,5,3.2,1,1,6.2,0
LEAD-04260,Website form,Healthcare,51-200,VP/C-level,5,3,1.4,0,1,4.7,1
LEAD-04261,Cold outbound,Healthcare,11-50,IC,2,7,2.7,0,0,1.8,0
LEAD-04262,Content download,Healthcare,1000+,Manager,5,3,2.6,0,0,4.6,0
LEAD-04263,Content download,Finance,51-200,Director,5,5,1.1,0,0,8.2,0
LEAD-04264,Cold outbound,Education,11-50,Manager,4,0,2.2,0,1,0.7,0
LEAD-04265,Website form,Finance,1-10,VP/C-level,4,5,1.4,0,0,0.5,0
LEAD-04266,Cold outbound,SaaS,11-50,IC,2,2,3.4,0,0,3.7,0
LEAD-04267,Cold outbound,Manufacturing,51-200,IC,5,5,0.6,0,0,1.2,0
LEAD-04268,Webinar,Healthcare,51-200,Manager,5,4,0.9,0,0,0.3,0
LEAD-04269,Website form,Manufacturing,51-200,Manager,3,1,0.2,0,1,0.5,0
LEAD-04270,Webinar,Finance,201-1000,Manager,0,4,0.9,0,0,1.7,0
LEAD-04271,Content download,Retail,1-10,IC,4,8,0.2,1,1,0.6,0
LEAD-04272,Content download,Retail,1-10,IC,1,2,0.4,0,0,5.1,0
LEAD-04273,Referral,Finance,1-10,Director,2,8,1.2,0,0,7.8,0
LEAD-04274,Content download,Healthcare,11-50,Director,6,6,6.6,0,0,1.1,1
LEAD-04275,Cold outbound,Healthcare,201-1000,VP/C-level,4,3,0.8,0,0,15.2,0
LEAD-04276,Website form,Education,11-50,Manager,4,3,0.5,0,0,2.8,0
LEAD-04277,Referral,Manufacturing,1-10,Manager,3,5,1.2,0,0,2.6,0
LEAD-04278,Referral,Healthcare,201-1000,Manager,5,2,4.9,0,0,1.1,0
LEAD-04279,Paid ad,Manufacturing,11-50,VP/C-level,1,10,0.2,0,0,1.8,0
LEAD-04280,Website form,Healthcare,51-200,Manager,4,2,2.1,1,0,2.8,0
LEAD-04281,Cold outbound,Manufacturing,201-1000,Director,0,3,0.6,0,0,4.0,0
LEAD-04282,Referral,Manufacturing,11-50,Director,6,3,1.3,0,1,1.3,1
LEAD-04283,Webinar,Retail,11-50,Director,4,6,3.4,1,0,1.7,1
LEAD-04284,Content download,Finance,51-200,Manager,2,2,2.1,0,1,8.1,1
LEAD-04285,Referral,Retail,11-50,IC,5,7,1.3,0,0,2.4,1
LEAD-04286,Referral,Healthcare,1-10,VP/C-level,3,6,5.6,0,0,10.6,0
LEAD-04287,Website form,SaaS,1-10,Manager,4,3,1.3,0,0,0.9,0
LEAD-04288,Cold outbound,Finance,1-10,VP/C-level,2,3,2.5,0,0,0.6,0
LEAD-04289,Webinar,Finance,1-10,IC,2,1,2.4,0,0,6.9,0
LEAD-04290,Website form,Manufacturing,51-200,IC,1,4,1.6,0,0,0.9,0
LEAD-04291,Website form,Manufacturing,1-10,Manager,3,3,5.4,0,0,5.0,0
LEAD-04292,Cold outbound,Finance,1-10,Director,4,6,2.1,0,0,0.9,1
LEAD-04293,Website form,SaaS,1-10,IC,1,4,0.7,0,0,0.2,0
LEAD-04294,Paid ad,Finance,1-10,Manager,1,1,6.2,1,0,2.6,1
LEAD-04295,Referral,SaaS,11-50,Manager,3,3,0.5,1,0,7.1,1
LEAD-04296,Content download,Healthcare,11-50,Director,2,3,4.7,1,1,6.0,0
LEAD-04297,Content download,SaaS,201-1000,IC,2,1,3.4,0,0,9.0,0
LEAD-04298,Cold outbound,Education,51-200,Manager,3,8,1.0,0,0,6.2,0
LEAD-04299,Website form,Finance,51-200,VP/C-level,2,3,0.6,0,0,2.4,0
LEAD-04300,Referral,Retail,11-50,VP/C-level,3,4,5.4,0,0,2.1,1
LEAD-04301,Referral,Retail,51-200,Director,3,3,2.0,0,0,0.8,0
LEAD-04302,Website form,Finance,1000+,IC,4,5,0.9,0,0,3.7,0
LEAD-04303,Cold outbound,SaaS,201-1000,IC,5,2,0.8,0,0,6.1,0
LEAD-04304,Referral,Education,201-1000,Manager,2,5,3.0,1,0,7.1,0
LEAD-04305,Cold outbound,Healthcare,11-50,IC,4,4,2.5,0,0,3.6,0
LEAD-04306,Website form,Manufacturing,1000+,Director,4,3,2.6,1,0,0.8,0
LEAD-04307,Content download,Education,1-10,Director,4,4,2.1,0,0,2.8,0
LEAD-04308,Website form,Finance,1-10,Manager,4,4,1.7,0,0,5.6,0
LEAD-04309,Website form,Finance,11-50,Manager,2,2,0.5,0,0,1.3,0
LEAD-04310,Referral,Finance,51-200,IC,0,4,2.1,0,0,1.7,0
LEAD-04311,Cold outbound,Finance,11-50,IC,1,3,3.3,0,0,2.6,0
LEAD-04312,Website form,SaaS,201-1000,Director,2,6,1.3,0,0,3.6,0
LEAD-04313,Paid ad,Finance,11-50,IC,4,5,3.1,0,0,3.1,0
LEAD-04314,Webinar,Finance,51-200,Manager,2,4,3.5,0,0,2.0,0
LEAD-04315,Webinar,SaaS,201-1000,IC,6,4,0.7,0,0,0.7,0
LEAD-04316,Cold outbound,Finance,11-50,Manager,5,5,0.7,0,0,2.8,0
LEAD-04317,Website form,SaaS,11-50,Director,3,6,2.5,0,0,0.6,0
LEAD-04318,Cold outbound,Finance,11-50,Manager,3,5,1.7,0,0,2.2,1
LEAD-04319,Referral,Finance,11-50,VP/C-level,3,5,1.3,1,0,4.4,1
LEAD-04320,Cold outbound,Manufacturing,201-1000,Manager,1,7,2.3,0,0,2.0,0
LEAD-04321,Webinar,Healthcare,51-200,Manager,3,4,2.3,0,0,4.2,0
LEAD-04322,Cold outbound,Education,201-1000,Director,5,3,4.3,0,1,0.5,0
LEAD-04323,Webinar,Manufacturing,11-50,Director,2,3,1.0,1,0,3.6,0
LEAD-04324,Webinar,Finance,201-1000,IC,6,7,3.8,0,1,0.5,1
LEAD-04325,Cold outbound,Manufacturing,51-200,Manager,2,3,2.7,0,0,0.2,0
LEAD-04326,Cold outbound,Education,51-200,IC,3,5,1.2,0,1,0.9,0
LEAD-04327,Website form,Manufacturing,1-10,IC,5,7,1.8,0,0,11.1,0
LEAD-04328,Referral,Retail,1-10,IC,1,4,1.2,1,0,2.3,0
LEAD-04329,Website form,Healthcare,1-10,Manager,3,4,3.4,0,0,1.1,0
LEAD-04330,Paid ad,SaaS,51-200,IC,4,11,2.4,0,0,0.0,0
LEAD-04331,Cold outbound,Education,201-1000,IC,5,3,3.0,0,0,1.8,0
LEAD-04332,Website form,Healthcare,1-10,IC,2,4,3.3,0,0,0.5,0
LEAD-04333,Website form,Retail,1000+,IC,3,4,0.6,0,0,0.6,0
LEAD-04334,Cold outbound,Healthcare,1-10,Director,6,4,7.3,0,1,2.3,1
LEAD-04335,Webinar,SaaS,51-200,IC,2,4,2.8,1,0,1.8,1
LEAD-04336,Referral,Healthcare,1-10,VP/C-level,2,4,1.8,0,0,0.8,1
LEAD-04337,Website form,Healthcare,201-1000,IC,3,5,1.8,1,0,3.4,1
LEAD-04338,Website form,Finance,1-10,IC,4,3,2.5,0,0,0.9,0
LEAD-04339,Website form,Manufacturing,1-10,IC,4,2,3.7,0,0,6.8,0
LEAD-04340,Referral,SaaS,11-50,Director,5,7,3.9,0,0,11.2,0
LEAD-04341,Webinar,Retail,11-50,IC,5,3,5.5,0,0,1.2,0
LEAD-04342,Content download,Education,1-10,Manager,4,5,2.3,1,0,0.1,1
LEAD-04343,Website form,Healthcare,11-50,Manager,2,8,0.9,0,0,10.3,0
LEAD-04344,Referral,Healthcare,51-200,Director,3,3,4.8,0,0,1.3,0
LEAD-04345,Content download,Education,51-200,IC,6,2,1.4,0,0,4.5,0
LEAD-04346,Paid ad,Healthcare,51-200,Manager,3,5,1.6,0,0,9.8,0
LEAD-04347,Website form,Manufacturing,11-50,Director,7,3,2.5,0,0,0.6,0
LEAD-04348,Website form,Manufacturing,1000+,IC,1,2,1.4,0,0,3.4,0
LEAD-04349,Cold outbound,Retail,51-200,VP/C-level,1,6,0.9,0,1,4.9,0
LEAD-04350,Webinar,Education,11-50,Director,3,2,0.9,0,0,0.3,0
LEAD-04351,Cold outbound,Education,11-50,IC,4,7,7.3,0,0,5.1,1
LEAD-04352,Content download,Education,1-10,Manager,1,3,3.1,0,1,4.2,0
LEAD-04353,Cold outbound,Healthcare,201-1000,IC,2,7,0.7,1,0,1.6,0
LEAD-04354,Website form,SaaS,11-50,IC,4,5,1.6,0,0,1.9,0
LEAD-04355,Content download,Healthcare,51-200,Manager,2,2,7.3,0,1,1.6,1
LEAD-04356,Cold outbound,Retail,1-10,IC,4,5,5.2,1,0,2.7,0
LEAD-04357,Website form,SaaS,1-10,Director,6,4,1.0,0,0,2.7,0
LEAD-04358,Content download,Finance,11-50,Manager,1,4,1.3,0,0,0.9,0
LEAD-04359,Website form,Manufacturing,51-200,Manager,5,6,10.0,0,0,3.4,0
LEAD-04360,Website form,SaaS,11-50,Manager,7,6,1.2,1,0,5.5,0
LEAD-04361,Cold outbound,Finance,1-10,Director,1,5,3.4,0,0,6.1,0
LEAD-04362,Cold outbound,Manufacturing,1-10,IC,1,3,0.9,0,0,0.7,0
LEAD-04363,Referral,SaaS,201-1000,IC,5,8,2.7,0,0,0.4,1
LEAD-04364,Website form,Education,11-50,Manager,2,4,4.5,1,0,1.5,0
LEAD-04365,Website form,Manufacturing,201-1000,Manager,1,1,3.6,1,0,0.2,0
LEAD-04366,Content download,Finance,201-1000,VP/C-level,4,5,1.5,0,0,0.4,0
LEAD-04367,Website form,Finance,11-50,IC,7,4,0.4,0,0,4.5,0
LEAD-04368,Content download,SaaS,201-1000,IC,2,0,1.4,1,0,12.2,0
LEAD-04369,Paid ad,Education,201-1000,Manager,4,5,3.0,0,0,11.5,0
LEAD-04370,Cold outbound,Education,201-1000,IC,4,3,3.3,1,1,2.2,1
LEAD-04371,Webinar,Manufacturing,1-10,Manager,7,5,1.3,0,1,0.7,0
LEAD-04372,Paid ad,Education,1-10,Manager,3,3,1.6,0,0,2.0,0
LEAD-04373,Webinar,Retail,11-50,Manager,2,2,1.6,1,0,0.5,1
LEAD-04374,Paid ad,Retail,1-10,Director,2,8,0.5,0,0,0.1,0
LEAD-04375,Website form,Healthcare,51-200,VP/C-level,1,5,3.4,0,0,3.8,0
LEAD-04376,Content download,SaaS,51-200,IC,6,4,0.9,0,1,4.8,0
LEAD-04377,Referral,Healthcare,201-1000,Director,0,1,1.8,0,0,3.3,0
LEAD-04378,Website form,Manufacturing,51-200,IC,0,5,3.7,1,1,4.3,0
LEAD-04379,Website form,Finance,1-10,VP/C-level,3,1,0.2,1,0,0.8,0
LEAD-04380,Cold outbound,Education,11-50,Manager,3,2,1.7,1,1,6.3,1
LEAD-04381,Content download,Manufacturing,1-10,Manager,1,3,3.2,0,0,0.7,0
LEAD-04382,Website form,Finance,11-50,Manager,1,5,6.3,0,0,4.5,0
LEAD-04383,Cold outbound,Finance,11-50,Director,5,6,1.3,0,0,0.8,0
LEAD-04384,Cold outbound,Healthcare,201-1000,IC,3,6,8.0,0,0,1.1,0
LEAD-04385,Webinar,Education,1-10,IC,3,5,0.1,0,0,1.4,0
LEAD-04386,Cold outbound,Manufacturing,51-200,VP/C-level,3,6,4.1,0,0,1.6,1
LEAD-04387,Website form,Finance,51-200,IC,3,5,2.4,0,1,3.4,1
LEAD-04388,Website form,Manufacturing,11-50,Manager,2,6,2.6,1,0,0.3,0
LEAD-04389,Website form,Finance,1-10,IC,6,6,2.2,0,1,1.8,0
LEAD-04390,Cold outbound,Healthcare,1-10,Manager,4,5,1.5,0,1,3.3,0
LEAD-04391,Webinar,Healthcare,11-50,Manager,2,1,2.7,0,0,0.5,0
LEAD-04392,Paid ad,SaaS,11-50,Director,4,4,0.2,1,0,1.2,1
LEAD-04393,Cold outbound,Healthcare,1-10,Director,1,4,1.2,0,0,0.1,0
LEAD-04394,Website form,Finance,1-10,Manager,3,2,1.6,1,0,3.3,0
LEAD-04395,Website form,Finance,1-10,IC,2,6,0.8,1,0,10.4,0
LEAD-04396,Website form,Education,11-50,Manager,7,2,0.8,0,0,4.6,0
LEAD-04397,Website form,SaaS,1-10,Director,4,3,0.5,0,0,1.2,0
LEAD-04398,Webinar,Manufacturing,11-50,IC,2,3,2.6,1,0,3.3,0
LEAD-04399,Website form,Healthcare,11-50,Director,3,6,1.6,0,0,0.1,0
LEAD-04400,Content download,Retail,1-10,IC,2,3,5.5,0,0,1.4,0
LEAD-04401,Content download,Manufacturing,11-50,Director,3,3,0.5,0,0,0.0,0
LEAD-04402,Content download,Retail,11-50,Director,2,5,1.5,0,0,3.8,0
LEAD-04403,Cold outbound,Retail,11-50,Manager,0,6,3.4,0,0,0.5,1
LEAD-04404,Paid ad,Manufacturing,51-200,IC,4,4,2.0,1,0,2.5,0
LEAD-04405,Webinar,Manufacturing,11-50,Director,2,5,1.4,0,0,5.0,1
LEAD-04406,Cold outbound,Retail,11-50,IC,6,2,0.8,0,0,8.5,1
LEAD-04407,Referral,Finance,11-50,Director,2,5,2.8,0,0,2.3,0
LEAD-04408,Paid ad,Education,1000+,IC,2,2,0.4,0,0,8.3,0
LEAD-04409,Cold outbound,Manufacturing,51-200,Manager,4,5,0.7,0,0,1.9,0
LEAD-04410,Website form,SaaS,1-10,Manager,3,9,0.8,0,0,0.1,1
LEAD-04411,Paid ad,SaaS,1-10,IC,5,3,0.3,1,0,9.1,0
LEAD-04412,Cold outbound,SaaS,1-10,IC,2,2,3.9,0,0,3.8,0
LEAD-04413,Paid ad,SaaS,201-1000,Director,3,5,1.3,0,0,1.1,0
LEAD-04414,Referral,Finance,11-50,Manager,1,3,2.0,1,0,18.1,1
LEAD-04415,Cold outbound,Education,11-50,VP/C-level,5,2,2.9,1,0,0.4,0
LEAD-04416,Cold outbound,Education,11-50,Manager,1,3,0.8,0,0,1.0,0
LEAD-04417,Cold outbound,SaaS,1-10,Manager,1,6,2.6,0,0,2.6,0
LEAD-04418,Content download,Education,11-50,Manager,8,1,0.9,0,0,2.1,1
LEAD-04419,Website form,Finance,1-10,Director,2,2,0.4,0,0,1.0,0
LEAD-04420,Referral,Finance,1-10,Director,1,4,3.7,0,0,1.6,0
LEAD-04421,Content download,SaaS,1-10,IC,3,2,1.4,0,0,3.0,0
LEAD-04422,Referral,Education,1-10,IC,3,2,5.0,0,1,0.5,0
LEAD-04423,Cold outbound,SaaS,11-50,IC,1,6,0.6,1,0,2.2,0
LEAD-04424,Website form,Healthcare,11-50,IC,0,6,1.9,0,0,2.6,0
LEAD-04425,Referral,SaaS,1-10,Manager,1,5,0.7,0,0,2.0,0
LEAD-04426,Cold outbound,Retail,11-50,Director,5,7,1.4,0,1,7.5,0
LEAD-04427,Cold outbound,SaaS,1-10,Manager,2,2,1.6,0,0,1.4,0
LEAD-04428,Paid ad,Retail,201-1000,Manager,6,5,1.3,0,0,0.7,0
LEAD-04429,Content download,SaaS,1-10,Director,5,6,1.4,0,0,3.5,1
LEAD-04430,Content download,Education,1-10,IC,2,4,1.2,1,0,11.8,0
LEAD-04431,Cold outbound,Education,1-10,Manager,3,5,4.2,0,0,5.0,0
LEAD-04432,Cold outbound,SaaS,11-50,IC,3,3,3.0,0,0,1.1,0
LEAD-04433,Paid ad,SaaS,201-1000,Manager,1,4,2.1,0,0,2.3,0
LEAD-04434,Website form,Manufacturing,1-10,Manager,3,5,1.9,0,0,1.2,0
LEAD-04435,Content download,Manufacturing,201-1000,Director,4,4,1.3,0,0,0.4,1
LEAD-04436,Webinar,Retail,201-1000,Director,3,8,1.4,0,0,0.4,0
LEAD-04437,Referral,Finance,51-200,IC,1,6,6.3,1,1,0.6,0
LEAD-04438,Website form,SaaS,51-200,Director,5,3,2.3,0,0,4.2,0
LEAD-04439,Referral,Healthcare,1-10,IC,2,1,1.6,0,0,2.6,1
LEAD-04440,Website form,SaaS,1000+,IC,5,3,5.3,1,1,0.0,1
LEAD-04441,Cold outbound,Retail,11-50,Manager,3,4,2.6,0,1,0.8,0
LEAD-04442,Referral,SaaS,1000+,Manager,1,3,8.5,0,0,0.3,0
LEAD-04443,Website form,SaaS,1-10,IC,5,3,0.6,0,0,0.5,0
LEAD-04444,Cold outbound,Retail,1000+,Director,2,6,4.5,1,1,4.3,0
LEAD-04445,Cold outbound,Finance,1-10,Director,0,5,1.3,0,1,5.6,0
LEAD-04446,Cold outbound,Education,11-50,IC,5,8,0.6,0,0,4.5,0
LEAD-04447,Referral,SaaS,51-200,Manager,6,4,4.2,0,0,5.4,0
LEAD-04448,Referral,SaaS,11-50,IC,5,7,1.0,0,0,2.6,0
LEAD-04449,Website form,Manufacturing,1-10,IC,1,1,2.9,0,0,2.1,0
LEAD-04450,Cold outbound,Manufacturing,201-1000,Manager,3,5,1.5,0,1,10.1,0
LEAD-04451,Cold outbound,Healthcare,201-1000,Director,0,2,2.4,1,0,0.9,0
LEAD-04452,Paid ad,Finance,1-10,Manager,3,3,1.9,0,0,0.7,0
LEAD-04453,Website form,Healthcare,1000+,Director,0,4,0.9,0,0,1.7,0
LEAD-04454,Cold outbound,Education,1-10,Manager,4,6,2.9,0,0,2.0,0
LEAD-04455,Cold outbound,Education,1-10,Director,4,5,0.7,0,0,3.3,0
LEAD-04456,Content download,Retail,11-50,Director,4,5,2.2,0,0,0.9,1
LEAD-04457,Paid ad,Finance,201-1000,IC,6,4,3.1,0,0,0.2,0
LEAD-04458,Referral,Finance,1-10,Manager,0,3,6.7,0,0,1.6,0
LEAD-04459,Website form,Healthcare,51-200,IC,1,3,4.3,0,1,0.3,0
LEAD-04460,Content download,Education,11-50,Manager,4,4,0.5,0,0,1.8,0
LEAD-04461,Paid ad,SaaS,51-200,VP/C-level,4,2,1.4,1,0,14.4,0
LEAD-04462,Cold outbound,Finance,11-50,IC,0,4,0.9,0,1,0.7,0
LEAD-04463,Content download,Education,201-1000,Manager,1,7,1.4,0,0,2.4,0
LEAD-04464,Cold outbound,Healthcare,11-50,Manager,3,6,4.4,1,0,3.8,0
LEAD-04465,Website form,Education,11-50,Manager,2,3,0.1,0,1,2.5,1
LEAD-04466,Website form,Finance,11-50,IC,3,2,1.9,1,0,5.2,0
LEAD-04467,Cold outbound,Finance,51-200,IC,4,5,1.5,0,0,1.5,0
LEAD-04468,Content download,Education,11-50,Manager,1,5,1.8,0,0,6.3,0
LEAD-04469,Cold outbound,Healthcare,1-10,IC,1,6,6.5,0,0,3.7,0
LEAD-04470,Referral,Healthcare,201-1000,VP/C-level,3,2,1.2,0,0,13.5,0
LEAD-04471,Paid ad,Finance,11-50,Manager,3,4,1.1,1,0,2.5,0
LEAD-04472,Cold outbound,Manufacturing,1-10,Manager,4,5,0.6,0,0,3.9,0
LEAD-04473,Paid ad,Retail,11-50,VP/C-level,1,3,1.4,0,0,0.6,1
LEAD-04474,Webinar,Retail,11-50,Manager,4,3,8.6,0,0,0.1,1
LEAD-04475,Content download,Healthcare,11-50,Manager,2,7,0.8,0,0,1.9,0
LEAD-04476,Cold outbound,Retail,11-50,IC,1,5,1.5,0,0,0.9,0
LEAD-04477,Cold outbound,Retail,11-50,Manager,3,3,1.0,1,0,8.6,0
LEAD-04478,Content download,Education,11-50,IC,1,6,3.0,0,1,0.3,0
LEAD-04479,Cold outbound,SaaS,51-200,IC,3,4,2.5,1,0,2.9,1
LEAD-04480,Referral,Education,1-10,Manager,3,5,4.6,0,0,1.9,0
LEAD-04481,Cold outbound,Manufacturing,51-200,IC,3,5,0.1,0,0,3.0,0
LEAD-04482,Content download,Education,201-1000,IC,6,2,0.7,0,1,7.8,1
LEAD-04483,Website form,Healthcare,1000+,Manager,3,2,0.8,0,0,1.5,0
LEAD-04484,Webinar,Education,11-50,Director,6,2,1.3,0,0,0.6,0
LEAD-04485,Content download,Education,11-50,IC,3,2,0.3,0,0,0.9,0
LEAD-04486,Referral,Retail,11-50,VP/C-level,1,2,5.3,0,0,1.7,1
LEAD-04487,Website form,Finance,1-10,IC,3,5,2.4,0,0,0.3,0
LEAD-04488,Webinar,Retail,11-50,VP/C-level,2,5,7.1,1,0,3.8,0
LEAD-04489,Cold outbound,Retail,51-200,Director,4,5,1.2,1,0,0.6,0
LEAD-04490,Cold outbound,SaaS,1-10,Manager,4,8,2.2,1,0,1.4,0
LEAD-04491,Website form,Education,51-200,Manager,4,2,0.6,0,0,6.0,0
LEAD-04492,Website form,Healthcare,1000+,Manager,4,4,5.9,1,0,5.0,1
LEAD-04493,Website form,Finance,11-50,IC,1,7,2.5,1,0,6.9,1
LEAD-04494,Referral,Manufacturing,11-50,Manager,3,7,2.5,0,1,0.3,0
LEAD-04495,Content download,Manufacturing,11-50,Director,1,4,2.0,0,0,0.1,1
LEAD-04496,Website form,Education,201-1000,VP/C-level,1,3,1.7,0,0,6.3,1
LEAD-04497,Cold outbound,Finance,11-50,Manager,4,3,1.0,0,0,4.2,0
LEAD-04498,Cold outbound,Healthcare,1-10,IC,2,1,4.1,0,0,2.0,0
LEAD-04499,Cold outbound,Education,11-50,IC,2,7,1.9,0,0,3.4,0
LEAD-04500,Website form,SaaS,51-200,IC,6,3,4.4,0,1,0.7,0
LEAD-04501,Webinar,SaaS,1-10,VP/C-level,3,6,4.0,0,0,1.7,0
LEAD-04502,Paid ad,Education,201-1000,VP/C-level,3,1,1.5,0,0,0.6,0
LEAD-04503,Content download,Manufacturing,51-200,Manager,4,3,2.4,0,1,6.7,0
LEAD-04504,Paid ad,SaaS,1-10,VP/C-level,6,4,0.2,0,0,10.0,0
LEAD-04505,Website form,Retail,11-50,Manager,3,2,0.8,1,1,1.0,1
LEAD-04506,Content download,Education,201-1000,Manager,1,3,0.6,0,0,4.0,0
LEAD-04507,Referral,Manufacturing,51-200,Manager,2,3,4.1,0,0,2.2,1
LEAD-04508,Website form,Finance,1-10,IC,1,1,1.3,0,0,0.7,0
LEAD-04509,Referral,Education,1-10,Director,5,2,3.2,0,0,4.7,0
LEAD-04510,Cold outbound,SaaS,51-200,Director,2,3,4.0,0,0,4.1,1
LEAD-04511,Webinar,Retail,1000+,Manager,5,5,0.7,0,0,0.3,1
LEAD-04512,Webinar,Finance,11-50,IC,1,3,1.9,1,0,6.4,1
LEAD-04513,Paid ad,Education,51-200,IC,4,6,1.9,1,0,4.3,1
LEAD-04514,Referral,Education,11-50,IC,5,5,2.0,0,0,4.2,1
LEAD-04515,Cold outbound,SaaS,1-10,Manager,3,3,3.5,0,1,1.5,0
LEAD-04516,Content download,Finance,51-200,VP/C-level,5,8,0.6,0,0,0.3,1
LEAD-04517,Referral,Manufacturing,201-1000,Manager,1,4,2.7,0,1,5.6,0
LEAD-04518,Website form,Finance,11-50,IC,1,5,0.5,1,0,0.4,1
LEAD-04519,Website form,Finance,51-200,IC,4,3,1.9,0,0,2.7,0
LEAD-04520,Referral,Education,201-1000,IC,6,7,2.0,0,0,7.8,0
LEAD-04521,Paid ad,Finance,201-1000,Manager,3,5,3.3,0,0,1.2,0
LEAD-04522,Cold outbound,SaaS,11-50,IC,1,6,1.5,0,0,2.2,0
LEAD-04523,Webinar,SaaS,1-10,Director,5,3,2.6,0,0,6.2,0
LEAD-04524,Website form,SaaS,1-10,IC,2,5,0.7,0,0,2.5,0
LEAD-04525,Website form,SaaS,1-10,IC,2,2,2.3,0,0,2.2,0
LEAD-04526,Cold outbound,Education,201-1000,IC,4,2,1.7,0,0,7.0,0
LEAD-04527,Website form,Finance,201-1000,VP/C-level,4,5,1.0,1,0,2.9,0
LEAD-04528,Cold outbound,Education,11-50,Manager,0,2,1.2,0,0,14.0,0
LEAD-04529,Content download,Education,11-50,IC,7,5,3.6,0,0,3.0,1
LEAD-04530,Paid ad,Healthcare,51-200,IC,5,2,1.2,0,0,2.3,0
LEAD-04531,Website form,Education,51-200,Manager,4,3,2.8,0,0,4.4,0
LEAD-04532,Website form,Manufacturing,1-10,Director,3,3,5.7,1,1,2.0,0
LEAD-04533,Referral,Retail,51-200,IC,6,5,1.7,1,0,1.2,1
LEAD-04534,Webinar,Manufacturing,1-10,Manager,1,3,0.9,0,0,5.8,0
LEAD-04535,Paid ad,Retail,1000+,VP/C-level,5,8,4.1,0,0,0.1,0
LEAD-04536,Referral,Manufacturing,1-10,IC,4,5,0.7,0,0,0.4,0
LEAD-04537,Webinar,Healthcare,1-10,Director,4,5,0.9,0,1,2.1,1
LEAD-04538,Webinar,Healthcare,11-50,IC,7,2,2.4,0,0,0.6,0
LEAD-04539,Referral,Education,1-10,IC,3,4,2.4,0,0,0.8,0
LEAD-04540,Website form,Finance,1000+,IC,8,0,5.2,0,1,0.4,0
LEAD-04541,Content download,SaaS,11-50,Director,1,5,1.2,0,0,1.3,0
LEAD-04542,Website form,Healthcare,11-50,Director,3,6,3.2,0,0,8.5,0
LEAD-04543,Website form,SaaS,51-200,Director,5,4,1.2,0,0,0.3,0
LEAD-04544,Cold outbound,Manufacturing,201-1000,Manager,4,11,3.5,0,0,2.7,0
LEAD-04545,Referral,Education,1-10,VP/C-level,4,5,3.8,0,0,6.7,0
LEAD-04546,Website form,SaaS,1-10,VP/C-level,4,5,1.9,0,0,0.8,0
LEAD-04547,Website form,Retail,11-50,IC,1,8,2.7,0,0,11.7,0
LEAD-04548,Website form,Healthcare,51-200,Director,6,4,3.9,0,0,2.6,0
LEAD-04549,Referral,SaaS,201-1000,Director,2,3,0.3,1,0,6.4,1
LEAD-04550,Content download,Retail,51-200,Director,4,3,0.6,0,1,2.1,1
LEAD-04551,Website form,Finance,11-50,Manager,2,7,0.6,0,0,1.8,0
LEAD-04552,Paid ad,Education,1-10,Manager,2,7,1.4,1,0,4.2,0
LEAD-04553,Content download,Education,1-10,Manager,0,3,2.1,1,0,2.6,0
LEAD-04554,Content download,Healthcare,51-200,IC,2,4,5.3,0,1,2.5,0
LEAD-04555,Cold outbound,Retail,51-200,Manager,2,6,1.6,0,0,0.5,1
LEAD-04556,Cold outbound,Manufacturing,51-200,Manager,2,2,2.2,1,1,2.5,1
LEAD-04557,Referral,Healthcare,1-10,IC,1,5,2.6,0,0,5.5,0
LEAD-04558,Cold outbound,Education,201-1000,VP/C-level,3,2,1.4,0,0,0.5,0
LEAD-04559,Cold outbound,Education,11-50,Manager,1,2,1.3,0,0,1.4,0
LEAD-04560,Cold outbound,Education,1000+,IC,4,3,2.1,0,0,0.0,0
LEAD-04561,Cold outbound,Manufacturing,11-50,IC,2,5,1.4,1,0,3.0,0
LEAD-04562,Content download,Education,1-10,VP/C-level,3,7,2.1,0,0,3.2,0
LEAD-04563,Webinar,Manufacturing,1-10,Manager,2,3,2.7,0,0,2.8,0
LEAD-04564,Content download,Manufacturing,11-50,Director,2,3,5.1,0,1,2.6,1
LEAD-04565,Cold outbound,Healthcare,11-50,Director,4,2,3.7,0,0,4.3,0
LEAD-04566,Webinar,Manufacturing,51-200,Manager,1,1,3.7,0,0,0.1,0
LEAD-04567,Content download,Finance,11-50,Director,4,5,3.2,0,0,0.6,0
LEAD-04568,Website form,Healthcare,11-50,Manager,3,6,0.3,0,0,0.8,0
LEAD-04569,Website form,Healthcare,201-1000,Manager,4,3,2.3,1,0,6.4,1
LEAD-04570,Website form,Manufacturing,51-200,IC,2,2,2.3,0,0,0.6,1
LEAD-04571,Webinar,SaaS,201-1000,Manager,3,5,0.0,0,1,0.6,0
LEAD-04572,Website form,SaaS,1-10,Manager,1,4,5.4,0,1,4.1,0
LEAD-04573,Content download,Manufacturing,51-200,IC,1,5,1.9,0,0,5.7,0
LEAD-04574,Website form,SaaS,1-10,IC,0,2,3.6,0,0,3.4,0
LEAD-04575,Website form,Healthcare,11-50,Director,1,4,6.3,0,0,1.5,1
LEAD-04576,Content download,Retail,11-50,Manager,4,6,4.1,0,0,3.8,0
LEAD-04577,Webinar,Manufacturing,11-50,IC,3,6,1.9,1,0,4.2,1
LEAD-04578,Website form,Manufacturing,51-200,Director,5,5,0.7,0,1,2.0,1
LEAD-04579,Paid ad,Finance,11-50,Manager,1,2,1.8,1,0,3.1,0
LEAD-04580,Cold outbound,Retail,201-1000,IC,2,4,1.8,1,0,10.2,1
LEAD-04581,Referral,Healthcare,11-50,Manager,2,4,1.4,0,1,2.3,0
LEAD-04582,Webinar,Healthcare,11-50,Manager,3,4,2.0,1,0,11.9,1
LEAD-04583,Paid ad,Finance,51-200,IC,0,2,3.0,1,0,1.9,1
LEAD-04584,Website form,Education,1-10,IC,5,2,1.9,0,0,11.6,0
LEAD-04585,Website form,Healthcare,1-10,Director,10,5,2.1,1,0,1.4,0
LEAD-04586,Website form,Healthcare,1-10,Manager,7,7,2.6,0,0,1.3,0
LEAD-04587,Referral,Healthcare,11-50,IC,6,8,4.0,1,0,0.8,1
LEAD-04588,Website form,Finance,51-200,IC,1,6,1.7,1,0,3.2,0
LEAD-04589,Cold outbound,Manufacturing,11-50,IC,3,4,5.4,1,0,0.0,0
LEAD-04590,Webinar,Retail,1-10,IC,7,8,3.9,0,0,6.2,0
LEAD-04591,Cold outbound,SaaS,11-50,VP/C-level,3,3,3.7,1,0,0.3,0
LEAD-04592,Cold outbound,SaaS,51-200,Manager,4,1,0.8,1,1,4.3,0
LEAD-04593,Cold outbound,Education,201-1000,IC,2,1,0.8,0,0,1.7,0
LEAD-04594,Website form,Manufacturing,11-50,VP/C-level,8,0,0.8,0,1,9.3,0
LEAD-04595,Website form,Manufacturing,1-10,IC,4,2,0.1,0,0,3.0,0
LEAD-04596,Content download,Manufacturing,201-1000,IC,3,3,6.3,0,0,5.6,0
LEAD-04597,Website form,Education,51-200,Director,0,2,2.4,0,0,3.1,0
LEAD-04598,Cold outbound,Manufacturing,1-10,Manager,5,4,3.1,0,0,1.1,0
LEAD-04599,Content download,Education,11-50,IC,4,2,2.2,1,0,1.6,0
LEAD-04600,Cold outbound,Manufacturing,11-50,IC,2,4,10.9,0,0,0.2,0
LEAD-04601,Website form,Retail,11-50,Manager,7,5,1.2,0,0,3.0,1
LEAD-04602,Cold outbound,Finance,51-200,Manager,4,2,1.5,0,0,7.3,0
LEAD-04603,Referral,Manufacturing,11-50,Manager,4,5,1.3,0,1,2.5,0
LEAD-04604,Website form,Retail,51-200,IC,2,3,1.5,0,0,1.8,0
LEAD-04605,Website form,Retail,11-50,IC,5,6,1.2,0,0,6.2,0
LEAD-04606,Cold outbound,Healthcare,51-200,Manager,3,3,1.0,1,0,7.5,0
LEAD-04607,Referral,Retail,11-50,IC,2,6,1.4,0,0,4.9,0
LEAD-04608,Referral,Healthcare,11-50,Manager,5,0,1.6,0,0,1.3,1
LEAD-04609,Website form,Education,1-10,IC,4,7,3.7,0,0,0.6,0
LEAD-04610,Webinar,Manufacturing,51-200,Manager,3,4,1.2,0,1,3.5,1
LEAD-04611,Website form,Retail,1-10,Director,1,4,3.2,0,0,5.9,0
LEAD-04612,Website form,Retail,1-10,Director,5,4,2.6,0,0,4.5,0
LEAD-04613,Content download,SaaS,11-50,IC,4,3,1.7,0,0,0.7,0
LEAD-04614,Webinar,Manufacturing,1-10,Manager,6,3,3.0,0,0,0.0,1
LEAD-04615,Webinar,Retail,1000+,Manager,4,12,4.4,0,0,1.7,0
LEAD-04616,Content download,SaaS,1-10,Manager,7,5,4.0,0,0,0.3,0
LEAD-04617,Website form,Finance,1-10,IC,3,3,1.0,1,1,1.3,0
LEAD-04618,Cold outbound,Manufacturing,201-1000,IC,4,1,1.5,0,0,1.6,0
LEAD-04619,Webinar,Education,1-10,Manager,2,6,0.9,0,0,2.8,0
LEAD-04620,Content download,SaaS,11-50,IC,1,5,1.4,0,0,3.5,0
LEAD-04621,Webinar,Finance,11-50,Manager,4,3,2.1,0,1,7.0,0
LEAD-04622,Referral,Healthcare,11-50,IC,2,6,0.6,0,0,4.4,0
LEAD-04623,Content download,SaaS,51-200,Director,3,5,0.8,0,0,0.6,0
LEAD-04624,Content download,Manufacturing,51-200,Manager,3,4,2.0,0,1,0.2,1
LEAD-04625,Cold outbound,SaaS,51-200,IC,3,2,4.2,0,0,8.9,0
LEAD-04626,Website form,Manufacturing,11-50,Manager,0,4,2.5,0,0,0.1,0
LEAD-04627,Content download,Manufacturing,1-10,IC,9,7,0.2,0,0,6.3,1
LEAD-04628,Cold outbound,SaaS,51-200,Manager,4,4,0.5,1,0,1.0,0
LEAD-04629,Content download,Retail,11-50,Manager,4,5,2.7,0,0,2.9,1
LEAD-04630,Webinar,Healthcare,51-200,IC,3,6,1.7,0,0,0.6,0
LEAD-04631,Paid ad,Manufacturing,11-50,IC,5,7,1.4,1,0,6.2,0
LEAD-04632,Website form,Healthcare,1-10,IC,3,2,5.3,1,0,0.1,0
LEAD-04633,Cold outbound,Finance,51-200,IC,3,4,2.4,0,1,3.0,0
LEAD-04634,Cold outbound,Finance,51-200,Director,5,2,4.5,0,0,6.1,1
LEAD-04635,Webinar,Education,51-200,Director,3,1,3.9,0,0,0.3,1
LEAD-04636,Cold outbound,Healthcare,201-1000,IC,4,3,2.4,1,0,1.6,0
LEAD-04637,Website form,Education,1-10,VP/C-level,3,5,0.5,0,0,3.4,0
LEAD-04638,Webinar,Education,1-10,Director,4,8,1.4,0,0,0.6,0
LEAD-04639,Webinar,Healthcare,1-10,IC,1,2,4.0,0,0,2.8,0
LEAD-04640,Referral,Finance,1-10,IC,3,2,3.8,1,0,4.8,0
LEAD-04641,Content download,Education,11-50,IC,8,5,6.7,0,1,1.3,0
LEAD-04642,Paid ad,Education,51-200,Manager,8,9,1.9,0,0,3.4,0
LEAD-04643,Content download,Retail,201-1000,IC,3,4,1.2,0,0,0.5,0
LEAD-04644,Paid ad,Education,51-200,IC,7,3,1.4,0,0,7.5,1
LEAD-04645,Referral,Education,1000+,IC,2,6,2.2,0,0,4.2,0
LEAD-04646,Webinar,SaaS,1-10,Manager,1,5,4.0,0,0,8.5,0
LEAD-04647,Content download,Manufacturing,1-10,IC,3,3,0.3,0,0,0.8,0
LEAD-04648,Website form,Education,11-50,Manager,5,4,2.7,0,0,0.6,1
LEAD-04649,Website form,Education,1-10,Manager,3,4,2.4,1,1,1.8,1
LEAD-04650,Cold outbound,Healthcare,51-200,IC,2,8,1.7,0,0,2.9,0
LEAD-04651,Cold outbound,Education,11-50,IC,4,3,3.3,1,0,4.7,0
LEAD-04652,Content download,Finance,1000+,VP/C-level,4,6,1.3,0,0,7.0,0
LEAD-04653,Cold outbound,Education,11-50,VP/C-level,4,1,4.6,0,0,5.8,0
LEAD-04654,Cold outbound,Healthcare,51-200,IC,2,4,1.0,0,1,2.4,1
LEAD-04655,Cold outbound,SaaS,11-50,IC,4,8,5.4,0,0,1.0,0
LEAD-04656,Cold outbound,Education,201-1000,IC,2,4,2.3,1,0,0.9,0
LEAD-04657,Webinar,SaaS,51-200,Director,2,6,1.6,0,0,2.4,0
LEAD-04658,Paid ad,Finance,1-10,Manager,8,1,4.2,1,1,7.0,1
LEAD-04659,Website form,Finance,1-10,IC,3,3,4.8,1,1,10.0,0
LEAD-04660,Website form,Education,11-50,IC,3,5,6.9,0,0,1.0,0
LEAD-04661,Cold outbound,Education,11-50,Director,5,2,3.2,0,0,3.9,0
LEAD-04662,Website form,Education,1-10,Manager,4,2,3.6,0,0,0.5,0
LEAD-04663,Webinar,Education,1-10,VP/C-level,1,3,2.1,1,1,0.1,1
LEAD-04664,Website form,Finance,11-50,IC,4,2,2.7,1,1,1.5,0
LEAD-04665,Paid ad,Finance,11-50,IC,4,1,3.5,0,0,1.0,0
LEAD-04666,Referral,Healthcare,201-1000,IC,2,2,2.2,0,0,8.8,0
LEAD-04667,Referral,Education,201-1000,Manager,4,3,1.5,0,0,0.7,0
LEAD-04668,Paid ad,Retail,51-200,Manager,2,8,2.9,0,0,2.5,1
LEAD-04669,Cold outbound,Education,201-1000,Manager,1,6,2.1,0,0,7.0,0
LEAD-04670,Content download,Retail,51-200,Director,5,6,3.7,0,0,2.9,0
LEAD-04671,Paid ad,Finance,1-10,IC,4,4,8.0,1,1,0.2,1
LEAD-04672,Cold outbound,Education,1-10,IC,3,6,2.4,0,0,3.2,0
LEAD-04673,Cold outbound,SaaS,11-50,Director,2,2,0.5,0,0,4.9,0
LEAD-04674,Website form,SaaS,11-50,IC,2,0,2.5,0,0,15.5,0
LEAD-04675,Cold outbound,Healthcare,201-1000,IC,5,10,0.7,0,0,1.5,0
LEAD-04676,Cold outbound,Healthcare,1000+,IC,3,7,0.1,0,0,6.6,0
LEAD-04677,Webinar,Retail,51-200,IC,2,3,0.1,1,0,0.5,0
LEAD-04678,Cold outbound,Education,1000+,Manager,2,3,3.1,0,0,3.0,0
LEAD-04679,Referral,Finance,51-200,Manager,2,6,1.6,0,0,1.7,0
LEAD-04680,Cold outbound,Healthcare,1-10,Director,7,3,2.3,0,0,0.5,0
LEAD-04681,Website form,Finance,11-50,Manager,4,1,4.5,0,0,7.4,0
LEAD-04682,Website form,Finance,1-10,Manager,4,5,5.8,1,0,11.5,0
LEAD-04683,Content download,SaaS,11-50,VP/C-level,1,7,5.0,0,0,0.7,0
LEAD-04684,Referral,Education,51-200,Manager,1,8,5.4,0,0,0.8,0
LEAD-04685,Website form,Retail,1-10,VP/C-level,2,0,0.8,0,0,0.5,0
LEAD-04686,Referral,Education,11-50,Manager,6,4,2.4,1,0,7.8,0
LEAD-04687,Referral,Education,201-1000,IC,0,7,5.1,0,0,2.4,0
LEAD-04688,Content download,Healthcare,11-50,Director,3,2,1.3,0,0,1.0,0
LEAD-04689,Content download,SaaS,11-50,IC,3,7,4.2,0,0,10.6,0
LEAD-04690,Webinar,Finance,11-50,IC,3,2,1.0,0,0,5.2,1
LEAD-04691,Website form,Retail,201-1000,Manager,6,3,2.7,0,0,2.2,0
LEAD-04692,Cold outbound,Manufacturing,51-200,Manager,6,1,1.6,0,0,0.1,0
LEAD-04693,Webinar,Manufacturing,1-10,IC,3,4,0.9,1,0,2.1,0
LEAD-04694,Paid ad,Education,1-10,VP/C-level,2,9,3.0,0,0,5.0,0
LEAD-04695,Webinar,Manufacturing,1-10,IC,2,3,1.2,0,1,11.6,0
LEAD-04696,Referral,SaaS,1-10,Director,1,5,0.5,0,1,0.9,1
LEAD-04697,Website form,Healthcare,1-10,Manager,5,8,2.0,0,0,1.1,0
LEAD-04698,Cold outbound,SaaS,51-200,IC,3,5,1.2,0,0,4.9,0
LEAD-04699,Website form,Healthcare,1-10,Director,2,1,2.0,0,0,0.4,0
LEAD-04700,Paid ad,Healthcare,51-200,Manager,4,2,4.7,0,0,1.9,0
LEAD-04701,Webinar,Finance,1-10,IC,5,5,1.1,0,1,2.5,0
LEAD-04702,Referral,Retail,1-10,Manager,0,5,7.4,0,1,0.4,0
LEAD-04703,Referral,Healthcare,11-50,Manager,3,7,2.4,0,1,0.3,1
LEAD-04704,Webinar,Finance,11-50,Manager,2,4,8.5,0,1,4.6,0
LEAD-04705,Cold outbound,Manufacturing,201-1000,IC,4,3,1.6,0,1,1.5,0
LEAD-04706,Paid ad,Healthcare,11-50,IC,3,2,0.3,1,0,2.4,0
LEAD-04707,Paid ad,SaaS,11-50,IC,2,9,2.1,1,0,2.6,1
LEAD-04708,Paid ad,Healthcare,51-200,IC,4,7,1.8,0,0,0.8,1
LEAD-04709,Cold outbound,Education,11-50,Manager,1,6,5.1,0,0,1.0,0
LEAD-04710,Content download,Healthcare,1-10,IC,0,5,1.6,0,0,11.9,0
LEAD-04711,Paid ad,Manufacturing,1-10,Manager,3,5,1.5,0,0,3.2,0
LEAD-04712,Website form,Healthcare,11-50,IC,4,5,8.9,0,0,3.3,0
LEAD-04713,Paid ad,Healthcare,51-200,Manager,2,6,3.6,1,0,8.2,1
LEAD-04714,Referral,Manufacturing,11-50,Manager,3,6,4.8,0,0,6.3,0
LEAD-04715,Cold outbound,Healthcare,51-200,IC,4,2,1.6,0,0,15.5,0
LEAD-04716,Website form,Healthcare,51-200,Manager,1,7,1.5,1,0,3.8,0
LEAD-04717,Content download,Manufacturing,51-200,IC,1,4,6.2,1,0,0.3,0
LEAD-04718,Website form,Healthcare,11-50,Director,4,2,1.1,0,0,2.8,0
LEAD-04719,Website form,Healthcare,11-50,IC,5,3,0.5,1,0,1.5,0
LEAD-04720,Content download,Retail,1-10,IC,4,6,0.6,0,1,1.1,0
LEAD-04721,Website form,Healthcare,11-50,IC,2,3,1.4,0,0,5.8,0
LEAD-04722,Website form,Education,1-10,IC,4,3,2.9,0,0,8.9,0
LEAD-04723,Website form,Finance,51-200,Manager,3,5,5.0,0,0,0.6,0
LEAD-04724,Website form,Manufacturing,1-10,Manager,2,7,0.5,0,1,5.7,1
LEAD-04725,Content download,Manufacturing,1-10,IC,0,7,1.5,0,0,0.3,0
LEAD-04726,Cold outbound,Finance,11-50,IC,4,4,0.7,0,0,0.7,0
LEAD-04727,Website form,Retail,51-200,Manager,1,3,5.2,0,0,1.9,0
LEAD-04728,Referral,Healthcare,51-200,Manager,2,9,1.3,0,0,3.3,0
LEAD-04729,Referral,Education,11-50,Manager,5,4,1.4,0,0,4.1,0
LEAD-04730,Website form,Education,1-10,VP/C-level,1,1,0.5,0,0,0.6,0
LEAD-04731,Referral,Finance,1-10,Director,0,1,2.3,1,0,3.6,1
LEAD-04732,Website form,Finance,11-50,Manager,5,7,1.4,0,0,2.0,0
LEAD-04733,Referral,SaaS,11-50,IC,1,4,1.6,0,0,1.8,0
LEAD-04734,Content download,SaaS,1-10,Manager,2,9,0.6,0,0,0.5,0
LEAD-04735,Content download,Education,1-10,IC,1,2,5.5,1,0,0.2,0
LEAD-04736,Cold outbound,Healthcare,51-200,IC,4,4,0.7,1,0,0.5,0
LEAD-04737,Content download,SaaS,51-200,Manager,3,6,0.8,0,0,0.6,0
LEAD-04738,Cold outbound,Healthcare,11-50,Manager,3,7,3.8,0,0,0.6,0
LEAD-04739,Website form,SaaS,11-50,Manager,4,4,1.3,0,0,0.1,0
LEAD-04740,Cold outbound,Education,51-200,Manager,4,3,2.2,0,0,7.7,0
LEAD-04741,Website form,Manufacturing,11-50,IC,6,5,0.5,0,0,2.8,0
LEAD-04742,Cold outbound,Retail,11-50,VP/C-level,1,3,3.6,0,0,1.2,0
LEAD-04743,Website form,SaaS,51-200,IC,5,6,1.3,0,1,2.0,0
LEAD-04744,Webinar,Finance,201-1000,Manager,5,4,1.9,0,0,6.5,0
LEAD-04745,Website form,Finance,11-50,IC,4,6,2.5,1,0,7.8,1
LEAD-04746,Website form,Manufacturing,51-200,IC,3,6,2.6,0,0,1.2,0
LEAD-04747,Website form,Healthcare,1-10,Manager,3,4,3.4,0,0,0.8,0
LEAD-04748,Cold outbound,SaaS,1-10,Director,0,6,2.0,0,0,3.2,0
LEAD-04749,Website form,Manufacturing,11-50,Manager,7,4,3.6,0,0,2.4,0
LEAD-04750,Paid ad,Education,51-200,IC,5,3,2.4,0,0,2.8,0
LEAD-04751,Webinar,Finance,201-1000,IC,2,4,2.8,0,0,1.0,0
LEAD-04752,Referral,Retail,11-50,IC,1,5,3.5,0,0,4.0,0
LEAD-04753,Website form,Manufacturing,1-10,IC,2,7,3.7,0,1,0.3,0
LEAD-04754,Cold outbound,SaaS,1-10,IC,4,7,2.6,1,1,0.7,0
LEAD-04755,Website form,Finance,11-50,Manager,4,6,1.6,0,0,1.7,0
LEAD-04756,Website form,Retail,1-10,IC,4,5,0.4,0,0,0.4,0
LEAD-04757,Webinar,Healthcare,11-50,Manager,0,8,5.5,0,0,2.2,0
LEAD-04758,Website form,SaaS,1-10,IC,2,5,2.4,0,0,0.1,0
LEAD-04759,Website form,Manufacturing,1-10,Manager,3,3,0.6,1,0,0.1,0
LEAD-04760,Website form,Healthcare,201-1000,Manager,2,4,0.9,1,0,0.6,0
LEAD-04761,Cold outbound,Healthcare,11-50,IC,2,1,1.3,0,0,0.4,0
LEAD-04762,Cold outbound,Education,1-10,VP/C-level,0,4,3.4,0,0,5.8,0
LEAD-04763,Referral,Retail,11-50,Manager,2,1,1.4,1,0,2.4,1
LEAD-04764,Content download,Healthcare,11-50,Manager,5,3,1.5,0,0,9.1,0
LEAD-04765,Website form,Manufacturing,1-10,Director,6,4,1.3,0,0,8.8,0
LEAD-04766,Website form,Education,1-10,Director,2,3,8.6,0,0,0.0,0
LEAD-04767,Website form,Healthcare,11-50,IC,3,8,5.2,1,0,5.1,0
LEAD-04768,Website form,Manufacturing,11-50,IC,2,3,6.3,1,0,1.1,0
LEAD-04769,Referral,Finance,11-50,IC,3,2,1.0,0,0,6.3,0
LEAD-04770,Cold outbound,Healthcare,1000+,IC,4,5,2.8,0,0,2.3,0
LEAD-04771,Webinar,Education,201-1000,IC,5,4,1.4,0,0,11.5,0
LEAD-04772,Website form,Healthcare,51-200,VP/C-level,2,6,3.7,0,0,3.7,1
LEAD-04773,Cold outbound,SaaS,1-10,IC,0,1,2.2,0,0,1.4,0
LEAD-04774,Cold outbound,Manufacturing,51-200,VP/C-level,3,8,3.7,0,0,2.0,0
LEAD-04775,Content download,Retail,1-10,Manager,3,3,6.0,0,1,0.8,0
LEAD-04776,Cold outbound,Healthcare,11-50,Director,2,3,0.6,0,0,0.9,0
LEAD-04777,Content download,Retail,1-10,IC,5,1,5.7,0,0,10.0,0
LEAD-04778,Content download,Manufacturing,51-200,IC,3,6,1.6,0,1,1.8,0
LEAD-04779,Content download,SaaS,1-10,IC,3,4,1.8,1,1,2.7,0
LEAD-04780,Webinar,Healthcare,51-200,Director,2,6,1.8,1,0,4.0,0
LEAD-04781,Referral,Education,51-200,VP/C-level,3,5,0.4,1,0,1.5,0
LEAD-04782,Paid ad,Retail,51-200,IC,4,7,0.8,1,0,4.7,0
LEAD-04783,Website form,Finance,11-50,IC,3,5,6.2,0,0,4.0,0
LEAD-04784,Cold outbound,Retail,11-50,IC,1,7,2.3,0,0,2.9,0
LEAD-04785,Paid ad,Finance,1-10,Manager,3,7,0.3,0,0,2.6,0
LEAD-04786,Content download,SaaS,1-10,Director,2,4,2.7,0,0,0.7,0
LEAD-04787,Cold outbound,Retail,201-1000,IC,0,2,2.5,1,0,1.3,0
LEAD-04788,Website form,Healthcare,11-50,Manager,4,2,9.6,1,0,1.1,1
LEAD-04789,Website form,Healthcare,51-200,IC,3,5,1.3,0,0,2.1,0
LEAD-04790,Webinar,SaaS,11-50,IC,2,6,0.1,0,1,3.5,0
LEAD-04791,Website form,Healthcare,1-10,Manager,2,3,2.9,0,1,0.3,0
LEAD-04792,Website form,Finance,11-50,Manager,4,6,0.4,1,1,8.9,0
LEAD-04793,Content download,Finance,11-50,Manager,1,6,4.0,1,0,6.5,0
LEAD-04794,Cold outbound,Healthcare,1-10,IC,3,3,4.5,0,0,1.7,0
LEAD-04795,Cold outbound,Manufacturing,1000+,VP/C-level,1,6,1.6,0,0,8.2,0
LEAD-04796,Referral,Manufacturing,51-200,VP/C-level,6,6,0.5,0,0,0.6,1
LEAD-04797,Website form,Retail,1-10,Manager,0,7,3.3,0,1,3.7,1
LEAD-04798,Cold outbound,Retail,11-50,Director,8,3,5.1,1,0,0.4,1
LEAD-04799,Content download,SaaS,201-1000,Director,2,3,1.2,0,0,0.9,0
LEAD-04800,Cold outbound,Manufacturing,51-200,VP/C-level,6,8,0.7,0,0,1.6,0
LEAD-04801,Cold outbound,Retail,1-10,IC,4,3,11.7,0,0,3.1,0
LEAD-04802,Cold outbound,Finance,11-50,VP/C-level,2,7,1.0,0,0,4.9,0
LEAD-04803,Cold outbound,Healthcare,1-10,Manager,4,4,6.1,1,0,0.5,0
LEAD-04804,Webinar,Finance,1-10,Manager,7,4,0.5,0,0,0.5,0
LEAD-04805,Content download,Education,1-10,VP/C-level,1,4,1.3,0,1,5.5,1
LEAD-04806,Referral,Education,1-10,Director,3,3,3.4,0,0,3.8,0
LEAD-04807,Referral,Retail,201-1000,VP/C-level,2,5,2.3,1,0,0.4,1
LEAD-04808,Website form,Finance,11-50,Manager,4,5,3.7,0,0,10.5,0
LEAD-04809,Referral,Education,11-50,Manager,2,2,1.9,0,0,1.0,0
LEAD-04810,Website form,Education,51-200,IC,1,4,3.4,0,0,1.0,0
LEAD-04811,Website form,Education,1-10,Director,3,4,3.4,0,0,6.0,0
LEAD-04812,Referral,SaaS,51-200,Manager,2,3,0.5,0,0,0.4,0
LEAD-04813,Website form,Education,1000+,IC,1,3,5.4,0,0,0.6,0
LEAD-04814,Website form,Healthcare,11-50,IC,3,5,0.7,0,0,0.3,0
LEAD-04815,Website form,Education,11-50,IC,1,4,0.6,0,1,7.6,0
LEAD-04816,Content download,Manufacturing,201-1000,IC,3,4,1.9,1,1,2.6,0
LEAD-04817,Webinar,Finance,51-200,Manager,3,6,0.8,0,0,1.1,1
LEAD-04818,Website form,Education,1-10,IC,5,4,1.2,0,0,2.0,0
LEAD-04819,Website form,Finance,11-50,Director,6,1,0.8,1,0,4.7,1
LEAD-04820,Cold outbound,Manufacturing,11-50,VP/C-level,3,5,0.5,1,0,2.7,0
LEAD-04821,Referral,Finance,1-10,Manager,3,4,1.8,1,0,5.0,0
LEAD-04822,Website form,Finance,201-1000,Manager,3,6,1.6,1,0,3.4,1
LEAD-04823,Content download,Healthcare,201-1000,IC,6,3,1.0,1,0,2.9,0
LEAD-04824,Content download,Education,1-10,IC,3,2,3.9,0,1,1.2,0
LEAD-04825,Website form,SaaS,11-50,Manager,3,1,3.0,1,0,2.7,0
LEAD-04826,Referral,SaaS,201-1000,IC,5,0,3.4,0,0,0.4,0
LEAD-04827,Webinar,Education,11-50,Manager,6,4,11.0,0,0,2.4,1
LEAD-04828,Website form,Finance,11-50,Director,3,7,3.3,0,0,1.1,1
LEAD-04829,Cold outbound,Healthcare,1-10,Director,2,7,2.5,0,1,4.4,0
LEAD-04830,Cold outbound,Retail,11-50,IC,5,2,1.7,1,0,0.2,0
LEAD-04831,Website form,Healthcare,11-50,VP/C-level,5,5,2.4,0,1,0.9,1
LEAD-04832,Paid ad,Manufacturing,1-10,Director,4,6,2.5,0,1,1.9,0
LEAD-04833,Referral,Education,201-1000,IC,1,6,3.1,0,1,0.5,0
LEAD-04834,Cold outbound,Education,11-50,IC,0,5,1.2,0,0,2.5,0
LEAD-04835,Cold outbound,Manufacturing,51-200,VP/C-level,2,6,3.4,0,0,1.3,0
LEAD-04836,Website form,Finance,1-10,Director,7,4,2.3,0,0,2.8,0
LEAD-04837,Webinar,Retail,11-50,IC,1,6,2.3,0,1,0.1,0
LEAD-04838,Website form,Retail,51-200,IC,3,3,1.9,1,0,3.8,0
LEAD-04839,Cold outbound,SaaS,1-10,Manager,2,8,3.0,0,1,1.1,0
LEAD-04840,Website form,Manufacturing,51-200,Manager,4,2,3.4,0,0,1.1,1
LEAD-04841,Cold outbound,SaaS,51-200,Director,3,4,1.7,0,0,0.6,0
LEAD-04842,Website form,Healthcare,11-50,IC,3,3,1.6,1,1,0.7,0
LEAD-04843,Referral,Retail,1-10,Director,2,5,0.9,0,0,0.5,1
LEAD-04844,Cold outbound,Retail,1000+,IC,0,1,1.3,0,0,2.4,0
LEAD-04845,Website form,Manufacturing,51-200,Director,3,3,2.7,0,0,2.5,0
LEAD-04846,Webinar,Finance,11-50,Director,5,2,2.2,0,0,2.6,0
LEAD-04847,Website form,Manufacturing,1-10,IC,2,4,1.8,0,0,1.9,0
LEAD-04848,Content download,Finance,51-200,IC,1,2,0.4,0,0,2.6,0
LEAD-04849,Cold outbound,Healthcare,51-200,Manager,2,4,3.2,0,0,5.2,0
LEAD-04850,Cold outbound,Education,201-1000,Director,3,5,2.7,0,0,1.6,0
LEAD-04851,Website form,Finance,51-200,IC,4,2,2.5,0,0,2.8,0
LEAD-04852,Website form,Healthcare,11-50,Director,2,0,2.0,0,0,12.1,0
LEAD-04853,Website form,Retail,1-10,IC,1,3,1.6,0,0,0.2,0
LEAD-04854,Cold outbound,SaaS,51-200,Director,4,2,2.8,1,0,1.8,0
LEAD-04855,Cold outbound,Healthcare,1-10,Director,4,3,2.2,0,1,8.3,1
LEAD-04856,Website form,Education,201-1000,IC,2,3,3.5,0,0,3.4,0
LEAD-04857,Content download,Education,1-10,IC,5,5,2.2,0,1,1.0,1
LEAD-04858,Website form,Education,51-200,IC,2,3,3.0,0,0,1.7,1
LEAD-04859,Content download,Manufacturing,51-200,IC,1,4,2.8,0,0,1.8,0
LEAD-04860,Website form,Retail,201-1000,IC,2,3,2.0,0,0,1.4,0
LEAD-04861,Referral,SaaS,51-200,VP/C-level,1,7,2.0,1,0,2.8,1
LEAD-04862,Website form,Retail,1-10,Manager,3,3,2.4,0,0,9.2,0
LEAD-04863,Content download,Retail,1-10,VP/C-level,3,1,2.0,0,0,1.2,0
LEAD-04864,Referral,Education,1-10,Director,2,4,1.6,0,0,0.2,0
LEAD-04865,Cold outbound,Manufacturing,51-200,Director,4,4,0.7,0,1,3.0,0
LEAD-04866,Website form,Healthcare,11-50,Director,7,5,0.4,0,0,0.9,1
LEAD-04867,Cold outbound,Education,11-50,Director,5,4,3.2,0,0,0.7,0
LEAD-04868,Website form,Healthcare,1-10,VP/C-level,3,2,7.6,0,0,1.5,0
LEAD-04869,Referral,Education,11-50,Director,3,5,4.0,0,0,21.7,0
LEAD-04870,Website form,Manufacturing,11-50,IC,4,4,3.0,0,0,2.8,0
LEAD-04871,Cold outbound,Finance,201-1000,Manager,6,1,3.3,0,0,8.5,0
LEAD-04872,Content download,SaaS,1-10,IC,1,6,2.0,0,1,5.3,0
LEAD-04873,Referral,Retail,51-200,Director,4,10,0.9,0,0,5.1,0
LEAD-04874,Content download,Healthcare,51-200,IC,3,2,3.5,0,0,8.4,0
LEAD-04875,Content download,Healthcare,51-200,Manager,2,7,4.3,0,0,0.2,0
LEAD-04876,Content download,Education,51-200,Manager,5,5,0.2,0,0,2.5,0
LEAD-04877,Website form,Retail,11-50,Manager,2,5,2.2,0,1,4.7,0
LEAD-04878,Webinar,Retail,11-50,IC,4,5,1.2,0,0,1.1,0
LEAD-04879,Website form,Education,201-1000,IC,3,2,0.8,0,0,2.5,0
LEAD-04880,Webinar,Finance,1-10,IC,6,4,0.8,0,0,4.0,0
LEAD-04881,Content download,Finance,1-10,Manager,4,8,0.6,0,0,2.2,0
LEAD-04882,Website form,SaaS,201-1000,Manager,3,4,2.0,1,0,0.5,0
LEAD-04883,Website form,SaaS,1-10,Manager,3,3,2.3,0,1,8.6,0
LEAD-04884,Webinar,SaaS,1-10,Manager,1,4,6.0,0,0,6.1,0
LEAD-04885,Paid ad,Retail,11-50,Manager,2,4,1.4,1,1,1.4,1
LEAD-04886,Website form,Manufacturing,1-10,Manager,5,3,1.5,1,0,0.7,0
LEAD-04887,Website form,Retail,1-10,IC,1,4,4.4,0,0,0.5,0
LEAD-04888,Webinar,Retail,51-200,IC,3,3,1.9,0,1,0.1,0
LEAD-04889,Cold outbound,Retail,1-10,IC,5,5,2.7,0,0,10.3,0
LEAD-04890,Cold outbound,Retail,51-200,Director,3,4,2.3,0,0,0.1,0
LEAD-04891,Content download,Retail,51-200,Manager,3,5,0.8,0,0,2.9,0
LEAD-04892,Cold outbound,Manufacturing,11-50,Manager,2,6,0.8,0,0,1.8,1
LEAD-04893,Website form,Finance,1-10,Manager,4,1,3.1,0,0,0.3,0
LEAD-04894,Cold outbound,Retail,51-200,VP/C-level,0,5,6.0,1,1,6.6,0
LEAD-04895,Website form,SaaS,51-200,Manager,5,2,2.0,1,0,0.1,0
LEAD-04896,Webinar,SaaS,1000+,IC,4,6,2.2,0,0,2.0,0
LEAD-04897,Paid ad,Education,51-200,IC,6,4,3.1,0,0,0.6,0
LEAD-04898,Website form,Healthcare,51-200,Manager,2,7,1.9,0,0,9.0,0
LEAD-04899,Cold outbound,Education,1-10,IC,4,5,0.6,1,0,0.8,0
LEAD-04900,Referral,Finance,11-50,Director,5,8,1.8,1,0,0.4,1
LEAD-04901,Webinar,Retail,11-50,Manager,2,3,0.4,0,0,2.5,0
LEAD-04902,Webinar,Manufacturing,1-10,Director,3,1,0.8,0,0,7.1,0
LEAD-04903,Cold outbound,Retail,1-10,Manager,5,8,3.1,0,0,4.0,0
LEAD-04904,Webinar,SaaS,11-50,Director,4,4,0.3,0,0,1.5,0
LEAD-04905,Content download,SaaS,11-50,Manager,4,4,3.1,1,0,7.6,0
LEAD-04906,Webinar,Education,11-50,Director,1,4,6.8,0,1,7.1,0
LEAD-04907,Website form,SaaS,11-50,IC,3,3,0.6,0,0,4.4,0
LEAD-04908,Paid ad,Healthcare,51-200,IC,1,4,1.7,0,0,0.4,0
LEAD-04909,Website form,SaaS,11-50,Director,2,7,1.3,0,0,2.2,0
LEAD-04910,Content download,Finance,11-50,Director,4,2,1.7,0,0,2.8,1
LEAD-04911,Paid ad,Finance,1-10,VP/C-level,5,6,4.3,0,0,1.1,0
LEAD-04912,Cold outbound,Manufacturing,201-1000,Manager,3,2,2.3,0,0,2.8,0
LEAD-04913,Cold outbound,Education,11-50,Manager,4,4,2.7,0,0,3.0,0
LEAD-04914,Website form,Manufacturing,11-50,IC,2,5,5.0,0,0,0.4,0
LEAD-04915,Webinar,Manufacturing,11-50,IC,3,8,0.7,0,1,0.5,1
LEAD-04916,Content download,Manufacturing,11-50,VP/C-level,5,3,1.8,0,0,0.4,1
LEAD-04917,Cold outbound,Healthcare,11-50,IC,6,1,0.9,0,1,0.0,1
LEAD-04918,Website form,SaaS,11-50,IC,5,5,1.4,1,0,2.6,0
LEAD-04919,Website form,Healthcare,51-200,Manager,4,4,0.3,0,0,7.4,0
LEAD-04920,Webinar,Manufacturing,11-50,Director,1,4,2.1,0,0,1.1,1
LEAD-04921,Cold outbound,Healthcare,51-200,VP/C-level,2,3,2.3,1,0,7.1,1
LEAD-04922,Website form,Retail,1-10,IC,2,4,2.9,0,1,3.5,0
LEAD-04923,Cold outbound,Finance,201-1000,IC,4,6,2.6,0,0,0.2,0
LEAD-04924,Cold outbound,Healthcare,51-200,Manager,2,1,0.6,0,0,1.2,0
LEAD-04925,Paid ad,SaaS,1-10,Manager,2,3,2.0,0,1,5.1,0
LEAD-04926,Cold outbound,SaaS,11-50,IC,2,2,1.1,0,0,1.3,0
LEAD-04927,Website form,Education,201-1000,Manager,5,6,1.6,0,0,4.7,0
LEAD-04928,Paid ad,Finance,11-50,IC,3,5,1.4,0,0,0.5,1
LEAD-04929,Webinar,Finance,201-1000,IC,7,2,5.3,0,0,1.3,1
LEAD-04930,Referral,Retail,1-10,Manager,4,2,0.8,0,0,0.7,0
LEAD-04931,Website form,Finance,1-10,VP/C-level,5,3,1.3,0,0,3.3,1
LEAD-04932,Paid ad,Education,1-10,Manager,4,2,2.0,1,0,1.1,0
LEAD-04933,Content download,Retail,1-10,Director,2,5,1.0,0,0,4.9,0
LEAD-04934,Website form,Education,11-50,Manager,1,3,5.4,0,0,3.3,0
LEAD-04935,Referral,SaaS,1000+,IC,4,3,1.5,0,0,0.5,0
LEAD-04936,Website form,Education,11-50,VP/C-level,2,4,2.7,1,0,0.4,0
LEAD-04937,Cold outbound,Retail,51-200,Manager,4,5,4.8,0,0,1.4,0
LEAD-04938,Website form,SaaS,11-50,Manager,2,2,1.6,0,1,1.1,0
LEAD-04939,Content download,Manufacturing,11-50,Manager,3,5,1.7,0,1,6.9,1
LEAD-04940,Content download,SaaS,1-10,Director,4,5,1.3,0,0,6.1,0
LEAD-04941,Website form,Manufacturing,11-50,IC,3,7,4.9,1,1,0.7,1
LEAD-04942,Referral,Education,51-200,Director,2,4,2.3,0,0,8.1,0
LEAD-04943,Cold outbound,Healthcare,1-10,VP/C-level,9,4,1.5,0,1,5.9,0
LEAD-04944,Website form,Retail,11-50,Director,8,4,1.2,0,0,0.6,0
LEAD-04945,Paid ad,Manufacturing,11-50,Manager,4,4,1.3,0,1,0.8,0
LEAD-04946,Website form,SaaS,11-50,Manager,2,3,4.5,1,1,2.5,0
LEAD-04947,Website form,SaaS,51-200,IC,6,4,3.5,0,0,9.5,0
LEAD-04948,Content download,SaaS,1-10,IC,4,6,0.9,0,0,3.2,1
LEAD-04949,Referral,Finance,11-50,Manager,0,3,1.3,1,0,1.0,0
LEAD-04950,Content download,Retail,51-200,Director,5,6,2.4,0,0,1.5,0
LEAD-04951,Website form,Healthcare,51-200,Director,3,4,0.7,0,0,0.4,0
LEAD-04952,Referral,Finance,201-1000,IC,4,2,5.5,1,0,1.3,1
LEAD-04953,Website form,Finance,1-10,Manager,2,1,3.9,0,1,0.3,0
LEAD-04954,Paid ad,Manufacturing,1-10,Director,2,6,2.4,0,0,12.8,0
LEAD-04955,Content download,SaaS,1-10,Director,3,3,2.9,0,0,2.8,0
LEAD-04956,Website form,Manufacturing,1-10,IC,3,3,1.3,0,0,0.0,0
LEAD-04957,Website form,Manufacturing,51-200,Manager,0,4,2.1,1,0,0.5,0
LEAD-04958,Cold outbound,Retail,11-50,Director,0,2,0.2,0,0,4.9,0
LEAD-04959,Content download,Healthcare,51-200,IC,2,5,2.7,1,0,2.2,0
LEAD-04960,Paid ad,SaaS,1000+,IC,2,2,2.2,0,0,0.4,0
LEAD-04961,Website form,Education,1000+,Manager,4,3,4.6,0,0,0.7,0
LEAD-04962,Website form,Manufacturing,11-50,Director,3,4,5.8,0,0,1.8,0
LEAD-04963,Cold outbound,Manufacturing,1-10,Manager,4,2,2.6,0,0,4.2,0
LEAD-04964,Referral,SaaS,51-200,Manager,4,2,1.5,0,0,1.1,1
LEAD-04965,Content download,Finance,11-50,Manager,3,2,1.0,0,0,2.5,0
LEAD-04966,Website form,Finance,1-10,Director,5,4,7.2,1,0,0.6,0
LEAD-04967,Content download,Education,51-200,Manager,6,4,2.7,0,0,4.4,0
LEAD-04968,Webinar,Finance,51-200,Manager,2,4,0.9,0,0,0.6,0
LEAD-04969,Paid ad,Manufacturing,1000+,IC,2,2,1.7,0,0,0.4,0
LEAD-04970,Cold outbound,Healthcare,51-200,Director,6,5,4.0,1,0,0.7,0
LEAD-04971,Webinar,Retail,11-50,IC,3,3,1.5,0,0,1.0,0
LEAD-04972,Website form,Finance,51-200,VP/C-level,5,4,1.9,0,0,1.2,0
LEAD-04973,Referral,SaaS,11-50,IC,7,5,1.4,0,0,10.7,0
LEAD-04974,Webinar,Education,1-10,Manager,2,3,0.9,0,1,5.8,0
LEAD-04975,Cold outbound,Finance,11-50,IC,4,1,1.7,0,1,1.5,1
LEAD-04976,Website form,Retail,201-1000,Manager,2,5,0.9,1,0,0.7,1
LEAD-04977,Cold outbound,Education,51-200,IC,2,5,1.5,1,0,1.9,1
LEAD-04978,Website form,Manufacturing,1-10,Manager,7,3,1.5,1,0,4.2,1
LEAD-04979,Website form,Finance,51-200,IC,7,3,0.2,1,0,4.7,0
LEAD-04980,Content download,Education,51-200,Director,2,4,6.1,0,0,6.8,0
LEAD-04981,Webinar,Retail,51-200,Director,1,6,2.2,0,0,2.1,0
LEAD-04982,Referral,SaaS,1-10,IC,5,2,1.7,1,0,1.4,0
LEAD-04983,Referral,Manufacturing,11-50,Manager,4,6,1.3,0,0,4.1,0
LEAD-04984,Website form,Healthcare,1-10,Director,4,6,4.3,1,1,1.4,1
LEAD-04985,Cold outbound,Finance,201-1000,IC,1,3,1.5,1,0,1.8,0
LEAD-04986,Website form,Retail,1-10,Manager,4,6,1.1,0,0,1.7,1
LEAD-04987,Content download,Finance,1-10,IC,4,8,1.3,0,0,0.7,0
LEAD-04988,Website form,Education,201-1000,Manager,2,6,3.6,0,0,0.7,1
LEAD-04989,Cold outbound,Healthcare,11-50,Manager,3,5,3.6,0,0,3.6,0
LEAD-04990,Website form,Manufacturing,1000+,Manager,2,2,2.5,0,0,1.2,0
LEAD-04991,Content download,Finance,51-200,Director,4,3,3.9,0,0,5.7,0
LEAD-04992,Website form,SaaS,1-10,Manager,1,2,2.2,0,0,0.3,0
LEAD-04993,Website form,Finance,51-200,IC,0,3,1.3,0,0,3.8,0
LEAD-04994,Website form,Healthcare,1-10,Manager,2,4,0.9,0,1,24.5,0
LEAD-04995,Content download,Manufacturing,51-200,Manager,1,3,1.6,0,0,7.4,1
LEAD-04996,Webinar,Retail,1-10,Manager,5,5,2.3,0,0,1.4,0
LEAD-04997,Content download,Manufacturing,1-10,IC,4,6,3.0,0,0,0.8,0
LEAD-04998,Content download,Healthcare,201-1000,IC,2,3,0.7,0,0,0.6,0
LEAD-04999,Referral,Education,1-10,Director,2,7,2.5,0,0,2.4,1
LEAD-05000,Cold outbound,Retail,11-50,Director,3,6,0.7,0,0,3.4,1
LEAD-05001,Cold outbound,Education,51-200,Director,3,7,1.9,0,1,8.8,1
LEAD-05002,Paid ad,Healthcare,1-10,IC,1,6,2.8,0,0,0.1,0
LEAD-05003,Referral,Manufacturing,1-10,IC,2,2,0.3,0,0,3.8,0
LEAD-05004,Content download,Retail,51-200,Manager,3,6,3.9,0,1,1.0,0
LEAD-05005,Cold outbound,SaaS,51-200,Director,4,4,0.8,0,1,0.7,0
LEAD-05006,Paid ad,Finance,51-200,IC,2,5,5.4,1,0,2.9,1
LEAD-05007,Cold outbound,Finance,11-50,Manager,3,4,2.5,0,0,0.9,0
LEAD-05008,Webinar,Healthcare,51-200,IC,3,4,4.2,1,0,1.0,0
LEAD-05009,Website form,Education,11-50,Director,4,4,4.5,1,0,1.2,1
LEAD-05010,Cold outbound,Education,201-1000,IC,2,4,2.0,1,0,4.8,1
LEAD-05011,Cold outbound,Finance,201-1000,IC,5,7,3.4,1,0,1.2,0
LEAD-05012,Cold outbound,SaaS,11-50,Manager,2,8,0.4,1,0,3.5,0
LEAD-05013,Content download,Finance,51-200,IC,4,5,1.5,0,0,9.5,0
LEAD-05014,Cold outbound,Healthcare,1-10,Manager,2,1,0.4,1,0,2.7,0
LEAD-05015,Paid ad,Retail,1-10,VP/C-level,3,5,2.6,0,0,5.1,0
LEAD-05016,Paid ad,Finance,1000+,Manager,3,4,0.6,0,0,5.2,0
LEAD-05017,Cold outbound,Education,1-10,IC,2,6,1.5,0,0,0.6,0
LEAD-05018,Webinar,Retail,11-50,IC,2,5,0.6,0,0,6.9,0
LEAD-05019,Cold outbound,Retail,1-10,VP/C-level,4,3,2.0,1,1,0.1,1
LEAD-05020,Paid ad,Education,51-200,Manager,3,4,3.0,0,0,2.6,0
LEAD-05021,Cold outbound,Education,11-50,IC,2,6,1.2,0,0,2.7,0
LEAD-05022,Content download,SaaS,1-10,Manager,5,6,4.6,0,0,3.7,0
LEAD-05023,Content download,Manufacturing,11-50,Manager,6,4,0.7,0,0,1.8,0
LEAD-05024,Website form,Education,1-10,VP/C-level,5,5,0.8,1,0,1.5,0
LEAD-05025,Content download,SaaS,1-10,Manager,4,5,1.7,0,0,0.6,0
LEAD-05026,Webinar,Manufacturing,51-200,Director,3,5,1.1,0,0,3.4,0
LEAD-05027,Cold outbound,Healthcare,11-50,IC,6,4,3.9,0,0,1.9,0
LEAD-05028,Referral,Retail,1000+,Manager,6,4,1.0,0,0,2.7,0
LEAD-05029,Content download,Retail,11-50,VP/C-level,2,2,2.6,0,0,0.8,1
LEAD-05030,Website form,Retail,11-50,Manager,1,3,0.4,0,0,5.4,0
LEAD-05031,Website form,Education,1-10,Manager,3,4,4.2,0,0,3.7,1
LEAD-05032,Referral,Education,11-50,IC,2,4,4.8,0,0,1.5,0
LEAD-05033,Paid ad,Education,1-10,Director,3,2,2.2,1,1,3.0,0
LEAD-05034,Content download,Manufacturing,11-50,Manager,0,3,2.5,0,0,4.6,0
LEAD-05035,Website form,SaaS,51-200,Manager,2,2,3.9,1,0,0.4,0
LEAD-05036,Content download,Education,51-200,VP/C-level,3,3,1.9,0,1,4.1,1
LEAD-05037,Cold outbound,Finance,1-10,VP/C-level,0,2,2.4,0,0,0.4,0
LEAD-05038,Cold outbound,Healthcare,11-50,IC,5,2,3.7,0,0,2.7,1
LEAD-05039,Cold outbound,Manufacturing,11-50,Manager,4,4,2.2,0,0,7.9,0
LEAD-05040,Website form,Education,11-50,IC,6,10,2.8,0,0,2.3,1
LEAD-05041,Paid ad,Healthcare,51-200,IC,2,8,2.8,0,0,5.0,0
LEAD-05042,Paid ad,Healthcare,1-10,Manager,1,3,2.3,0,0,0.1,0
LEAD-05043,Paid ad,Education,1-10,IC,2,2,2.5,0,0,0.4,0
LEAD-05044,Webinar,Manufacturing,1-10,Director,4,3,0.4,1,0,2.4,0
LEAD-05045,Website form,Finance,1-10,IC,5,4,6.3,0,0,0.0,0
LEAD-05046,Referral,Retail,201-1000,Manager,1,2,0.9,1,0,1.0,0
LEAD-05047,Website form,Education,1-10,IC,3,7,1.1,0,0,1.4,0
LEAD-05048,Content download,Manufacturing,201-1000,Manager,4,3,4.4,0,0,1.7,0
LEAD-05049,Cold outbound,Education,201-1000,IC,1,2,0.8,1,0,3.8,1
LEAD-05050,Content download,SaaS,1-10,Manager,2,3,1.3,0,0,5.2,0
LEAD-05051,Webinar,Finance,1-10,IC,3,6,1.6,0,0,2.8,0
LEAD-05052,Cold outbound,Healthcare,1-10,IC,7,2,0.6,0,1,0.2,0
LEAD-05053,Cold outbound,Education,11-50,Manager,5,5,1.2,0,0,1.0,0
LEAD-05054,Cold outbound,Healthcare,1-10,Manager,0,3,1.8,0,0,0.3,0
LEAD-05055,Content download,Retail,11-50,Director,1,8,3.6,1,0,0.7,0
LEAD-05056,Cold outbound,Healthcare,1-10,IC,5,5,6.8,0,0,4.3,0
LEAD-05057,Content download,Manufacturing,11-50,Manager,2,6,0.5,0,0,2.8,0
LEAD-05058,Referral,Manufacturing,11-50,VP/C-level,3,2,2.7,0,0,1.6,0
LEAD-05059,Cold outbound,Manufacturing,1000+,VP/C-level,2,7,2.8,0,0,1.8,0
LEAD-05060,Referral,Education,201-1000,Manager,1,1,2.7,0,1,7.0,0
LEAD-05061,Paid ad,Finance,11-50,Manager,2,0,3.0,0,0,4.4,0
LEAD-05062,Content download,Finance,11-50,Manager,0,3,0.9,0,0,1.0,1
LEAD-05063,Paid ad,Finance,1-10,IC,1,8,2.2,0,0,0.1,0
LEAD-05064,Webinar,SaaS,1-10,Manager,1,2,4.2,0,1,2.4,0
LEAD-05065,Content download,Education,51-200,IC,2,4,5.7,0,0,4.3,0
LEAD-05066,Paid ad,Healthcare,1-10,IC,1,3,2.5,1,0,1.5,0
LEAD-05067,Webinar,SaaS,11-50,Director,1,9,1.3,0,0,2.0,0
LEAD-05068,Content download,Retail,11-50,Manager,5,2,1.7,0,0,2.1,0
LEAD-05069,Cold outbound,Healthcare,1-10,Manager,2,6,0.6,1,1,9.4,0
LEAD-05070,Website form,Manufacturing,51-200,IC,6,6,1.6,0,0,0.3,0
LEAD-05071,Paid ad,Education,51-200,IC,4,5,5.1,0,0,1.7,0
LEAD-05072,Website form,Manufacturing,11-50,IC,2,4,1.0,0,0,3.0,0
LEAD-05073,Website form,Education,51-200,IC,2,5,0.4,0,0,2.1,0
LEAD-05074,Paid ad,Finance,51-200,Director,3,4,2.4,0,1,3.6,0
LEAD-05075,Cold outbound,Healthcare,11-50,IC,4,8,4.2,0,0,7.6,0
LEAD-05076,Website form,Finance,1-10,IC,0,2,1.2,0,0,1.1,0
LEAD-05077,Paid ad,Retail,51-200,VP/C-level,1,6,0.2,0,0,0.6,0
LEAD-05078,Cold outbound,Manufacturing,11-50,IC,1,4,2.5,1,0,0.9,0
LEAD-05079,Referral,Education,11-50,Manager,4,6,2.4,0,0,4.4,0
LEAD-05080,Referral,Healthcare,51-200,VP/C-level,2,2,1.2,0,0,1.5,0
LEAD-05081,Content download,Education,201-1000,Director,4,2,7.4,0,0,0.5,0
LEAD-05082,Website form,Manufacturing,11-50,Manager,4,7,3.9,1,0,10.3,1
LEAD-05083,Content download,Manufacturing,51-200,IC,6,0,4.6,1,0,0.5,0
LEAD-05084,Website form,Manufacturing,51-200,Manager,4,0,1.0,0,1,11.5,0
LEAD-05085,Website form,SaaS,51-200,IC,3,5,1.4,0,0,0.9,0
LEAD-05086,Content download,SaaS,11-50,IC,5,4,2.3,0,0,0.3,0
LEAD-05087,Content download,Manufacturing,51-200,IC,2,4,2.8,0,0,1.9,0
LEAD-05088,Website form,Retail,1000+,Director,6,3,9.1,0,0,7.5,0
LEAD-05089,Cold outbound,Finance,201-1000,IC,4,1,3.6,0,0,1.9,0
LEAD-05090,Referral,Education,1-10,Manager,1,5,5.3,0,0,4.1,0
LEAD-05091,Website form,Finance,11-50,IC,4,2,0.4,0,0,1.7,0
LEAD-05092,Website form,Healthcare,1-10,IC,4,6,4.1,0,0,5.3,0
LEAD-05093,Cold outbound,Education,51-200,IC,3,7,3.9,0,0,3.2,0
LEAD-05094,Cold outbound,Education,201-1000,Director,0,1,6.3,0,0,6.8,0
LEAD-05095,Webinar,Retail,1-10,IC,4,5,0.4,0,0,0.2,0
LEAD-05096,Website form,Manufacturing,51-200,Manager,2,1,2.0,0,0,2.5,0
LEAD-05097,Paid ad,SaaS,11-50,VP/C-level,3,7,2.6,0,0,0.6,0
LEAD-05098,Website form,Finance,1-10,IC,2,5,0.7,0,0,1.8,0
LEAD-05099,Content download,Manufacturing,1-10,IC,2,4,2.7,0,0,9.6,0
LEAD-05100,Paid ad,Education,11-50,VP/C-level,1,2,2.7,0,0,1.4,0
LEAD-05101,Website form,Finance,51-200,IC,4,6,0.7,1,1,5.5,1
LEAD-05102,Paid ad,Finance,1-10,Manager,1,5,0.6,1,0,0.2,0
LEAD-05103,Website form,SaaS,11-50,Manager,2,5,4.9,0,0,4.2,0
LEAD-05104,Website form,Healthcare,11-50,VP/C-level,7,2,3.0,0,0,0.4,0
LEAD-05105,Website form,Healthcare,11-50,Director,2,4,3.3,0,0,0.9,0
LEAD-05106,Webinar,Healthcare,51-200,Manager,0,3,2.3,1,0,3.3,0
LEAD-05107,Referral,Healthcare,1-10,Director,4,10,2.8,0,0,5.1,0
LEAD-05108,Website form,SaaS,11-50,Manager,3,4,1.9,0,1,4.8,0
LEAD-05109,Content download,Healthcare,11-50,Director,5,6,1.3,0,0,0.4,0
LEAD-05110,Webinar,Healthcare,201-1000,IC,1,4,2.9,0,0,1.6,0
LEAD-05111,Content download,Manufacturing,201-1000,IC,2,5,0.7,0,0,0.8,0
LEAD-05112,Referral,Finance,201-1000,VP/C-level,3,3,0.9,0,0,0.7,0
LEAD-05113,Paid ad,Healthcare,11-50,VP/C-level,1,4,2.7,0,0,10.7,0
LEAD-05114,Website form,Retail,51-200,IC,3,4,3.5,0,0,1.2,0
LEAD-05115,Referral,Education,1-10,Director,0,0,2.1,1,0,15.2,0
LEAD-05116,Referral,Healthcare,1000+,Manager,6,7,2.9,0,0,1.3,1
LEAD-05117,Cold outbound,SaaS,11-50,IC,0,4,1.5,0,0,4.7,0
LEAD-05118,Paid ad,SaaS,51-200,IC,3,1,4.8,0,0,1.1,0
LEAD-05119,Cold outbound,Education,1-10,VP/C-level,2,4,2.7,1,0,7.0,1
LEAD-05120,Website form,Education,1-10,Manager,2,4,1.1,0,0,1.3,1
LEAD-05121,Website form,Retail,11-50,Director,1,4,2.1,0,0,0.0,0
LEAD-05122,Website form,Healthcare,201-1000,Manager,2,4,2.4,1,1,2.0,0
LEAD-05123,Cold outbound,SaaS,1-10,Director,5,4,2.1,0,0,1.2,0
LEAD-05124,Paid ad,Healthcare,11-50,VP/C-level,4,3,3.5,1,0,7.7,0
LEAD-05125,Webinar,Retail,1-10,IC,0,4,2.7,0,0,1.4,0
LEAD-05126,Cold outbound,Healthcare,1-10,IC,1,7,1.7,0,0,6.4,0
LEAD-05127,Website form,Manufacturing,11-50,Manager,4,4,7.8,0,0,9.7,0
LEAD-05128,Website form,SaaS,51-200,IC,4,0,3.2,0,0,6.0,0
LEAD-05129,Paid ad,SaaS,1000+,IC,4,3,1.9,0,0,1.8,0
LEAD-05130,Webinar,Retail,201-1000,IC,4,6,2.4,0,1,3.8,1
LEAD-05131,Website form,Healthcare,51-200,Manager,5,5,2.6,0,1,3.5,0
LEAD-05132,Cold outbound,Finance,201-1000,Director,1,4,1.3,0,0,0.4,1
LEAD-05133,Cold outbound,Healthcare,1-10,IC,5,4,1.2,0,0,3.2,0
LEAD-05134,Cold outbound,Manufacturing,1-10,Manager,1,4,1.1,0,1,2.1,0
LEAD-05135,Paid ad,Retail,51-200,IC,2,5,1.6,0,0,4.4,0
LEAD-05136,Webinar,Retail,1-10,IC,7,7,3.0,0,0,10.6,0
LEAD-05137,Webinar,Education,201-1000,Manager,1,4,2.1,0,0,1.1,0
LEAD-05138,Content download,Manufacturing,1-10,IC,2,3,1.9,0,0,2.7,0
LEAD-05139,Paid ad,Healthcare,51-200,IC,3,3,2.0,0,0,0.2,0
LEAD-05140,Content download,Retail,1-10,Manager,2,5,6.4,0,0,1.9,0
LEAD-05141,Webinar,Manufacturing,1-10,Manager,3,4,1.7,1,0,2.5,0
LEAD-05142,Cold outbound,Retail,1-10,Manager,4,3,0.7,1,0,1.4,1
LEAD-05143,Cold outbound,Education,11-50,IC,6,5,3.1,0,0,3.3,0
LEAD-05144,Cold outbound,Manufacturing,1000+,Manager,5,4,1.2,0,0,1.1,0
LEAD-05145,Cold outbound,Retail,11-50,IC,3,5,1.5,0,0,0.3,0
LEAD-05146,Paid ad,Education,51-200,IC,0,5,2.2,0,0,3.9,0
LEAD-05147,Website form,Education,201-1000,Manager,2,5,1.0,0,0,0.9,0
LEAD-05148,Website form,Education,1-10,VP/C-level,4,3,2.3,0,1,2.2,0
LEAD-05149,Cold outbound,Finance,1-10,IC,3,2,2.3,0,0,0.9,0
LEAD-05150,Content download,Healthcare,11-50,Director,3,3,3.9,0,0,8.9,1
LEAD-05151,Website form,Healthcare,51-200,Manager,1,3,1.3,1,0,0.5,0
LEAD-05152,Content download,Healthcare,1-10,Manager,2,5,10.0,1,0,1.0,0
LEAD-05153,Website form,Education,11-50,Manager,5,3,1.8,1,0,4.1,0
LEAD-05154,Cold outbound,Education,1-10,IC,4,4,0.8,1,0,4.3,0
LEAD-05155,Content download,SaaS,11-50,IC,2,2,2.9,0,1,1.2,0
LEAD-05156,Cold outbound,Healthcare,11-50,IC,4,6,2.7,0,0,0.2,1
LEAD-05157,Content download,Healthcare,1-10,Director,0,2,3.4,0,0,0.9,0
LEAD-05158,Website form,Healthcare,1-10,Manager,2,5,0.8,0,0,2.4,0
LEAD-05159,Webinar,Finance,201-1000,Manager,1,7,0.6,0,1,3.3,1
LEAD-05160,Webinar,SaaS,11-50,Director,1,6,0.2,0,0,0.8,0
LEAD-05161,Cold outbound,Retail,11-50,IC,4,4,3.6,1,0,0.3,0
LEAD-05162,Website form,Education,1-10,IC,1,4,3.2,0,0,2.1,0
LEAD-05163,Cold outbound,Manufacturing,201-1000,Director,2,4,3.6,1,0,4.5,0
LEAD-05164,Content download,SaaS,51-200,Manager,2,4,1.3,0,0,3.9,0
LEAD-05165,Website form,Education,201-1000,Manager,2,1,5.5,0,0,2.1,0
LEAD-05166,Paid ad,Manufacturing,1-10,Manager,3,5,2.7,0,0,6.1,0
LEAD-05167,Webinar,Manufacturing,11-50,Manager,2,3,1.9,0,0,0.5,0
LEAD-05168,Content download,Retail,51-200,IC,2,5,2.9,0,0,0.4,0
LEAD-05169,Website form,Healthcare,51-200,Manager,4,4,1.1,0,0,4.7,1
LEAD-05170,Content download,Education,51-200,IC,4,3,4.3,1,0,1.3,1
LEAD-05171,Website form,Retail,51-200,Manager,3,3,0.5,0,0,2.6,1
LEAD-05172,Content download,Education,201-1000,IC,10,4,1.5,0,0,4.0,0
LEAD-05173,Content download,Retail,11-50,VP/C-level,2,2,1.2,0,0,3.9,0
LEAD-05174,Content download,Education,1-10,Manager,8,5,3.3,0,0,1.9,0
LEAD-05175,Webinar,Education,51-200,VP/C-level,2,5,4.5,0,0,3.4,0
LEAD-05176,Website form,Retail,11-50,Director,2,2,5.5,0,0,2.7,0
LEAD-05177,Webinar,Retail,1-10,VP/C-level,1,9,2.5,0,0,2.4,0
LEAD-05178,Website form,Retail,11-50,Manager,3,2,8.9,1,0,3.3,0
LEAD-05179,Webinar,Manufacturing,51-200,IC,6,8,3.9,0,0,0.0,0
LEAD-05180,Content download,Finance,1-10,Manager,5,3,0.4,0,0,0.5,0
LEAD-05181,Content download,Finance,1-10,VP/C-level,2,0,0.6,1,0,4.4,0
LEAD-05182,Website form,Education,51-200,Director,3,2,2.8,0,0,2.4,1
LEAD-05183,Webinar,Education,1-10,VP/C-level,1,5,3.3,1,1,3.2,1
LEAD-05184,Cold outbound,Healthcare,51-200,VP/C-level,3,4,1.1,0,0,1.8,1
LEAD-05185,Webinar,Education,201-1000,Director,4,6,1.5,1,0,3.3,1
LEAD-05186,Referral,Manufacturing,11-50,IC,4,4,0.6,1,0,0.2,1
LEAD-05187,Content download,Manufacturing,51-200,Manager,5,5,7.1,0,0,5.8,0
LEAD-05188,Website form,Education,201-1000,IC,6,3,2.7,1,0,3.0,1
LEAD-05189,Webinar,Healthcare,201-1000,IC,2,4,2.3,0,0,3.0,0
LEAD-05190,Website form,Retail,1-10,IC,1,2,1.5,1,0,6.0,1
LEAD-05191,Content download,SaaS,11-50,Manager,1,4,3.0,0,0,1.1,0
LEAD-05192,Content download,Education,201-1000,Manager,3,0,1.2,1,0,3.5,1
LEAD-05193,Referral,SaaS,1-10,IC,4,5,6.9,1,0,0.4,0
LEAD-05194,Webinar,Manufacturing,51-200,IC,4,3,6.3,0,0,0.3,0
LEAD-05195,Cold outbound,Finance,51-200,Director,2,2,1.0,0,0,10.2,0
LEAD-05196,Content download,Manufacturing,51-200,Director,4,5,3.2,0,0,2.0,0
LEAD-05197,Website form,Education,51-200,IC,2,1,2.1,0,0,1.5,0
LEAD-05198,Website form,Retail,1-10,Manager,3,1,0.4,0,0,0.2,0
LEAD-05199,Website form,Healthcare,11-50,IC,3,6,3.8,0,0,1.0,0
LEAD-05200,Content download,Healthcare,1-10,Manager,1,5,3.8,0,0,2.8,0
LEAD-05201,Website form,Manufacturing,11-50,Manager,5,2,2.0,0,0,8.6,0
LEAD-05202,Cold outbound,Finance,11-50,IC,4,4,0.3,1,0,3.0,0
LEAD-05203,Content download,Education,11-50,Manager,3,5,0.9,0,0,2.4,0
LEAD-05204,Referral,Education,11-50,Manager,1,4,3.1,0,0,10.3,0
LEAD-05205,Website form,Education,51-200,Manager,0,1,1.2,0,0,0.5,0
LEAD-05206,Cold outbound,Manufacturing,11-50,VP/C-level,0,3,2.0,1,0,1.2,0
LEAD-05207,Referral,Healthcare,11-50,Director,3,2,2.2,0,0,0.8,0
LEAD-05208,Content download,Finance,201-1000,Manager,4,7,1.4,0,0,1.3,0
LEAD-05209,Website form,SaaS,51-200,Director,1,5,2.8,1,0,1.6,1
LEAD-05210,Paid ad,Finance,1-10,Director,2,4,5.0,0,0,0.0,0
LEAD-05211,Paid ad,Retail,11-50,IC,3,1,1.0,0,0,2.3,0
LEAD-05212,Website form,SaaS,11-50,IC,4,4,0.5,0,0,3.0,0
LEAD-05213,Website form,SaaS,201-1000,IC,5,6,5.6,1,0,0.2,0
LEAD-05214,Content download,Retail,51-200,Manager,5,4,1.2,0,0,1.2,0
LEAD-05215,Website form,Manufacturing,51-200,IC,5,5,2.3,0,0,1.7,0
LEAD-05216,Paid ad,SaaS,11-50,IC,1,4,2.6,0,0,1.9,0
LEAD-05217,Website form,Manufacturing,11-50,Director,7,4,1.1,1,1,3.7,1
LEAD-05218,Cold outbound,Finance,1-10,Manager,5,4,2.6,0,0,2.8,0
LEAD-05219,Cold outbound,SaaS,11-50,Manager,2,3,2.0,0,0,0.5,0
LEAD-05220,Website form,Retail,11-50,Manager,2,0,4.3,0,0,0.1,0
LEAD-05221,Website form,Education,51-200,IC,7,6,2.2,0,0,4.1,0
LEAD-05222,Cold outbound,Retail,51-200,Manager,2,5,2.6,0,0,2.4,0
LEAD-05223,Website form,SaaS,11-50,IC,2,4,2.4,0,0,0.6,0
LEAD-05224,Paid ad,Education,51-200,IC,1,4,2.1,1,0,9.1,0
LEAD-05225,Paid ad,SaaS,1-10,IC,3,5,6.2,0,0,5.7,0
LEAD-05226,Webinar,Manufacturing,1-10,IC,2,3,0.4,0,0,1.3,0
LEAD-05227,Cold outbound,Education,51-200,Manager,6,3,4.3,1,0,4.7,1
LEAD-05228,Website form,Healthcare,11-50,IC,4,10,5.2,0,0,5.0,0
LEAD-05229,Cold outbound,Education,51-200,Director,3,5,0.7,1,1,4.3,0
LEAD-05230,Paid ad,SaaS,51-200,IC,3,5,1.0,0,0,0.6,0
LEAD-05231,Website form,SaaS,11-50,IC,2,4,2.2,0,1,7.5,0
LEAD-05232,Cold outbound,Retail,1-10,Manager,3,3,1.0,0,0,0.7,1
LEAD-05233,Content download,SaaS,1-10,IC,4,3,2.2,0,0,3.7,0
LEAD-05234,Content download,Education,1-10,Manager,4,4,1.8,0,0,1.8,0
LEAD-05235,Content download,Education,1-10,Manager,4,8,2.8,0,0,3.1,0
LEAD-05236,Content download,Manufacturing,1-10,Director,3,10,2.8,0,0,0.8,0
LEAD-05237,Paid ad,SaaS,1-10,IC,1,5,2.8,0,0,7.9,0
LEAD-05238,Cold outbound,Education,11-50,Director,4,2,2.9,0,0,0.8,0
LEAD-05239,Content download,Finance,1-10,VP/C-level,3,4,1.1,0,0,3.7,0
LEAD-05240,Referral,Finance,201-1000,IC,6,8,1.2,0,0,1.0,0
LEAD-05241,Referral,Healthcare,201-1000,IC,1,1,2.0,0,1,7.6,0
LEAD-05242,Webinar,Education,11-50,Manager,5,3,1.5,0,0,4.5,0
LEAD-05243,Paid ad,Manufacturing,1-10,Manager,1,2,2.0,1,0,0.2,0
LEAD-05244,Website form,SaaS,51-200,IC,2,2,3.7,0,0,15.5,0
LEAD-05245,Referral,Retail,11-50,VP/C-level,3,3,2.0,0,0,1.3,0
LEAD-05246,Website form,Healthcare,201-1000,VP/C-level,7,3,1.0,0,0,0.9,1
LEAD-05247,Cold outbound,Healthcare,51-200,Director,2,3,4.3,0,0,3.5,0
LEAD-05248,Paid ad,Education,1-10,Manager,3,5,1.1,0,0,4.2,0
LEAD-05249,Website form,Manufacturing,201-1000,Manager,2,6,0.6,0,0,8.6,0
LEAD-05250,Cold outbound,SaaS,1-10,VP/C-level,5,8,1.3,1,0,0.9,1
LEAD-05251,Cold outbound,Retail,11-50,Director,2,3,2.2,0,0,5.5,0
LEAD-05252,Content download,Retail,11-50,IC,0,2,1.2,1,0,3.4,0
LEAD-05253,Paid ad,SaaS,51-200,IC,3,2,1.4,0,0,0.2,0
LEAD-05254,Website form,Manufacturing,1-10,Manager,4,7,3.2,1,0,1.6,1
LEAD-05255,Content download,Manufacturing,11-50,IC,3,2,1.7,0,0,3.0,0
LEAD-05256,Referral,Finance,11-50,Director,0,5,2.0,0,0,0.0,0
LEAD-05257,Website form,Education,11-50,VP/C-level,7,3,1.3,0,0,3.8,0
LEAD-05258,Content download,Healthcare,1-10,Manager,4,7,2.6,0,0,3.1,0
LEAD-05259,Referral,Finance,201-1000,IC,3,3,0.5,0,1,1.4,0
LEAD-05260,Content download,SaaS,51-200,Manager,4,5,9.4,0,0,2.5,1
LEAD-05261,Cold outbound,Retail,1-10,Manager,1,6,1.3,0,0,1.6,0
LEAD-05262,Paid ad,SaaS,11-50,Manager,4,5,3.2,0,0,2.4,0
LEAD-05263,Website form,Healthcare,11-50,Manager,2,3,1.5,1,0,3.0,0
LEAD-05264,Cold outbound,SaaS,51-200,Manager,2,2,2.4,0,1,3.7,1
LEAD-05265,Cold outbound,SaaS,1-10,IC,3,6,4.4,0,0,0.2,0
LEAD-05266,Website form,Finance,1-10,Director,3,3,0.2,0,0,4.6,0
LEAD-05267,Cold outbound,Finance,11-50,IC,4,2,1.8,0,0,2.3,0
LEAD-05268,Webinar,Finance,1-10,IC,4,5,1.4,0,0,0.2,0
LEAD-05269,Referral,Finance,11-50,IC,1,8,2.3,0,0,10.4,0
LEAD-05270,Content download,Manufacturing,51-200,Manager,4,8,2.3,0,1,8.7,0
LEAD-05271,Website form,Retail,1-10,IC,2,3,1.1,0,0,1.5,0
LEAD-05272,Paid ad,Manufacturing,51-200,Manager,4,3,1.1,0,0,9.0,0
LEAD-05273,Cold outbound,Healthcare,51-200,IC,1,11,3.2,0,0,1.9,0
LEAD-05274,Cold outbound,Retail,51-200,Director,1,9,3.0,1,0,2.2,1
LEAD-05275,Website form,SaaS,11-50,Director,1,4,1.7,1,0,3.8,0
LEAD-05276,Cold outbound,Healthcare,11-50,IC,3,3,3.1,0,0,0.1,0
LEAD-05277,Website form,Education,201-1000,VP/C-level,1,8,8.4,0,0,1.6,1
LEAD-05278,Paid ad,Finance,201-1000,Manager,5,6,2.6,1,0,14.2,0
LEAD-05279,Cold outbound,SaaS,201-1000,Director,0,5,6.3,0,0,0.0,0
LEAD-05280,Referral,Manufacturing,1-10,IC,2,2,2.3,1,0,2.5,0
LEAD-05281,Paid ad,SaaS,201-1000,Manager,4,4,0.5,0,0,2.7,0
LEAD-05282,Content download,Finance,51-200,IC,3,3,2.3,0,0,0.8,0
LEAD-05283,Website form,Healthcare,1-10,Manager,2,3,3.4,0,0,4.1,0
LEAD-05284,Cold outbound,SaaS,1-10,Director,2,4,0.2,0,0,0.9,0
LEAD-05285,Referral,Finance,1-10,IC,4,3,0.5,0,0,6.3,0
LEAD-05286,Content download,Education,1000+,IC,3,3,3.2,0,0,1.2,0
LEAD-05287,Content download,Healthcare,11-50,Director,3,3,2.3,1,0,0.0,0
LEAD-05288,Website form,Manufacturing,1-10,Director,2,4,2.3,0,0,1.4,0
LEAD-05289,Referral,Manufacturing,201-1000,Manager,4,5,0.8,0,0,5.1,0
LEAD-05290,Cold outbound,Healthcare,1000+,Manager,4,4,1.4,0,0,8.3,0
LEAD-05291,Website form,Education,201-1000,IC,4,3,3.1,0,0,6.2,0
LEAD-05292,Website form,Healthcare,51-200,Manager,3,3,0.9,1,0,2.9,0
LEAD-05293,Webinar,SaaS,1-10,IC,2,4,3.0,0,0,4.4,0
LEAD-05294,Cold outbound,SaaS,1-10,Manager,5,2,1.5,0,1,0.2,0
LEAD-05295,Webinar,Healthcare,1-10,Manager,3,4,6.4,0,0,0.1,0
LEAD-05296,Website form,Manufacturing,11-50,IC,1,4,2.9,0,0,1.1,0
LEAD-05297,Paid ad,Retail,11-50,Manager,2,3,2.5,0,1,6.7,0
LEAD-05298,Website form,Manufacturing,1-10,IC,2,2,1.0,0,1,4.2,0
LEAD-05299,Referral,Education,51-200,Manager,2,4,0.7,0,0,5.5,0
LEAD-05300,Cold outbound,Healthcare,201-1000,IC,6,6,1.5,0,0,6.4,1
LEAD-05301,Website form,Retail,11-50,IC,1,5,0.3,1,1,5.6,0
LEAD-05302,Content download,Education,11-50,VP/C-level,5,2,1.2,0,1,9.0,0
LEAD-05303,Content download,Healthcare,51-200,Director,2,6,2.0,1,0,3.2,0
LEAD-05304,Content download,Manufacturing,1-10,Manager,4,4,1.4,0,0,1.3,0
LEAD-05305,Paid ad,Education,201-1000,IC,5,7,0.5,0,1,6.4,0
LEAD-05306,Webinar,Retail,1-10,IC,2,7,5.3,0,0,5.9,0
LEAD-05307,Content download,Education,1-10,VP/C-level,2,6,1.1,0,0,0.9,0
LEAD-05308,Content download,Manufacturing,51-200,IC,6,5,1.1,0,0,8.1,0
LEAD-05309,Website form,Manufacturing,1-10,Manager,6,3,4.5,1,0,0.9,1
LEAD-05310,Content download,Education,11-50,IC,3,7,2.1,0,1,0.4,0
LEAD-05311,Webinar,Retail,51-200,Manager,1,1,0.6,0,0,1.0,0
LEAD-05312,Cold outbound,Healthcare,201-1000,Manager,1,5,0.5,0,0,1.4,0
LEAD-05313,Cold outbound,Retail,1-10,Manager,2,4,1.9,0,1,0.1,0
LEAD-05314,Website form,Finance,51-200,IC,2,5,2.1,0,0,1.6,0
LEAD-05315,Cold outbound,Retail,1-10,IC,1,4,2.2,0,0,2.7,0
LEAD-05316,Webinar,Finance,201-1000,Director,2,8,2.6,0,0,0.3,0
LEAD-05317,Website form,SaaS,51-200,IC,6,2,1.1,0,1,3.5,0
LEAD-05318,Website form,SaaS,1-10,Director,3,4,1.3,0,0,0.2,0
LEAD-05319,Referral,Healthcare,11-50,Manager,7,6,4.2,0,0,1.6,0
LEAD-05320,Paid ad,Education,11-50,IC,1,7,8.2,1,0,5.3,0
LEAD-05321,Content download,Education,1-10,Manager,4,2,6.3,1,0,0.3,0
LEAD-05322,Cold outbound,Retail,51-200,Director,3,5,3.3,0,1,3.2,0
LEAD-05323,Cold outbound,Manufacturing,51-200,IC,3,4,0.7,0,0,1.9,0
LEAD-05324,Content download,Healthcare,201-1000,IC,3,2,3.2,0,0,12.1,0
LEAD-05325,Webinar,Retail,1-10,IC,3,2,3.8,1,0,3.1,0
LEAD-05326,Webinar,SaaS,51-200,VP/C-level,3,2,1.6,0,0,3.6,1
LEAD-05327,Paid ad,Retail,11-50,IC,2,4,2.5,0,0,1.3,0
LEAD-05328,Website form,Finance,11-50,Director,1,7,2.4,0,0,14.9,0
LEAD-05329,Content download,SaaS,11-50,Manager,3,0,5.7,1,1,0.5,0
LEAD-05330,Cold outbound,Healthcare,11-50,Director,2,7,1.3,0,0,1.0,1
LEAD-05331,Referral,Education,201-1000,Manager,2,4,1.5,0,0,1.0,0
LEAD-05332,Cold outbound,Finance,201-1000,Manager,3,5,1.3,0,0,1.1,0
LEAD-05333,Referral,SaaS,51-200,IC,1,2,3.5,0,0,0.3,0
LEAD-05334,Webinar,Education,51-200,Manager,0,4,0.5,0,0,5.2,0
LEAD-05335,Content download,Retail,11-50,Manager,3,6,1.7,1,0,0.9,0
LEAD-05336,Content download,SaaS,11-50,Manager,4,4,3.4,0,1,6.5,1
LEAD-05337,Content download,Healthcare,1-10,Manager,5,3,3.7,0,0,1.6,0
LEAD-05338,Content download,Education,11-50,Manager,3,4,2.3,0,0,3.2,0
LEAD-05339,Website form,Retail,1-10,Manager,2,2,1.0,0,0,3.5,0
LEAD-05340,Cold outbound,Education,51-200,IC,2,4,2.4,0,0,0.1,0
LEAD-05341,Webinar,Retail,11-50,IC,5,6,5.0,0,0,1.2,0
LEAD-05342,Paid ad,Education,11-50,IC,4,3,2.9,0,0,6.2,0
LEAD-05343,Content download,Retail,1000+,IC,1,3,4.1,0,0,6.0,0
LEAD-05344,Content download,Retail,11-50,IC,3,7,1.7,1,0,11.4,0
LEAD-05345,Referral,Manufacturing,1-10,Manager,3,4,3.0,0,0,2.7,0
LEAD-05346,Website form,SaaS,201-1000,Director,2,3,2.1,0,0,0.5,0
LEAD-05347,Content download,Education,11-50,IC,4,8,2.3,1,0,1.0,0
LEAD-05348,Cold outbound,Retail,11-50,Manager,1,5,3.2,0,1,1.6,0
LEAD-05349,Website form,Manufacturing,1-10,Manager,1,5,1.3,0,0,3.0,0
LEAD-05350,Content download,SaaS,201-1000,Director,4,5,1.6,0,0,1.6,1
LEAD-05351,Cold outbound,SaaS,1000+,Director,2,7,1.5,1,0,6.3,0
LEAD-05352,Cold outbound,Finance,201-1000,Manager,0,6,5.9,0,0,0.3,0
LEAD-05353,Content download,SaaS,51-200,Manager,4,3,2.4,0,0,0.1,0
LEAD-05354,Content download,Retail,51-200,IC,2,4,9.5,1,0,0.9,0
LEAD-05355,Website form,Finance,11-50,Manager,2,6,1.9,0,0,0.3,0
LEAD-05356,Cold outbound,Retail,11-50,Manager,5,3,0.6,0,0,5.0,0
LEAD-05357,Webinar,Retail,201-1000,Manager,3,8,4.9,0,1,11.3,0
LEAD-05358,Cold outbound,Finance,11-50,IC,3,3,1.4,0,1,1.9,0
LEAD-05359,Content download,Healthcare,11-50,IC,4,3,3.6,1,0,1.3,0
LEAD-05360,Webinar,SaaS,11-50,Manager,4,3,4.2,0,0,2.0,0
LEAD-05361,Content download,Healthcare,51-200,IC,2,6,1.0,0,1,1.0,0
LEAD-05362,Content download,Education,201-1000,IC,5,3,3.4,0,0,6.7,0
LEAD-05363,Website form,Manufacturing,51-200,IC,4,3,3.1,0,1,2.4,0
LEAD-05364,Website form,Retail,1000+,IC,3,4,1.5,1,0,1.9,0
LEAD-05365,Paid ad,SaaS,11-50,IC,4,1,3.3,0,0,2.5,0
LEAD-05366,Paid ad,Retail,51-200,IC,2,3,4.3,0,0,6.2,0
LEAD-05367,Website form,Manufacturing,51-200,IC,4,1,2.8,0,0,6.0,0
LEAD-05368,Cold outbound,Manufacturing,11-50,IC,4,3,3.5,1,0,2.9,0
LEAD-05369,Website form,SaaS,51-200,IC,3,3,1.9,0,0,9.1,0
LEAD-05370,Content download,Finance,11-50,Director,2,5,0.6,0,0,0.3,0
LEAD-05371,Paid ad,SaaS,11-50,IC,1,3,5.5,0,0,1.5,0
LEAD-05372,Paid ad,Retail,1-10,Manager,4,1,0.1,1,0,3.5,0
LEAD-05373,Website form,Finance,201-1000,IC,5,8,0.7,0,0,16.3,0
LEAD-05374,Cold outbound,Retail,51-200,VP/C-level,3,2,3.9,0,0,1.9,1
LEAD-05375,Website form,Healthcare,1-10,IC,1,4,3.8,0,0,1.7,0
LEAD-05376,Website form,Education,201-1000,IC,5,6,0.7,1,0,4.2,1
LEAD-05377,Content download,Manufacturing,1-10,Director,1,2,2.2,0,0,0.1,0
LEAD-05378,Content download,Finance,1-10,Director,6,2,3.8,1,0,1.1,1
LEAD-05379,Content download,SaaS,51-200,Manager,3,7,2.9,0,0,0.4,0
LEAD-05380,Referral,Education,201-1000,Manager,1,4,1.9,0,0,0.1,0
LEAD-05381,Cold outbound,Manufacturing,1000+,IC,2,7,4.0,1,0,3.1,0
LEAD-05382,Website form,Retail,11-50,IC,3,6,2.0,1,1,3.0,1
LEAD-05383,Referral,Retail,1-10,IC,4,2,0.7,0,0,0.1,0
LEAD-05384,Referral,Education,1-10,Director,6,5,1.6,0,0,1.1,0
LEAD-05385,Content download,Education,11-50,Manager,1,2,3.0,0,1,11.0,0
LEAD-05386,Webinar,Education,1-10,Director,5,2,4.7,0,0,3.7,1
LEAD-05387,Content download,Education,11-50,IC,2,5,0.8,0,0,0.4,1
LEAD-05388,Cold outbound,Finance,51-200,Director,3,2,0.9,0,0,2.2,1
LEAD-05389,Webinar,Manufacturing,51-200,Director,5,5,3.3,1,0,1.8,0
LEAD-05390,Website form,Healthcare,1-10,VP/C-level,2,4,5.6,0,1,0.5,1
LEAD-05391,Cold outbound,Finance,201-1000,Director,2,2,0.7,0,0,0.4,0
LEAD-05392,Website form,Finance,51-200,IC,3,6,0.7,0,0,0.4,0
LEAD-05393,Referral,Healthcare,201-1000,IC,5,5,2.2,0,0,11.5,1
LEAD-05394,Content download,Education,51-200,Director,2,2,2.9,0,0,6.5,1
LEAD-05395,Content download,Healthcare,11-50,Manager,5,2,4.4,0,0,3.3,0
LEAD-05396,Cold outbound,Healthcare,51-200,IC,7,6,6.0,1,0,6.3,1
LEAD-05397,Website form,Healthcare,1000+,Manager,5,6,4.0,0,1,1.1,1
LEAD-05398,Webinar,Healthcare,51-200,IC,1,2,8.8,0,0,2.7,0
LEAD-05399,Website form,Finance,1-10,Manager,3,6,1.5,0,0,1.5,0
LEAD-05400,Cold outbound,Manufacturing,51-200,Director,3,5,2.5,1,0,7.4,0
LEAD-05401,Website form,SaaS,1-10,Director,2,5,0.7,0,0,2.8,0
LEAD-05402,Website form,Retail,1-10,VP/C-level,2,1,3.0,0,0,5.7,0
LEAD-05403,Referral,SaaS,11-50,IC,1,5,4.1,0,0,1.1,0
LEAD-05404,Content download,Manufacturing,1-10,Manager,5,2,0.5,1,1,9.2,1
LEAD-05405,Website form,Manufacturing,51-200,Manager,4,4,1.6,0,0,2.3,0
LEAD-05406,Content download,Education,51-200,Manager,2,3,4.8,0,1,10.0,0
LEAD-05407,Website form,Retail,1-10,Manager,8,3,1.4,1,0,3.6,0
LEAD-05408,Website form,Manufacturing,1000+,Director,6,7,1.2,1,0,6.4,1
LEAD-05409,Webinar,Finance,11-50,VP/C-level,2,2,3.5,0,0,4.1,0
LEAD-05410,Referral,Healthcare,1-10,IC,2,3,7.2,0,0,1.9,0
LEAD-05411,Content download,Healthcare,51-200,IC,1,5,0.8,0,1,0.9,0
LEAD-05412,Cold outbound,SaaS,11-50,IC,5,1,0.9,0,1,0.2,0
LEAD-05413,Website form,Manufacturing,201-1000,Manager,3,2,3.7,0,1,2.9,0
LEAD-05414,Cold outbound,SaaS,201-1000,Manager,4,5,6.4,0,1,2.7,0
LEAD-05415,Webinar,Education,201-1000,Manager,1,5,0.8,1,0,1.6,0
LEAD-05416,Content download,Education,201-1000,IC,2,4,4.8,0,0,1.1,1
LEAD-05417,Website form,Education,1-10,IC,4,3,3.3,0,0,6.5,0
LEAD-05418,Webinar,SaaS,201-1000,Manager,6,4,2.4,0,0,2.7,0
LEAD-05419,Cold outbound,Healthcare,1-10,Manager,3,7,0.8,1,0,14.6,0
LEAD-05420,Website form,Education,1-10,IC,4,9,0.6,0,0,2.5,0
LEAD-05421,Website form,Retail,11-50,IC,2,3,0.8,0,0,4.8,0
LEAD-05422,Referral,Retail,51-200,VP/C-level,2,1,1.6,0,1,4.8,0
LEAD-05423,Website form,Healthcare,51-200,IC,3,1,4.6,0,1,3.1,1
LEAD-05424,Content download,Education,11-50,Manager,7,4,4.2,0,0,3.6,0
LEAD-05425,Paid ad,Retail,11-50,IC,6,5,2.9,0,0,1.6,1
LEAD-05426,Website form,Healthcare,201-1000,VP/C-level,1,2,0.7,0,0,5.3,0
LEAD-05427,Webinar,Education,1-10,IC,3,5,3.1,1,0,0.8,0
LEAD-05428,Website form,Retail,1-10,Manager,2,3,2.3,0,0,0.3,0
LEAD-05429,Cold outbound,Education,11-50,IC,0,8,0.2,0,0,4.2,0
LEAD-05430,Content download,Retail,51-200,VP/C-level,4,8,4.4,0,0,1.0,1
LEAD-05431,Cold outbound,Healthcare,11-50,IC,2,6,3.1,0,0,4.5,0
LEAD-05432,Cold outbound,Education,11-50,VP/C-level,6,6,4.4,1,1,1.0,1
LEAD-05433,Website form,SaaS,51-200,IC,6,3,2.6,1,0,4.7,0
LEAD-05434,Webinar,Healthcare,51-200,Director,4,4,1.0,1,0,2.3,1
LEAD-05435,Cold outbound,Finance,201-1000,VP/C-level,1,9,5.2,0,1,5.6,1
LEAD-05436,Website form,SaaS,1-10,Manager,4,3,2.5,0,0,8.8,0
LEAD-05437,Webinar,SaaS,1-10,IC,3,5,2.9,0,1,2.2,0
LEAD-05438,Content download,Finance,51-200,IC,1,8,0.1,0,0,0.5,0
LEAD-05439,Referral,Education,201-1000,Director,3,2,3.3,0,0,3.0,0
LEAD-05440,Webinar,Finance,11-50,Director,0,7,5.9,1,0,0.2,1
LEAD-05441,Webinar,Education,201-1000,Manager,5,4,0.6,0,1,8.1,1
LEAD-05442,Webinar,SaaS,1-10,Manager,3,1,1.8,0,1,2.8,0
LEAD-05443,Cold outbound,Manufacturing,201-1000,Director,1,5,3.0,1,0,0.6,0
LEAD-05444,Referral,SaaS,1-10,Manager,4,7,2.3,0,0,0.7,0
LEAD-05445,Website form,Education,11-50,Director,2,5,2.7,0,0,0.0,0
LEAD-05446,Cold outbound,Finance,1-10,IC,3,4,3.1,0,0,2.2,0
LEAD-05447,Webinar,Retail,11-50,Manager,2,3,1.1,0,0,1.9,0
LEAD-05448,Paid ad,Manufacturing,11-50,IC,3,8,0.5,0,0,0.4,0
LEAD-05449,Cold outbound,Healthcare,11-50,Director,2,6,1.5,1,0,5.4,0
LEAD-05450,Website form,SaaS,1-10,Manager,4,4,4.0,0,0,10.5,0
LEAD-05451,Webinar,Manufacturing,11-50,VP/C-level,1,4,0.9,1,0,2.0,0
LEAD-05452,Webinar,Healthcare,51-200,VP/C-level,4,1,1.3,0,0,1.9,0
LEAD-05453,Website form,Healthcare,1-10,IC,1,4,0.5,0,0,3.1,0
LEAD-05454,Cold outbound,Retail,11-50,IC,3,4,0.5,0,1,3.7,0
LEAD-05455,Paid ad,SaaS,11-50,Manager,3,2,1.7,1,0,0.0,0
LEAD-05456,Cold outbound,Finance,1000+,IC,4,3,1.2,0,0,8.1,0
LEAD-05457,Website form,SaaS,1-10,Director,0,1,1.8,0,0,3.1,0
LEAD-05458,Website form,SaaS,51-200,Manager,1,3,1.5,0,1,5.0,0
LEAD-05459,Webinar,Healthcare,1-10,IC,3,3,1.8,0,0,1.9,0
LEAD-05460,Website form,Education,11-50,IC,7,1,0.6,1,0,0.7,0
LEAD-05461,Content download,Education,51-200,Manager,3,4,0.6,1,0,2.9,1
LEAD-05462,Paid ad,SaaS,11-50,IC,2,0,2.6,0,0,1.1,1
LEAD-05463,Webinar,SaaS,1-10,Manager,3,5,1.2,1,0,0.2,0
LEAD-05464,Website form,Education,11-50,Director,4,3,1.2,0,0,0.8,1
LEAD-05465,Cold outbound,Manufacturing,11-50,Director,4,2,2.4,1,0,2.9,0
LEAD-05466,Paid ad,Healthcare,1000+,IC,1,2,4.0,1,1,2.9,1
LEAD-05467,Website form,Retail,51-200,VP/C-level,5,1,1.3,0,0,2.8,0
LEAD-05468,Website form,Manufacturing,51-200,Manager,2,6,2.1,1,0,1.7,1
LEAD-05469,Paid ad,Healthcare,51-200,Manager,1,4,1.0,1,0,1.0,1
LEAD-05470,Webinar,Healthcare,201-1000,Director,3,3,0.4,0,0,3.7,0
LEAD-05471,Cold outbound,SaaS,51-200,Manager,2,1,1.2,0,0,2.4,0
LEAD-05472,Content download,Finance,1-10,IC,0,3,2.8,1,0,3.9,0
LEAD-05473,Webinar,Finance,1-10,IC,5,2,1.1,1,0,0.9,1
LEAD-05474,Paid ad,SaaS,51-200,Manager,3,5,2.0,0,0,1.9,0
LEAD-05475,Website form,SaaS,1-10,IC,2,4,3.9,1,0,2.0,0
LEAD-05476,Referral,Retail,11-50,IC,2,6,2.0,0,0,0.8,1
LEAD-05477,Paid ad,Retail,1-10,Director,4,4,3.5,0,0,0.0,0
LEAD-05478,Cold outbound,SaaS,1000+,Manager,3,6,8.3,0,0,10.4,0
LEAD-05479,Cold outbound,Finance,1000+,Director,3,5,6.7,1,1,3.3,0
LEAD-05480,Website form,Finance,11-50,IC,5,4,2.4,0,0,1.9,0
LEAD-05481,Website form,Healthcare,51-200,IC,2,6,1.5,0,0,1.2,0
LEAD-05482,Website form,Manufacturing,1-10,IC,2,4,1.5,0,0,1.3,0
LEAD-05483,Cold outbound,SaaS,1-10,IC,3,6,4.1,0,1,3.6,0
LEAD-05484,Website form,Manufacturing,11-50,IC,1,2,4.9,1,0,0.5,0
LEAD-05485,Webinar,Education,51-200,Manager,0,6,3.2,0,0,0.8,0
LEAD-05486,Cold outbound,Finance,1-10,Manager,1,6,0.2,0,0,2.6,0
LEAD-05487,Website form,Education,1-10,VP/C-level,3,3,2.6,0,1,0.6,0
LEAD-05488,Webinar,Education,11-50,Manager,3,4,0.5,1,1,2.1,1
LEAD-05489,Content download,Education,11-50,Manager,2,0,0.9,0,1,2.0,0
LEAD-05490,Cold outbound,Retail,51-200,Manager,2,4,0.4,0,0,1.8,0
LEAD-05491,Website form,Manufacturing,51-200,Manager,4,3,4.8,1,0,1.4,1
LEAD-05492,Cold outbound,Manufacturing,11-50,VP/C-level,1,1,8.9,0,0,3.3,1
LEAD-05493,Content download,Healthcare,11-50,IC,1,3,2.5,0,0,2.1,0
LEAD-05494,Cold outbound,Retail,11-50,IC,3,4,0.7,0,0,2.5,0
LEAD-05495,Paid ad,Retail,1000+,IC,3,7,1.1,0,0,3.4,0
LEAD-05496,Webinar,Education,1-10,Director,3,3,3.0,0,0,2.1,0
LEAD-05497,Cold outbound,SaaS,11-50,Manager,2,3,1.2,0,0,12.6,0
LEAD-05498,Website form,SaaS,51-200,IC,2,5,1.9,1,0,2.7,1
LEAD-05499,Cold outbound,Healthcare,11-50,Manager,1,3,0.6,1,0,1.2,1
LEAD-05500,Website form,Manufacturing,1-10,VP/C-level,1,3,1.7,0,0,1.2,1
LEAD-05501,Referral,Retail,11-50,Manager,2,5,1.7,1,0,2.4,0
LEAD-05502,Referral,Education,11-50,IC,3,4,1.4,0,0,1.4,0
LEAD-05503,Website form,Education,201-1000,Director,2,7,0.6,0,0,0.3,0
LEAD-05504,Cold outbound,Healthcare,11-50,Manager,1,3,0.9,0,0,1.0,0
LEAD-05505,Content download,Healthcare,1-10,Director,4,8,5.8,0,0,2.9,0
LEAD-05506,Website form,Manufacturing,11-50,Manager,4,9,3.2,0,0,9.3,1
LEAD-05507,Cold outbound,Manufacturing,51-200,Director,4,5,1.5,0,0,0.2,0
LEAD-05508,Website form,Healthcare,1-10,IC,1,5,3.5,1,0,3.7,0
LEAD-05509,Cold outbound,SaaS,51-200,Manager,1,4,1.3,0,1,4.9,0
LEAD-05510,Cold outbound,Education,51-200,IC,4,8,8.1,1,0,0.9,0
LEAD-05511,Website form,Education,51-200,Director,4,7,2.3,0,0,5.0,1
LEAD-05512,Cold outbound,Manufacturing,11-50,IC,3,4,2.0,0,0,1.2,0
LEAD-05513,Webinar,SaaS,51-200,IC,2,3,6.9,0,0,3.5,0
LEAD-05514,Website form,Retail,1-10,Manager,1,3,1.7,1,0,9.4,0
LEAD-05515,Website form,Healthcare,11-50,IC,5,2,0.1,0,0,1.0,1
LEAD-05516,Content download,Healthcare,201-1000,IC,4,6,5.1,0,0,5.4,0
LEAD-05517,Cold outbound,Retail,1-10,Manager,5,5,0.3,1,0,3.3,0
LEAD-05518,Website form,SaaS,11-50,IC,2,6,1.2,0,0,3.0,1
LEAD-05519,Webinar,Education,1-10,IC,3,1,8.5,0,0,4.6,0
LEAD-05520,Cold outbound,Education,201-1000,IC,3,2,0.6,1,0,6.5,0
LEAD-05521,Cold outbound,Manufacturing,1-10,Manager,1,4,0.4,0,0,0.6,0
LEAD-05522,Paid ad,Education,11-50,VP/C-level,1,4,0.8,0,0,2.5,0
LEAD-05523,Website form,Healthcare,11-50,IC,2,7,0.3,0,0,6.3,0
LEAD-05524,Content download,Retail,1-10,IC,4,1,1.6,0,0,0.5,0
LEAD-05525,Referral,SaaS,51-200,Director,2,2,2.5,0,1,9.3,1
LEAD-05526,Website form,Retail,1-10,Manager,6,2,1.0,0,0,1.5,0
LEAD-05527,Referral,Healthcare,1-10,Manager,3,4,4.9,0,0,3.5,0
LEAD-05528,Webinar,Healthcare,11-50,IC,3,6,3.3,0,0,1.6,0
LEAD-05529,Referral,Education,11-50,IC,3,7,0.8,0,0,2.3,1
LEAD-05530,Webinar,Manufacturing,51-200,Director,5,4,0.8,0,0,2.0,0
LEAD-05531,Cold outbound,Retail,51-200,Manager,1,5,1.4,0,1,7.6,0
LEAD-05532,Content download,Manufacturing,51-200,Director,2,4,2.8,1,0,1.9,1
LEAD-05533,Referral,Retail,11-50,IC,3,5,0.8,0,0,3.7,0
LEAD-05534,Referral,Manufacturing,1-10,IC,2,3,4.5,0,0,7.1,0
LEAD-05535,Cold outbound,Finance,51-200,IC,4,4,3.2,0,0,2.1,0
LEAD-05536,Cold outbound,Finance,201-1000,Manager,6,2,0.1,1,0,8.1,0
LEAD-05537,Website form,SaaS,1-10,VP/C-level,3,3,4.3,0,0,0.4,0
LEAD-05538,Webinar,Finance,1-10,VP/C-level,1,4,1.9,0,0,0.5,0
LEAD-05539,Website form,Manufacturing,201-1000,VP/C-level,1,2,8.1,0,0,0.3,0
LEAD-05540,Website form,Manufacturing,1-10,Director,3,3,1.4,1,0,0.6,0
LEAD-05541,Website form,SaaS,1-10,IC,4,3,1.2,0,0,7.2,0
LEAD-05542,Paid ad,SaaS,1-10,VP/C-level,3,2,7.4,1,0,3.6,0
LEAD-05543,Referral,SaaS,11-50,VP/C-level,4,4,1.6,0,0,0.9,0
LEAD-05544,Content download,Healthcare,11-50,Manager,4,4,3.8,0,0,0.7,1
LEAD-05545,Cold outbound,Healthcare,51-200,IC,3,5,1.7,0,0,1.4,0
LEAD-05546,Referral,SaaS,11-50,Director,4,4,4.3,0,0,3.6,0
LEAD-05547,Website form,Manufacturing,201-1000,Director,2,1,3.7,0,0,0.4,0
LEAD-05548,Webinar,Healthcare,1-10,Director,1,3,2.4,0,0,3.8,0
LEAD-05549,Website form,Education,1-10,Director,5,3,1.6,0,0,2.8,0
LEAD-05550,Cold outbound,SaaS,201-1000,VP/C-level,2,4,7.1,1,0,0.3,0
LEAD-05551,Paid ad,Education,11-50,Manager,0,3,4.0,1,0,2.6,0
LEAD-05552,Paid ad,Manufacturing,1000+,VP/C-level,7,5,2.4,0,0,10.9,0
LEAD-05553,Website form,Manufacturing,201-1000,Manager,4,4,4.8,1,0,1.3,1
LEAD-05554,Paid ad,Education,11-50,IC,3,2,5.5,0,0,1.2,0
LEAD-05555,Referral,Healthcare,1-10,IC,2,3,4.9,0,0,0.2,0
LEAD-05556,Referral,Finance,201-1000,Manager,3,2,4.9,0,1,0.5,0
LEAD-05557,Content download,Retail,51-200,Director,4,6,1.5,0,0,0.2,0
LEAD-05558,Paid ad,Education,11-50,IC,4,4,2.6,0,1,6.7,0
LEAD-05559,Content download,Healthcare,1-10,Director,3,5,0.1,1,0,4.5,1
LEAD-05560,Website form,Education,1-10,IC,2,5,1.1,0,0,0.4,0
LEAD-05561,Paid ad,Retail,11-50,IC,3,4,1.4,1,0,2.9,1
LEAD-05562,Referral,Manufacturing,51-200,Manager,2,1,0.9,0,1,3.7,0
LEAD-05563,Website form,SaaS,201-1000,IC,3,5,4.0,0,0,1.9,0
LEAD-05564,Website form,Manufacturing,11-50,Director,4,3,1.5,0,0,4.0,0
LEAD-05565,Website form,Retail,201-1000,IC,0,3,2.3,1,0,2.0,0
LEAD-05566,Website form,Education,201-1000,Manager,2,3,0.8,0,0,1.1,0
LEAD-05567,Cold outbound,SaaS,1-10,IC,0,8,2.3,0,0,0.5,0
LEAD-05568,Website form,Retail,201-1000,IC,2,6,2.2,0,0,5.3,0
LEAD-05569,Paid ad,Education,1-10,Director,4,5,2.7,0,0,0.9,0
LEAD-05570,Content download,Finance,1-10,IC,1,4,4.1,1,0,16.1,0
LEAD-05571,Website form,SaaS,11-50,Manager,4,5,9.0,0,1,7.7,0
LEAD-05572,Paid ad,Finance,201-1000,IC,1,3,1.7,0,0,1.0,0
LEAD-05573,Cold outbound,Finance,1000+,Director,4,2,4.2,0,0,5.5,0
LEAD-05574,Paid ad,Education,11-50,IC,5,1,1.1,0,0,0.3,0
LEAD-05575,Website form,Healthcare,11-50,Manager,4,4,4.7,1,0,2.2,0
LEAD-05576,Paid ad,Manufacturing,201-1000,Director,3,3,3.8,1,0,1.4,0
LEAD-05577,Website form,Manufacturing,11-50,Manager,3,10,1.0,0,0,0.3,0
LEAD-05578,Referral,SaaS,51-200,VP/C-level,2,1,2.0,0,1,2.0,1
LEAD-05579,Website form,Education,1-10,Director,2,5,4.3,1,0,0.5,0
LEAD-05580,Cold outbound,Manufacturing,1-10,Director,2,6,4.5,0,0,3.7,0
LEAD-05581,Cold outbound,Healthcare,1-10,Manager,3,5,4.7,0,0,1.6,0
LEAD-05582,Website form,Manufacturing,11-50,Director,1,3,2.9,0,0,0.9,1
LEAD-05583,Webinar,Finance,11-50,Director,1,3,2.6,0,0,0.8,0
LEAD-05584,Content download,Education,11-50,VP/C-level,4,7,1.2,1,0,0.1,1
LEAD-05585,Webinar,SaaS,11-50,Manager,1,4,1.8,1,0,0.2,0
LEAD-05586,Cold outbound,Finance,1-10,Manager,2,5,0.6,0,1,1.3,1
LEAD-05587,Website form,SaaS,51-200,Manager,2,4,0.7,0,0,2.0,0
LEAD-05588,Cold outbound,SaaS,11-50,Manager,4,4,4.2,0,1,3.3,0
LEAD-05589,Content download,Education,51-200,IC,4,3,6.6,0,0,0.8,1
LEAD-05590,Cold outbound,Healthcare,51-200,IC,0,0,5.2,0,0,6.1,0
LEAD-05591,Website form,Manufacturing,11-50,VP/C-level,8,5,1.5,0,1,2.9,0
LEAD-05592,Webinar,Retail,201-1000,IC,2,2,2.8,0,0,0.3,0
LEAD-05593,Webinar,Manufacturing,11-50,Manager,2,8,6.1,0,0,0.7,0
LEAD-05594,Cold outbound,Healthcare,1-10,IC,2,1,1.8,0,0,2.2,0
LEAD-05595,Referral,Manufacturing,201-1000,Manager,6,5,1.4,0,1,4.4,0
LEAD-05596,Content download,Finance,1-10,IC,4,8,1.0,0,0,0.2,0
LEAD-05597,Content download,Retail,11-50,Director,1,1,2.5,0,1,0.2,0
LEAD-05598,Website form,Retail,51-200,IC,7,7,0.7,0,1,7.6,1
LEAD-05599,Website form,Retail,1-10,Director,2,2,8.4,0,0,4.1,0
LEAD-05600,Website form,Education,1-10,IC,3,2,2.0,1,0,1.7,0
LEAD-05601,Content download,Finance,1-10,Director,4,2,0.9,0,0,4.9,0
LEAD-05602,Website form,Retail,201-1000,IC,1,4,1.6,1,1,2.3,1
LEAD-05603,Referral,Manufacturing,51-200,IC,2,3,5.4,0,0,2.7,0
LEAD-05604,Content download,Education,51-200,Director,2,6,4.1,0,0,1.0,1
LEAD-05605,Referral,Finance,11-50,Manager,2,5,0.7,0,0,5.4,0
LEAD-05606,Cold outbound,Finance,1-10,IC,4,4,0.9,0,0,1.1,0
LEAD-05607,Referral,Education,1-10,Manager,6,4,2.9,0,0,2.1,1
LEAD-05608,Cold outbound,Retail,11-50,VP/C-level,6,2,4.0,0,0,6.3,0
LEAD-05609,Website form,Finance,1-10,IC,2,3,5.8,0,0,2.6,1
LEAD-05610,Website form,Manufacturing,51-200,IC,1,7,0.6,1,0,2.7,0
LEAD-05611,Website form,Manufacturing,1000+,IC,3,3,2.6,1,0,2.1,0
LEAD-05612,Website form,Finance,11-50,IC,5,6,1.5,0,0,0.6,0
LEAD-05613,Referral,Healthcare,1-10,IC,2,3,2.1,0,0,1.1,0
LEAD-05614,Website form,Retail,51-200,Manager,9,4,5.3,1,0,2.4,1
LEAD-05615,Content download,Manufacturing,11-50,Manager,1,5,1.1,0,0,10.2,0
LEAD-05616,Paid ad,Education,1-10,IC,3,7,3.5,0,0,3.6,0
LEAD-05617,Website form,Retail,201-1000,Manager,3,4,2.1,0,0,0.1,0
LEAD-05618,Website form,SaaS,1-10,IC,4,5,4.2,0,0,2.1,0
LEAD-05619,Website form,SaaS,201-1000,Director,3,5,3.2,1,0,3.3,0
LEAD-05620,Website form,Healthcare,201-1000,IC,4,1,5.2,1,0,3.7,1
LEAD-05621,Website form,SaaS,51-200,Director,2,7,4.1,0,0,1.6,0
LEAD-05622,Cold outbound,Retail,1-10,Manager,5,2,0.5,1,0,2.6,1
LEAD-05623,Website form,Manufacturing,1000+,IC,7,4,5.0,0,0,0.5,1
LEAD-05624,Content download,Healthcare,51-200,Manager,3,9,1.7,1,0,1.4,1
LEAD-05625,Website form,Retail,11-50,IC,6,5,3.5,0,1,0.2,0
LEAD-05626,Website form,SaaS,51-200,IC,5,4,1.5,0,1,0.3,1
LEAD-05627,Webinar,Healthcare,51-200,IC,5,4,4.8,0,0,1.4,0
LEAD-05628,Content download,Finance,201-1000,IC,4,1,0.9,1,0,2.2,0
LEAD-05629,Content download,Healthcare,1-10,Director,3,2,4.2,0,0,4.2,0
LEAD-05630,Webinar,SaaS,11-50,IC,3,2,1.4,0,0,0.8,0
LEAD-05631,Website form,Retail,201-1000,IC,1,3,1.7,0,0,4.9,1
LEAD-05632,Webinar,SaaS,201-1000,IC,5,6,7.9,0,0,1.6,0
LEAD-05633,Content download,Manufacturing,1000+,Manager,3,1,2.7,0,1,2.0,0
LEAD-05634,Content download,Finance,201-1000,Manager,5,3,6.2,0,0,1.5,1
LEAD-05635,Website form,SaaS,11-50,IC,3,4,2.2,0,1,3.4,1
LEAD-05636,Cold outbound,Finance,11-50,Director,2,1,2.2,0,1,0.8,0
LEAD-05637,Cold outbound,Education,51-200,Manager,2,3,1.1,1,0,8.1,0
LEAD-05638,Cold outbound,Education,1-10,VP/C-level,1,6,7.2,0,0,5.5,0
LEAD-05639,Website form,Manufacturing,1000+,IC,1,8,3.3,0,0,7.6,0
LEAD-05640,Website form,Education,11-50,Manager,3,4,2.3,1,0,9.7,0
LEAD-05641,Content download,Healthcare,1-10,VP/C-level,3,6,1.3,0,0,3.1,0
LEAD-05642,Website form,Retail,11-50,IC,2,1,3.0,0,0,2.9,0
LEAD-05643,Cold outbound,Healthcare,51-200,IC,5,6,1.0,0,1,1.8,0
LEAD-05644,Cold outbound,Retail,11-50,Director,3,2,4.2,0,0,3.4,0
LEAD-05645,Website form,Healthcare,1-10,IC,4,3,1.5,0,0,5.3,0
LEAD-05646,Content download,Healthcare,11-50,IC,3,3,7.6,0,0,0.1,0
LEAD-05647,Webinar,Healthcare,1000+,Manager,1,1,0.9,0,0,1.7,0
LEAD-05648,Cold outbound,Finance,51-200,Manager,7,2,5.3,0,0,2.4,0
LEAD-05649,Website form,SaaS,1-10,Director,4,6,2.1,0,1,7.6,1
LEAD-05650,Content download,Healthcare,51-200,VP/C-level,2,2,7.3,0,0,0.5,0
LEAD-05651,Website form,Retail,51-200,IC,2,6,1.5,0,0,0.7,1
LEAD-05652,Content download,Healthcare,11-50,IC,5,5,1.1,1,0,5.3,0
LEAD-05653,Website form,Healthcare,11-50,Director,2,3,3.7,0,0,2.1,0
LEAD-05654,Cold outbound,SaaS,1-10,Manager,1,6,2.0,0,0,0.2,0
LEAD-05655,Webinar,Retail,1-10,Director,0,3,1.5,0,0,0.7,1
LEAD-05656,Webinar,Education,1-10,Manager,5,5,4.3,0,0,1.4,0
LEAD-05657,Content download,SaaS,1-10,Manager,2,4,1.6,0,0,10.2,0
LEAD-05658,Cold outbound,Retail,11-50,Manager,0,6,0.8,0,0,11.3,0
LEAD-05659,Referral,Education,51-200,IC,4,6,4.4,0,0,2.1,0
LEAD-05660,Referral,Healthcare,1-10,Director,2,8,0.9,0,1,6.2,1
LEAD-05661,Website form,Retail,11-50,Manager,2,5,1.5,0,0,6.0,0
LEAD-05662,Content download,Healthcare,11-50,IC,4,8,3.1,0,0,3.5,0
LEAD-05663,Website form,Finance,51-200,IC,1,4,3.1,0,0,8.1,0
LEAD-05664,Webinar,Retail,201-1000,Director,4,6,4.6,0,0,2.3,0
LEAD-05665,Website form,Retail,11-50,Manager,1,6,5.0,0,0,1.3,0
LEAD-05666,Website form,Retail,11-50,IC,2,4,3.6,0,0,0.8,1
LEAD-05667,Content download,Manufacturing,1-10,IC,2,4,9.5,1,1,4.7,0
LEAD-05668,Website form,Education,11-50,IC,5,2,3.3,1,0,8.2,0
LEAD-05669,Cold outbound,Finance,1-10,IC,3,4,4.7,0,0,5.5,0
LEAD-05670,Website form,Healthcare,1-10,Manager,2,3,3.1,0,0,2.6,0
LEAD-05671,Webinar,Education,51-200,Manager,5,4,6.3,0,0,4.0,0
LEAD-05672,Paid ad,Manufacturing,51-200,IC,3,4,1.9,0,0,3.4,0
LEAD-05673,Webinar,Retail,51-200,IC,3,7,4.6,0,0,0.8,0
LEAD-05674,Paid ad,SaaS,11-50,Manager,2,3,2.0,1,0,6.1,0
LEAD-05675,Website form,Education,201-1000,IC,4,3,1.3,0,0,0.2,0
LEAD-05676,Cold outbound,Finance,1-10,VP/C-level,4,2,1.4,0,0,7.0,0
LEAD-05677,Website form,SaaS,1-10,Manager,4,1,2.5,0,0,2.4,0
LEAD-05678,Website form,Retail,11-50,Manager,5,8,0.1,0,0,1.1,0
LEAD-05679,Website form,Finance,51-200,IC,5,3,0.2,0,0,6.2,0
LEAD-05680,Website form,Finance,11-50,IC,2,7,2.9,0,0,0.1,0
LEAD-05681,Paid ad,Education,11-50,IC,3,7,1.6,1,0,0.6,0
LEAD-05682,Content download,Retail,11-50,Manager,1,2,0.4,0,0,4.7,0
LEAD-05683,Referral,Retail,201-1000,Director,1,7,2.2,0,1,0.8,0
LEAD-05684,Cold outbound,Finance,1000+,IC,2,4,3.0,0,0,0.4,0
LEAD-05685,Referral,Retail,1-10,IC,3,1,0.7,0,0,1.6,0
LEAD-05686,Website form,Finance,51-200,Director,2,2,1.3,0,0,2.2,0
LEAD-05687,Website form,Healthcare,201-1000,IC,4,4,0.3,0,0,6.9,0
LEAD-05688,Website form,SaaS,1-10,Manager,6,4,2.4,1,0,1.5,0
LEAD-05689,Cold outbound,Retail,1-10,Manager,3,3,0.9,0,0,1.9,0
LEAD-05690,Website form,Retail,11-50,IC,5,3,0.6,0,0,1.6,0
LEAD-05691,Website form,Education,11-50,IC,0,1,2.4,0,0,0.5,0
LEAD-05692,Website form,Finance,51-200,Manager,1,4,1.1,0,0,1.6,0
LEAD-05693,Cold outbound,Education,201-1000,Director,5,2,3.9,0,0,2.5,0
LEAD-05694,Content download,Manufacturing,1-10,Manager,2,5,0.7,0,1,2.4,0
LEAD-05695,Cold outbound,Healthcare,1-10,Manager,1,3,1.0,1,0,2.7,1
LEAD-05696,Referral,Manufacturing,11-50,Manager,0,3,2.6,0,0,6.2,0
LEAD-05697,Website form,Manufacturing,51-200,IC,2,5,2.7,0,0,1.1,1
LEAD-05698,Webinar,SaaS,51-200,IC,2,8,4.1,1,0,7.5,0
LEAD-05699,Paid ad,Education,11-50,VP/C-level,0,2,0.9,1,0,1.3,0
LEAD-05700,Webinar,Healthcare,1-10,Director,0,1,9.0,0,1,2.7,1
LEAD-05701,Website form,Education,1-10,Manager,2,2,2.4,0,0,8.7,0
LEAD-05702,Content download,Retail,201-1000,IC,3,5,3.6,0,0,2.9,0
LEAD-05703,Cold outbound,SaaS,1-10,VP/C-level,2,3,1.2,0,0,1.3,1
LEAD-05704,Cold outbound,Education,1-10,Director,1,3,2.2,0,0,0.8,0
LEAD-05705,Referral,Finance,51-200,IC,1,3,0.3,0,1,0.9,0
LEAD-05706,Referral,SaaS,51-200,IC,5,8,1.6,0,0,0.2,1
LEAD-05707,Webinar,Finance,201-1000,IC,4,7,1.8,0,0,2.2,0
LEAD-05708,Website form,SaaS,11-50,IC,3,4,1.5,1,0,3.2,1
LEAD-05709,Website form,Finance,11-50,Manager,2,1,1.3,0,0,3.6,0
LEAD-05710,Website form,SaaS,1-10,Manager,2,2,0.5,0,0,1.1,0
LEAD-05711,Website form,Healthcare,1-10,IC,5,4,1.6,0,0,4.6,0
LEAD-05712,Webinar,SaaS,1-10,VP/C-level,6,4,0.7,1,0,1.6,1
LEAD-05713,Cold outbound,Retail,11-50,Manager,3,0,3.4,0,0,2.7,0
LEAD-05714,Website form,Retail,11-50,Director,2,4,4.5,0,0,6.0,0
LEAD-05715,Cold outbound,Healthcare,1-10,VP/C-level,4,3,1.9,0,0,6.3,0
LEAD-05716,Website form,SaaS,51-200,Manager,3,3,1.7,0,0,11.1,1
LEAD-05717,Cold outbound,Retail,1-10,VP/C-level,4,2,2.4,0,0,2.2,0
LEAD-05718,Website form,Healthcare,11-50,IC,3,5,0.3,1,0,0.8,0
LEAD-05719,Content download,Healthcare,1-10,Manager,6,3,4.5,0,0,1.1,0
LEAD-05720,Referral,Manufacturing,11-50,IC,2,3,1.9,0,0,4.9,0
LEAD-05721,Content download,Finance,11-50,VP/C-level,2,7,2.8,0,0,4.7,0
LEAD-05722,Paid ad,Finance,1-10,Director,7,4,1.5,1,0,3.4,0
LEAD-05723,Referral,Manufacturing,51-200,IC,1,9,1.4,0,1,3.8,0
LEAD-05724,Cold outbound,Retail,51-200,Director,1,4,1.6,0,0,2.4,0
LEAD-05725,Content download,SaaS,51-200,Manager,1,5,4.5,0,1,2.2,0
LEAD-05726,Website form,Finance,51-200,Director,5,6,0.7,0,0,0.6,1
LEAD-05727,Website form,Finance,51-200,IC,3,4,3.0,0,0,0.2,0
LEAD-05728,Content download,SaaS,51-200,Manager,3,7,1.9,0,0,0.1,0
LEAD-05729,Website form,Healthcare,51-200,IC,4,2,1.5,0,0,2.7,0
LEAD-05730,Cold outbound,Manufacturing,11-50,IC,3,3,2.1,1,0,4.8,0
LEAD-05731,Cold outbound,SaaS,11-50,Manager,0,5,1.2,0,0,1.4,0
LEAD-05732,Content download,Education,201-1000,Manager,3,2,4.8,0,0,10.0,0
LEAD-05733,Content download,SaaS,51-200,VP/C-level,3,6,3.1,0,0,1.0,0
LEAD-05734,Website form,SaaS,1-10,IC,2,0,3.2,0,0,2.7,1
LEAD-05735,Cold outbound,SaaS,1000+,Manager,3,3,3.7,0,0,0.2,0
LEAD-05736,Website form,Retail,1-10,IC,2,1,3.2,0,0,7.7,0
LEAD-05737,Cold outbound,Finance,11-50,IC,2,5,3.5,1,0,7.5,0
LEAD-05738,Website form,Education,11-50,VP/C-level,2,10,2.4,0,0,2.5,0
LEAD-05739,Website form,Education,201-1000,IC,4,3,2.9,0,0,5.9,1
LEAD-05740,Cold outbound,Healthcare,51-200,Manager,5,7,5.6,1,0,2.9,1
LEAD-05741,Paid ad,Manufacturing,11-50,Manager,3,5,0.8,0,0,2.8,0
LEAD-05742,Website form,SaaS,11-50,Manager,2,5,1.7,0,0,0.9,0
LEAD-05743,Website form,Education,1-10,IC,2,2,2.7,1,0,14.1,1
LEAD-05744,Cold outbound,Education,1-10,Manager,3,2,2.6,1,0,0.6,0
LEAD-05745,Webinar,Manufacturing,1-10,Manager,2,2,0.3,0,0,0.6,0
LEAD-05746,Content download,SaaS,11-50,IC,4,6,6.2,0,0,8.6,1
LEAD-05747,Website form,Manufacturing,51-200,Director,3,3,2.1,0,0,3.7,0
LEAD-05748,Website form,Education,11-50,Director,1,3,1.2,0,0,2.5,0
LEAD-05749,Paid ad,Manufacturing,11-50,IC,1,5,0.1,0,0,6.5,0
LEAD-05750,Content download,Healthcare,51-200,Manager,6,8,7.4,1,0,4.9,1
LEAD-05751,Paid ad,Finance,1000+,IC,8,3,1.0,0,0,1.6,0
LEAD-05752,Webinar,SaaS,201-1000,VP/C-level,0,2,3.3,0,0,5.7,0
LEAD-05753,Website form,Finance,201-1000,IC,2,7,1.9,1,0,3.0,1
LEAD-05754,Cold outbound,Finance,11-50,Director,2,3,0.9,0,0,0.7,1
LEAD-05755,Cold outbound,Healthcare,1-10,Manager,2,3,5.6,0,0,0.1,0
LEAD-05756,Cold outbound,Finance,1000+,IC,0,7,3.8,1,0,0.2,0
LEAD-05757,Webinar,Manufacturing,1-10,Manager,4,4,1.1,0,0,9.6,0
LEAD-05758,Referral,Education,1-10,IC,2,11,0.8,0,0,1.8,0
LEAD-05759,Content download,Healthcare,11-50,VP/C-level,6,6,1.2,1,0,4.7,1
LEAD-05760,Referral,Retail,1-10,IC,2,3,2.4,0,1,3.3,0
LEAD-05761,Referral,Manufacturing,201-1000,Manager,3,4,1.9,1,0,1.7,1
LEAD-05762,Website form,Finance,1000+,IC,3,5,2.3,0,0,3.4,0
LEAD-05763,Cold outbound,Healthcare,201-1000,Manager,2,3,0.9,0,1,2.3,1
LEAD-05764,Website form,Finance,11-50,Director,4,1,3.0,1,0,1.7,1
LEAD-05765,Cold outbound,Manufacturing,51-200,IC,3,2,2.1,0,0,2.8,0
LEAD-05766,Cold outbound,Education,1-10,Director,6,7,0.2,0,0,4.0,0
LEAD-05767,Content download,Healthcare,1-10,IC,5,5,1.2,0,0,0.0,0
LEAD-05768,Cold outbound,Manufacturing,201-1000,IC,8,5,2.3,0,0,2.4,0
LEAD-05769,Referral,Education,1-10,Director,2,8,0.8,0,0,1.0,0
LEAD-05770,Paid ad,Manufacturing,1-10,IC,1,7,1.1,0,0,1.1,0
LEAD-05771,Cold outbound,Healthcare,1-10,IC,1,3,3.0,1,1,1.5,0
LEAD-05772,Website form,Retail,201-1000,Director,4,4,3.5,0,0,0.5,0
LEAD-05773,Content download,Education,1-10,IC,0,6,3.4,1,0,8.7,0
LEAD-05774,Referral,Education,11-50,IC,5,4,6.0,0,0,7.0,0
LEAD-05775,Cold outbound,Healthcare,11-50,VP/C-level,3,9,4.2,0,0,0.8,0
LEAD-05776,Content download,SaaS,11-50,Director,4,3,1.0,1,0,1.9,1
LEAD-05777,Content download,Manufacturing,201-1000,IC,3,3,3.1,0,0,0.6,0
LEAD-05778,Paid ad,Education,201-1000,Manager,2,2,3.3,0,0,3.2,0
LEAD-05779,Webinar,Finance,201-1000,Manager,3,5,3.2,0,0,0.1,0
LEAD-05780,Paid ad,Manufacturing,11-50,Manager,2,3,3.3,0,0,0.1,1
LEAD-05781,Website form,Finance,201-1000,Manager,1,7,3.9,0,1,1.4,0
LEAD-05782,Paid ad,Retail,51-200,Manager,5,3,2.0,1,0,4.6,0
LEAD-05783,Webinar,Retail,201-1000,Manager,1,6,1.5,0,0,0.0,0
LEAD-05784,Website form,Retail,11-50,IC,3,4,1.4,0,0,1.3,0
LEAD-05785,Cold outbound,SaaS,1-10,IC,0,3,3.4,0,1,2.3,1
LEAD-05786,Website form,SaaS,201-1000,Manager,3,2,4.4,0,0,6.3,0
LEAD-05787,Paid ad,Education,1-10,IC,2,3,1.7,0,0,5.8,0
LEAD-05788,Website form,Finance,201-1000,Director,3,5,0.7,1,0,2.1,0
LEAD-05789,Cold outbound,Manufacturing,51-200,Manager,6,4,1.6,0,0,1.6,0
LEAD-05790,Cold outbound,Retail,11-50,IC,3,3,1.7,0,1,2.0,0
LEAD-05791,Cold outbound,Healthcare,1-10,Manager,4,3,1.2,1,0,5.4,0
LEAD-05792,Webinar,Retail,1-10,Director,5,6,0.4,0,0,5.3,0
LEAD-05793,Webinar,Healthcare,201-1000,Manager,3,5,1.0,0,0,2.0,1
LEAD-05794,Webinar,Retail,1-10,Manager,4,4,2.3,0,0,1.6,0
LEAD-05795,Webinar,Healthcare,11-50,Manager,2,6,4.3,0,1,1.8,1
LEAD-05796,Website form,Retail,51-200,Manager,2,5,1.7,0,0,2.5,0
LEAD-05797,Website form,Education,11-50,IC,5,7,3.2,0,0,3.0,0
LEAD-05798,Webinar,Healthcare,51-200,Manager,5,5,4.9,0,0,6.3,0
LEAD-05799,Content download,SaaS,1-10,IC,0,5,1.6,0,0,1.5,0
LEAD-05800,Website form,Education,1-10,Manager,1,3,1.5,0,0,1.0,0
LEAD-05801,Website form,Retail,11-50,IC,2,3,2.0,1,0,2.0,0
LEAD-05802,Cold outbound,Education,1-10,Director,3,3,2.1,0,1,3.8,0
LEAD-05803,Content download,Manufacturing,1000+,IC,5,5,2.5,0,0,3.5,0
LEAD-05804,Referral,Education,51-200,IC,2,4,2.1,0,0,4.2,1
LEAD-05805,Content download,Manufacturing,1-10,Director,1,3,1.4,0,0,3.0,1
LEAD-05806,Website form,Retail,1-10,VP/C-level,5,8,1.4,0,0,2.7,1
LEAD-05807,Cold outbound,Manufacturing,51-200,Director,5,1,2.5,1,0,0.4,0
LEAD-05808,Cold outbound,SaaS,11-50,Manager,4,3,0.7,1,0,2.9,0
LEAD-05809,Website form,Healthcare,51-200,IC,3,6,0.9,0,0,0.6,0
LEAD-05810,Cold outbound,SaaS,201-1000,IC,2,5,0.7,0,1,0.4,0
LEAD-05811,Cold outbound,SaaS,1-10,IC,3,6,1.4,0,0,1.9,0
LEAD-05812,Website form,Healthcare,11-50,IC,5,4,2.0,0,0,2.1,0
LEAD-05813,Website form,Healthcare,51-200,IC,5,4,2.0,1,1,0.5,1
LEAD-05814,Cold outbound,Healthcare,51-200,IC,3,8,3.1,1,0,8.6,0
LEAD-05815,Webinar,Retail,1-10,IC,1,5,0.8,0,0,3.2,0
LEAD-05816,Content download,Healthcare,1-10,Director,4,6,1.6,0,0,3.2,0
LEAD-05817,Website form,Healthcare,1-10,Director,6,3,2.6,0,0,1.8,0
LEAD-05818,Webinar,SaaS,51-200,VP/C-level,4,3,1.0,1,0,0.5,1
LEAD-05819,Website form,Finance,51-200,IC,3,2,0.3,1,0,0.1,0
LEAD-05820,Website form,Retail,1-10,IC,4,4,0.7,0,0,1.7,0
LEAD-05821,Cold outbound,Retail,1000+,Manager,3,7,0.6,0,0,6.5,0
LEAD-05822,Referral,Finance,51-200,Manager,4,1,3.4,0,0,3.1,1
LEAD-05823,Website form,Healthcare,1-10,Manager,2,5,5.9,0,0,1.3,0
LEAD-05824,Website form,Education,51-200,IC,3,5,0.9,0,0,2.4,0
LEAD-05825,Website form,SaaS,201-1000,IC,6,7,0.4,0,0,10.1,0
LEAD-05826,Content download,Retail,11-50,Director,3,5,0.8,1,1,0.1,0
LEAD-05827,Website form,Education,1-10,Manager,0,5,1.2,0,0,0.3,0
LEAD-05828,Website form,Retail,1-10,IC,5,3,4.4,0,0,6.8,0
LEAD-05829,Website form,Education,51-200,Manager,4,1,2.0,1,0,0.2,1
LEAD-05830,Cold outbound,Finance,11-50,Manager,3,1,2.1,1,0,1.8,1
LEAD-05831,Website form,Finance,11-50,Director,3,4,6.0,1,1,0.2,1
LEAD-05832,Webinar,Healthcare,201-1000,Manager,3,5,0.3,0,0,2.3,0
LEAD-05833,Cold outbound,Healthcare,11-50,VP/C-level,8,6,4.6,1,0,1.5,1
LEAD-05834,Paid ad,Manufacturing,1-10,Manager,2,4,2.5,0,0,2.7,0
LEAD-05835,Content download,Retail,1-10,IC,5,5,3.4,0,0,0.7,0
LEAD-05836,Referral,SaaS,51-200,Manager,3,4,3.7,0,1,0.0,1
LEAD-05837,Website form,Manufacturing,51-200,Director,6,3,2.4,1,1,13.3,1
LEAD-05838,Website form,Healthcare,1000+,Manager,2,5,0.5,0,0,0.2,0
LEAD-05839,Referral,SaaS,51-200,IC,2,3,1.9,0,0,2.0,0
LEAD-05840,Paid ad,Finance,11-50,IC,3,5,0.5,1,0,1.3,0
LEAD-05841,Website form,Manufacturing,11-50,Manager,3,8,2.6,0,0,1.0,0
LEAD-05842,Cold outbound,Manufacturing,11-50,Manager,2,2,8.5,0,0,2.1,0
LEAD-05843,Website form,Education,51-200,IC,3,4,2.3,0,0,0.3,0
LEAD-05844,Paid ad,Healthcare,11-50,IC,4,5,2.2,0,0,4.9,0
LEAD-05845,Website form,SaaS,11-50,IC,4,6,1.3,0,0,2.6,0
LEAD-05846,Content download,SaaS,1000+,IC,4,4,8.6,0,0,2.7,0
LEAD-05847,Webinar,Manufacturing,11-50,Director,2,3,1.3,1,0,3.8,0
LEAD-05848,Paid ad,Education,11-50,IC,3,5,6.0,0,0,2.2,0
LEAD-05849,Webinar,Finance,51-200,VP/C-level,2,6,2.5,0,0,1.2,1
LEAD-05850,Content download,Manufacturing,51-200,VP/C-level,3,5,3.2,1,0,4.6,0
LEAD-05851,Paid ad,Education,201-1000,Director,3,5,1.0,0,0,1.2,0
LEAD-05852,Website form,SaaS,1-10,IC,4,5,1.8,0,1,1.3,0
LEAD-05853,Webinar,Education,201-1000,IC,3,5,1.7,0,1,1.7,0
LEAD-05854,Webinar,Retail,1-10,Director,3,2,1.6,0,0,0.4,0
LEAD-05855,Referral,Retail,11-50,Director,5,5,1.4,0,0,0.6,1
LEAD-05856,Website form,Retail,11-50,Manager,4,1,2.5,1,1,6.6,0
LEAD-05857,Website form,Education,51-200,VP/C-level,4,7,1.8,1,0,2.4,1
LEAD-05858,Content download,Healthcare,1-10,Manager,3,5,1.0,0,0,14.5,0
LEAD-05859,Website form,Retail,51-200,Manager,2,6,0.5,0,0,1.4,0
LEAD-05860,Referral,Finance,11-50,Manager,2,7,7.2,1,0,2.2,0
LEAD-05861,Webinar,SaaS,51-200,Manager,3,5,2.2,1,0,0.6,0
LEAD-05862,Webinar,Healthcare,1-10,Manager,0,4,2.3,0,0,4.2,0
LEAD-05863,Website form,Education,1-10,Manager,5,2,1.5,0,1,2.7,0
LEAD-05864,Webinar,SaaS,201-1000,IC,2,8,3.2,0,1,3.5,0
LEAD-05865,Website form,Finance,51-200,Manager,3,6,1.4,1,1,4.1,1
LEAD-05866,Content download,Finance,11-50,IC,2,3,0.8,0,0,1.3,0
LEAD-05867,Cold outbound,Healthcare,1-10,Director,2,4,2.5,0,0,0.3,0
LEAD-05868,Referral,Healthcare,201-1000,IC,4,1,0.8,1,0,0.0,0
LEAD-05869,Cold outbound,Finance,1-10,Director,1,6,2.6,1,0,0.5,0
LEAD-05870,Webinar,SaaS,51-200,IC,7,4,3.5,0,0,2.3,0
LEAD-05871,Webinar,Manufacturing,51-200,IC,6,2,0.1,0,0,0.2,0
LEAD-05872,Cold outbound,Education,1-10,Manager,4,3,1.5,0,0,3.6,0
LEAD-05873,Cold outbound,SaaS,51-200,IC,3,3,1.0,0,0,0.7,0
LEAD-05874,Referral,Finance,51-200,IC,4,6,2.1,0,0,0.5,0
LEAD-05875,Paid ad,SaaS,1-10,VP/C-level,1,3,0.5,0,0,3.4,0
LEAD-05876,Paid ad,SaaS,51-200,Manager,0,5,0.9,0,0,0.2,0
LEAD-05877,Content download,Manufacturing,51-200,Director,3,6,6.8,0,0,4.6,1
LEAD-05878,Cold outbound,Healthcare,1-10,IC,1,8,4.6,0,0,2.9,0
LEAD-05879,Cold outbound,Education,11-50,Manager,5,4,8.4,1,0,1.6,0
LEAD-05880,Website form,Manufacturing,11-50,Manager,1,3,0.9,0,1,7.7,0
LEAD-05881,Website form,SaaS,1-10,VP/C-level,4,6,3.2,0,0,0.5,1
LEAD-05882,Content download,SaaS,11-50,Director,1,2,2.0,0,0,3.3,0
LEAD-05883,Website form,SaaS,11-50,IC,3,2,0.4,0,1,1.9,0
LEAD-05884,Referral,Retail,1-10,Manager,4,4,4.5,0,0,0.3,0
LEAD-05885,Content download,Healthcare,51-200,Manager,3,2,2.8,1,1,9.1,0
LEAD-05886,Cold outbound,Education,1-10,IC,2,2,0.0,0,0,2.0,0
LEAD-05887,Cold outbound,Finance,1-10,IC,2,3,3.3,0,0,4.8,0
LEAD-05888,Website form,Manufacturing,51-200,Manager,3,5,1.9,0,0,3.2,1
LEAD-05889,Cold outbound,Education,1-10,Manager,3,3,1.6,0,1,8.5,0
LEAD-05890,Content download,SaaS,11-50,IC,3,5,1.5,0,0,0.0,0
LEAD-05891,Referral,Finance,51-200,Manager,4,3,4.9,0,0,1.2,0
LEAD-05892,Website form,Education,201-1000,Director,2,1,1.2,0,1,2.2,1
LEAD-05893,Paid ad,Education,1-10,Director,5,4,1.0,0,1,2.8,0
LEAD-05894,Website form,Retail,201-1000,Manager,1,5,4.0,1,0,0.1,1
LEAD-05895,Cold outbound,Retail,1-10,Manager,3,1,2.6,0,1,3.3,0
LEAD-05896,Cold outbound,Healthcare,11-50,Manager,5,9,1.6,0,0,2.7,1
LEAD-05897,Content download,Finance,1-10,Manager,3,3,2.5,0,1,1.3,0
LEAD-05898,Cold outbound,SaaS,1-10,IC,5,2,1.3,0,0,3.0,0
LEAD-05899,Cold outbound,Finance,201-1000,IC,3,7,3.0,0,1,0.0,0
LEAD-05900,Website form,Finance,1-10,IC,2,5,0.9,0,0,3.5,0
LEAD-05901,Website form,Healthcare,11-50,VP/C-level,0,6,4.2,1,0,1.9,1
LEAD-05902,Content download,Education,11-50,IC,3,6,1.3,1,0,7.2,1
LEAD-05903,Content download,SaaS,201-1000,Director,5,5,1.8,0,1,2.4,0
LEAD-05904,Cold outbound,Retail,11-50,IC,3,4,3.1,0,0,4.2,0
LEAD-05905,Website form,Finance,51-200,IC,5,3,1.6,1,0,4.7,1
LEAD-05906,Cold outbound,Finance,11-50,Manager,2,3,2.5,1,0,6.6,0
LEAD-05907,Cold outbound,Education,1-10,VP/C-level,2,10,2.4,0,1,2.8,1
LEAD-05908,Cold outbound,Education,11-50,Manager,2,2,1.0,0,1,0.2,0
LEAD-05909,Referral,SaaS,1-10,IC,4,6,3.4,0,0,2.4,0
LEAD-05910,Website form,Manufacturing,11-50,Manager,1,4,2.9,0,0,0.6,0
LEAD-05911,Content download,Manufacturing,201-1000,Director,6,4,0.9,0,0,6.6,1
LEAD-05912,Cold outbound,Manufacturing,1-10,Manager,3,4,1.2,1,0,0.2,0
LEAD-05913,Referral,Retail,1-10,IC,0,2,3.7,1,0,2.0,0
LEAD-05914,Website form,SaaS,1000+,IC,5,6,0.7,0,0,0.8,0
LEAD-05915,Webinar,Education,51-200,Manager,0,8,0.4,0,0,0.3,0
LEAD-05916,Webinar,Healthcare,1-10,IC,3,3,1.0,1,1,0.9,1
LEAD-05917,Webinar,SaaS,11-50,Manager,2,3,5.6,0,0,1.2,0
LEAD-05918,Cold outbound,Finance,51-200,Manager,0,3,2.6,0,0,5.3,0
LEAD-05919,Website form,SaaS,51-200,IC,3,3,3.3,0,0,0.5,0
LEAD-05920,Content download,Manufacturing,1000+,IC,1,2,3.1,0,1,2.6,0
LEAD-05921,Webinar,Manufacturing,11-50,IC,1,8,1.6,0,0,1.8,0
LEAD-05922,Website form,Retail,51-200,IC,3,2,0.5,0,0,2.2,0
LEAD-05923,Webinar,Healthcare,1-10,Manager,5,6,2.3,0,0,2.2,0
LEAD-05924,Website form,Education,11-50,Manager,2,3,2.3,1,1,10.1,0
LEAD-05925,Webinar,Education,51-200,IC,2,3,0.5,1,0,3.1,0
LEAD-05926,Paid ad,Manufacturing,201-1000,Manager,1,4,1.7,0,0,1.5,0
LEAD-05927,Referral,Retail,51-200,IC,0,6,8.4,0,0,2.3,0
LEAD-05928,Paid ad,Healthcare,11-50,IC,2,0,1.7,1,0,1.6,0
LEAD-05929,Website form,Manufacturing,201-1000,IC,2,2,1.4,0,0,0.9,0
LEAD-05930,Cold outbound,Finance,11-50,IC,2,7,0.6,0,0,2.1,0
LEAD-05931,Content download,SaaS,1-10,Manager,5,4,2.3,1,0,4.7,0
LEAD-05932,Cold outbound,SaaS,1-10,IC,1,5,4.8,1,0,4.1,0
LEAD-05933,Content download,SaaS,1-10,IC,2,4,4.9,0,0,1.3,0
LEAD-05934,Website form,Education,11-50,Manager,1,3,2.2,0,0,9.8,0
LEAD-05935,Website form,Education,11-50,Manager,1,3,3.4,0,1,4.8,1
LEAD-05936,Webinar,Education,201-1000,Manager,2,3,3.1,0,0,4.6,0
LEAD-05937,Referral,SaaS,1-10,VP/C-level,1,3,2.9,0,1,2.1,1
LEAD-05938,Website form,Healthcare,1-10,IC,6,5,1.0,0,0,8.0,0
LEAD-05939,Cold outbound,Education,1000+,Manager,4,5,0.1,0,0,1.6,0
LEAD-05940,Cold outbound,Education,51-200,Manager,1,4,1.1,0,0,2.1,0
LEAD-05941,Referral,Healthcare,1000+,IC,2,5,1.1,0,1,3.0,0
LEAD-05942,Webinar,Manufacturing,1000+,Manager,1,3,0.3,0,0,3.1,0
LEAD-05943,Content download,SaaS,201-1000,IC,5,7,3.3,0,0,1.4,0
LEAD-05944,Cold outbound,Education,1-10,Manager,5,4,1.7,0,1,0.5,0
LEAD-05945,Website form,Manufacturing,51-200,Manager,4,0,2.4,0,0,0.8,0
LEAD-05946,Cold outbound,Retail,201-1000,Manager,4,2,5.9,0,0,4.1,0
LEAD-05947,Website form,Retail,11-50,IC,1,2,1.3,0,0,0.7,0
LEAD-05948,Content download,Finance,1-10,Manager,3,5,2.1,0,1,5.3,0
LEAD-05949,Website form,Retail,1-10,Director,5,5,1.0,0,0,2.2,1
LEAD-05950,Paid ad,Retail,201-1000,Manager,2,5,1.1,0,0,5.8,0
LEAD-05951,Website form,Retail,1-10,Director,0,1,2.7,1,0,16.1,0
LEAD-05952,Referral,Healthcare,1-10,Manager,0,3,0.7,0,0,0.0,0
LEAD-05953,Website form,Finance,1-10,IC,2,7,1.8,0,0,0.0,0
LEAD-05954,Cold outbound,Manufacturing,51-200,Manager,1,2,2.3,0,0,0.5,0
LEAD-05955,Website form,Finance,11-50,IC,0,2,0.4,0,1,4.3,0
LEAD-05956,Website form,Education,1-10,IC,3,3,2.3,0,0,0.0,0
LEAD-05957,Website form,Finance,51-200,IC,3,1,5.3,0,0,2.0,0
LEAD-05958,Cold outbound,Manufacturing,51-200,Manager,2,6,5.1,0,1,2.5,0
LEAD-05959,Referral,Retail,11-50,Manager,1,2,0.4,0,0,7.5,0
LEAD-05960,Paid ad,Finance,11-50,IC,3,3,1.6,0,0,0.8,0
LEAD-05961,Website form,SaaS,1-10,Manager,1,3,4.6,1,1,0.1,0
LEAD-05962,Website form,Finance,11-50,Manager,4,2,2.0,0,0,0.4,0
LEAD-05963,Referral,Education,1000+,Manager,6,3,4.2,0,0,8.1,0
LEAD-05964,Referral,Retail,11-50,IC,3,6,3.0,0,0,0.5,1
LEAD-05965,Website form,Manufacturing,1-10,Manager,3,6,2.8,0,0,0.7,0
LEAD-05966,Cold outbound,SaaS,11-50,IC,5,4,0.8,0,0,3.6,0
LEAD-05967,Paid ad,Finance,51-200,IC,4,1,2.7,0,0,7.0,0
LEAD-05968,Paid ad,Manufacturing,11-50,Manager,2,3,4.0,0,0,1.6,0
LEAD-05969,Website form,Healthcare,1-10,IC,4,6,2.6,0,0,4.7,0
LEAD-05970,Content download,Finance,11-50,Manager,1,5,2.4,1,0,5.7,0
LEAD-05971,Cold outbound,Finance,51-200,IC,2,5,1.6,1,0,5.6,1
LEAD-05972,Cold outbound,Healthcare,1000+,IC,2,3,0.9,1,0,0.0,1
LEAD-05973,Cold outbound,Education,1000+,IC,1,4,5.8,0,0,2.4,0
LEAD-05974,Webinar,Manufacturing,1-10,VP/C-level,3,5,3.2,0,1,1.4,0
LEAD-05975,Website form,Healthcare,1000+,Manager,1,6,2.2,0,0,1.5,1
LEAD-05976,Paid ad,Finance,1-10,Manager,2,4,2.7,0,0,8.7,0
LEAD-05977,Paid ad,Manufacturing,1000+,IC,3,3,0.8,0,0,3.2,0
LEAD-05978,Content download,Education,1-10,Director,2,3,1.0,0,0,0.4,1
LEAD-05979,Webinar,Finance,1-10,IC,5,7,2.4,0,0,9.2,0
LEAD-05980,Content download,Finance,1-10,Manager,0,0,0.2,1,0,0.4,0
LEAD-05981,Website form,Healthcare,11-50,Manager,1,3,4.6,0,0,13.5,0
LEAD-05982,Referral,Education,1-10,Manager,1,3,5.6,1,0,0.4,0
LEAD-05983,Webinar,Education,1-10,Manager,4,3,1.9,1,0,1.9,0
LEAD-05984,Cold outbound,Manufacturing,11-50,Manager,2,7,0.5,0,0,7.2,0
LEAD-05985,Website form,Retail,51-200,Manager,4,4,6.6,1,0,3.8,1
LEAD-05986,Website form,Education,51-200,VP/C-level,3,2,3.5,0,0,0.7,1
LEAD-05987,Webinar,Retail,1-10,Manager,3,3,1.1,1,0,2.1,1
LEAD-05988,Cold outbound,SaaS,1-10,VP/C-level,4,5,4.8,0,0,2.0,0
LEAD-05989,Content download,Healthcare,51-200,Manager,1,3,0.9,0,1,3.5,0
LEAD-05990,Website form,SaaS,1-10,Director,3,2,1.3,0,0,6.7,0
LEAD-05991,Content download,Retail,201-1000,Manager,0,4,3.3,0,0,3.2,0
LEAD-05992,Website form,Manufacturing,11-50,Manager,3,2,2.6,0,0,0.0,0
LEAD-05993,Content download,Manufacturing,1000+,Director,1,5,1.6,0,0,3.0,0
LEAD-05994,Content download,Retail,11-50,IC,3,2,2.6,0,0,1.4,0
LEAD-05995,Website form,Healthcare,51-200,Director,2,4,0.8,0,0,1.9,0
LEAD-05996,Referral,Manufacturing,11-50,IC,3,3,12.3,0,0,0.1,1
LEAD-05997,Content download,Manufacturing,51-200,Manager,3,4,5.9,0,1,1.1,0
LEAD-05998,Cold outbound,Retail,1-10,IC,1,2,3.4,0,1,5.3,0
LEAD-05999,Website form,SaaS,1-10,Director,3,2,3.6,0,0,2.4,0
LEAD-06000,Referral,Finance,201-1000,IC,4,6,1.3,0,1,0.7,1
